State,DivisionID,Electorate,ModelCategory,CandidateCount,PrimaryVotes,FinishPosition,CategoryExitCount,LastSurvivingCandidateID,LastSurvivingCandidate,LastSurvivingSubtype,LastSurvivingIdeologyFamily,InternalCandidateExclusions,PrimaryShare
ACT,318,Bean,ALP,1,42158,1,,40676,David Smith,ALP,,0,0.41049659201557936
ACT,318,Bean,IND,1,27120,2,,41682,Jessie Price,IND_PROMINENT,LEFT,0,0.26407010710808176
ACT,318,Bean,LNP,1,23665,3,2,41076,David Lamerton,LIB,,0,0.2304284323271665
ACT,318,Bean,GRN,1,9757,4,1,41436,Sam Carter,GRN,,0,0.09500486854917235
ACT,101,Canberra,ALP,1,45133,1,,40677,Alicia Payne,ALP,,0,0.4831968310047642
ACT,101,Canberra,GRN,1,18504,2,,41390,Isabel Mudford,GRN,,0,0.19810502649751083
ACT,101,Canberra,LNP,1,17101,3,4,41077,Will Roche,LIB,,0,0.18308441732241315
ACT,101,Canberra,IND,1,10187,4,3,41696,Claire Miles,IND_PROMINENT,LEFT,0,0.10906268401049195
ACT,101,Canberra,OTH,2,2480,5,2,41706,Teresa Mctaggart,OTH_AJP,CENTRE_LEFT,1,0.02655104116481987
ACT,102,Fenner,ALP,1,50819,1,,40678,Andrew Leigh,ALP,,0,0.5379949184840144
ACT,102,Fenner,LNP,1,20723,2,,41079,Bola Olatunbosun,LIB,,0,0.2193838661867457
ACT,102,Fenner,GRN,1,15492,3,2,41398,Dani Hunterford,GRN,,0,0.16400592843531653
ACT,102,Fenner,OTH,1,7426,4,1,41713,Elizabeth Kikkert,OTH_FFPA,RIGHT,0,0.07861528689392336
NSW,103,Banks,ALP,1,36039,1,,41350,Zhi Soon,ALP,,0,0.3642694698539445
NSW,103,Banks,LNP,1,38683,2,,41411,David Coleman,LIB,,0,0.3909940870268358
NSW,103,Banks,GRN,1,11756,3,6,41486,Natalie Hanna,GRN,,0,0.11882549148430788
NSW,103,Banks,ON,1,3666,4,5,41858,Todd Nicol,ON,,0,0.03705463182897862
NSW,103,Banks,OTH,4,8791,5,4,41763,Allan Taruste,OTH_CYA,RIGHT,3,0.08885631980593318
NSW,104,Barton,ALP,1,47098,1,,41339,Ash Ambihaipahar,ALP,,0,0.47121089333773547
NSW,104,Barton,LNP,1,24162,2,,41448,Fiona Douskou,LIB,,0,0.24173845184140227
NSW,104,Barton,GRN,1,15885,3,4,41494,Manal Bahsa,GRN,,0,0.1589278746585827
NSW,104,Barton,ON,1,5573,4,3,41862,Christos Nicolis,ON,,0,0.05575732108733279
NSW,104,Barton,OTH,2,7233,5,2,41768,Thomas Pambris,OTH_CYA,RIGHT,1,0.07236545907494672
NSW,105,Bennelong,ALP,1,49801,1,,41329,Jerome Laxale,ALP,,0,0.4535114559428842
NSW,105,Bennelong,LNP,1,38510,2,,41444,Scott Yung,LIB,,0,0.350690270644374
NSW,105,Bennelong,GRN,1,12931,3,6,41504,Adam Hart,GRN,,0,0.11775580082322515
NSW,105,Bennelong,ON,1,2534,4,5,41869,Craig Bennett,ON,,0,0.02307580228026081
NSW,105,Bennelong,OTH,4,6036,5,4,41881,Eric Chan,OTH_FFPA,RIGHT,3,0.05496667030925582
NSW,106,Berowra,LNP,1,48210,1,,41442,Julian Leeser,LIB,,0,0.4171569984770871
NSW,106,Berowra,ALP,1,31220,2,,41338,Benson Koschinski,ALP,,0,0.2701439844939776
NSW,106,Berowra,IND,1,13135,3,6,41991,Tina Brown,IND_PROMINENT,LEFT,0,0.1136560293506853
NSW,106,Berowra,GRN,1,13781,4,5,41506,Martin Cousins,GRN,,0,0.11924581198947806
NSW,106,Berowra,ON,1,4705,5,4,41879,Gerald Mattinson,ON,,0,0.04071196178873045
NSW,106,Berowra,OTH,3,4517,6,3,41697,Stephen Bastian,OTH_CYA,RIGHT,2,0.039085213900041535
NSW,107,Blaxland,ALP,1,40001,1,,41316,Jason Clare,ALP,,0,0.4603848721312985
NSW,107,Blaxland,LNP,1,17023,2,,41478,Courtney Nguyen,LIB,,0,0.19592339387243055
NSW,107,Blaxland,IND,1,16302,3,5,41982,Ahmed Ouf,IND_PROMINENT,LEFT,0,0.1876251640080105
NSW,107,Blaxland,GRN,1,6854,4,4,41578,Omar Sakr,GRN,,0,0.07888497571530512
NSW,107,Blaxland,ON,1,3086,5,3,41888,Mitchell Klievens,ON,,0,0.035517804939806184
NSW,107,Blaxland,OTH,2,3620,6,2,41850,Mike Luo,OTH_LTP,RIGHT,1,0.04166378933314918
NSW,108,Bradfield,IND,1,30309,1,,36047,Nicolette Boele,IND_PROMINENT,CENTRE_LEFT,0,0.2701288747081157
NSW,108,Bradfield,LNP,1,42676,2,,41464,Gisele Kapterian,LIB,,0,0.3803497263863389
NSW,108,Bradfield,ALP,1,22768,3,6,41324,Louise Mccallum,ALP,,0,0.20291973405108643
NSW,108,Bradfield,GRN,1,7551,4,5,41511,Harjit Singh,GRN,,0,0.06729826562806367
NSW,108,Bradfield,OTH,3,7173,5,4,41989,Andy Yin,IND_MINOR,CENTRE,2,0.06392934172296394
NSW,108,Bradfield,ON,1,1725,6,3,41891,John Manton,ON,,0,0.01537405750343131
NSW,109,Calare,IND,2,41928,1,,36348,Andrew Gee,IND_PROMINENT,CENTRE_RIGHT,1,0.39455334205350673
NSW,109,Calare,LNP,1,31577,2,,42037,Sam Farraway,NAT,,0,0.29714775047757064
NSW,109,Calare,ALP,1,11086,3,7,41345,Julie Cunningham,ALP,,0,0.10432213198829364
NSW,109,Calare,ON,1,8200,4,6,41902,Jennifer Hughes,ON,,0,0.07716412432834276
NSW,109,Calare,OTH,4,9723,5,5,41931,Sue Raye,OTH_HMP,CENTRE_LEFT,3,0.09149594888347276
NSW,109,Calare,GRN,1,3753,6,4,41518,Ben Parker,GRN,,0,0.03531670226881346
NSW,111,Chifley,ALP,1,47078,1,,41323,Ed Husic,ALP,,0,0.526517100230389
NSW,111,Chifley,LNP,1,17613,2,,41599,Allan Green,LIB,,0,0.19698257543561412
NSW,111,Chifley,GRN,1,8724,3,6,41527,Sukhjinder Pal Singh,GRN,,0,0.09756861341624354
NSW,111,Chifley,ON,1,5338,4,5,41906,Tony Nikolic,ON,,0,0.059699823293891334
NSW,111,Chifley,OTH,4,10661,5,4,41791,Jamie Green,OTH_FFPA,RIGHT,3,0.11923188762386204
NSW,112,Cook,LNP,1,51121,1,,41452,Simon Kennedy,LIB,,0,0.48062314316874133
NSW,112,Cook,ALP,1,33474,2,,41336,Simon Earle,ALP,,0,0.3147117445752322
NSW,112,Cook,GRN,1,10575,3,4,41548,Martin Moore,GRN,,0,0.09942273701628371
NSW,112,Cook,ON,1,4638,4,3,41913,Mark Preston,ON,,0,0.04360497912827648
NSW,112,Cook,OTH,2,6556,5,2,41788,Natalie Fuller,OTH_FFPA,RIGHT,1,0.061637396111466285
NSW,113,Cowper,LNP,1,40836,1,,41937,Pat Conaghan,NAT,,0,0.3790411658235485
NSW,113,Cowper,IND,1,31616,2,,36245,Caz Heise,IND_PROMINENT,CENTRE_LEFT,0,0.29346080660880863
NSW,113,Cowper,ALP,1,12713,3,9,41332,Greg Vigors,ALP,,0,0.11800250614934794
NSW,113,Cowper,ON,1,6856,4,8,41876,Chris Walsh,ON,,0,0.06363762936835754
NSW,113,Cowper,OTH,6,11162,5,7,41443,Megan Mathew,OTH_HMP,CENTRE_LEFT,5,0.10360607045064278
NSW,113,Cowper,GRN,1,4552,6,6,41528,Wendy Firefly,GRN,,0,0.04225182159929457
NSW,114,Cunningham,ALP,1,51607,1,,41343,Alison Byrnes,ALP,,0,0.4469144569340284
NSW,114,Cunningham,LNP,1,26813,2,,41453,Amanda Ivaneza,LIB,,0,0.23219945615463222
NSW,114,Cunningham,GRN,1,23584,3,4,41568,Jess Whittaker,GRN,,0,0.20423645149557476
NSW,114,Cunningham,ON,1,8765,4,3,41924,John Fuller,ON,,0,0.07590453262206211
NSW,114,Cunningham,OTH,2,4705,5,2,40878,Tim Lavers,OTH_AJP,CENTRE_LEFT,1,0.04074510279370248
NSW,115,Dobell,ALP,1,44268,1,,41358,Emma Mcbride,ALP,,0,0.42801202780705233
NSW,115,Dobell,LNP,1,28757,2,,41469,Brendan Small,LIB,,0,0.2780415172053719
NSW,115,Dobell,GRN,1,10647,3,6,41558,Simon George Cooper,GRN,,0,0.10294217177332805
NSW,115,Dobell,ON,1,9040,4,5,41919,Martin Stevenson,ON,,0,0.08740464288822068
NSW,115,Dobell,OTH,4,10715,5,4,41933,Tim Claydon,OTH_HMP,CENTRE_LEFT,3,0.10359964032602706
NSW,117,Eden-Monaro,ALP,1,46088,1,,41737,Kristy Mcbain,ALP,,0,0.4303750186762289
NSW,117,Eden-Monaro,LNP,1,34142,2,,41454,Jo Van Der Plaat,LIB,,0,0.31882190348124906
NSW,117,Eden-Monaro,GRN,1,10739,3,6,41557,Emma Goward,GRN,,0,0.1002820110563275
NSW,117,Eden-Monaro,ON,1,7451,4,5,41921,Richard Graham,ON,,0,0.06957829075153145
NSW,117,Eden-Monaro,OTH,4,8668,5,4,37724,Andrew Evan Thaler,IND_MINOR,CENTRE,3,0.08094277603466309
NSW,118,Farrer,LNP,1,44743,1,,41463,Sussan Ley,LIB,,0,0.43413252088528376
NSW,118,Farrer,IND,1,20567,2,,40627,Michelle Milthorpe,IND_PROMINENT,CENTRE,0,0.1995575521768239
NSW,118,Farrer,ALP,1,15551,3,7,41352,Glen Hyde,ALP,,0,0.15088829162745118
NSW,118,Farrer,ON,1,6803,4,6,41959,Emma Hicks,ON,,0,0.06600816976024373
NSW,118,Farrer,GRN,1,5085,5,5,41559,Richard August Hendrie,GRN,,0,0.04933875396602078
NSW,118,Farrer,OTH,4,10314,6,4,41644,Peter Sinclair,OTH_ASP,CENTRE_RIGHT,3,0.10007471158417666
NSW,119,Fowler,IND,1,31108,1,,36240,Dai Le,IND_PROMINENT,CENTRE,0,0.33471776883513743
NSW,119,Fowler,ALP,1,34909,2,,41357,Tu Le,ALP,,0,0.3756160020658934
NSW,119,Fowler,LNP,1,11404,3,5,41460,Vivek Singha,LIB,,0,0.12270545955368095
NSW,119,Fowler,GRN,1,6288,4,4,41556,Avery Jacob Howard,GRN,,0,0.06765800856484969
NSW,119,Fowler,OTH,2,5394,5,3,41806,Jared Athavle,OTH_FFPA,RIGHT,1,0.058038692461641096
NSW,119,Fowler,ON,1,3835,6,2,41956,Tony Margos,ON,,0,0.04126406851879748
NSW,120,Gilmore,ALP,1,42342,1,,41365,Fiona Phillips,ALP,,0,0.38127740808442817
NSW,120,Gilmore,LNP,1,38247,2,,41739,Andrew Constance,LIB,,0,0.34440312283324176
NSW,120,Gilmore,IND,1,8371,3,6,42070,Kate Dezarnaulds,IND_PROMINENT,LEFT,0,0.07537842291518464
NSW,120,Gilmore,GRN,1,7932,4,5,41616,Debbie Killian,GRN,,0,0.07142535546090606
NSW,120,Gilmore,ON,1,5557,5,4,41969,John Hawke,ON,,0,0.05003917048616426
NSW,120,Gilmore,OTH,3,8604,6,3,41939,Adrian Richard Carle,OTH_HMP,CENTRE_LEFT,2,0.0774765202200751
NSW,121,Grayndler,ALP,1,59364,1,,41373,Anthony Albanese,ALP,,0,0.5353992676635582
NSW,121,Grayndler,GRN,1,27847,2,,41565,Hannah Thomas,GRN,,0,0.2511499125164595
NSW,121,Grayndler,LNP,1,15867,3,4,41472,David Smallbone,LIB,,0,0.14310323057775212
NSW,121,Grayndler,ON,1,3505,4,3,41960,Rodney Smith,ON,,0,0.03161132055051498
NSW,121,Grayndler,OTH,2,4295,5,2,40978,David Bradbury,IND_MINOR,CENTRE_LEFT,1,0.03873626869171522
NSW,122,Greenway,ALP,1,51802,1,,41399,Michelle Rowland,ALP,,0,0.5041311858303732
NSW,122,Greenway,LNP,1,28230,2,,41474,Rattan Virk,LIB,,0,0.27473115663471365
NSW,122,Greenway,GRN,1,11018,3,5,41572,Palaniappan Subramanian,GRN,,0,0.1072259257457058
NSW,122,Greenway,ON,1,4700,4,4,41934,Edwin Swann,ON,,0,0.04573986667315459
NSW,122,Greenway,OTH,3,7005,5,3,41729,Robert Stuckey,IND_MINOR,CENTRE,2,0.06817186511605275
NSW,124,Hughes,ALP,1,38331,1,,41400,David Moncrieff,ALP,,0,0.3899587974973295
NSW,124,Hughes,LNP,1,35831,2,,41467,Jenny Ware,LIB,,0,0.36452515387354395
NSW,124,Hughes,GRN,1,11221,3,6,41579,Catherine Elizabeth Dyson,GRN,,0,0.11415636604099903
NSW,124,Hughes,ON,1,5253,4,5,41962,Deborah Swinbourn,ON,,0,0.05344117198229818
NSW,124,Hughes,OTH,4,7659,5,4,41826,Nathaniel David Marsh,OTH_FFPA,RIGHT,3,0.0779185106058294
NSW,125,Hume,LNP,1,43615,1,,41471,Angus Taylor,LIB,,0,0.4384871364372103
NSW,125,Hume,ALP,1,27073,2,,41405,Thomas Huang,ALP,,0,0.27218072325494885
NSW,125,Hume,ON,1,7967,3,6,41966,Helen Ducker,ON,,0,0.08009691656529301
NSW,125,Hume,GRN,1,8455,4,5,41584,Steve Bruce,GRN,,0,0.08500306634361145
NSW,125,Hume,OTH,4,12357,5,4,41183,Peter Mclean,IND_MINOR,CENTRE_LEFT,3,0.12423215739893632
NSW,126,Hunter,ALP,1,48582,1,,41407,Dan Repacholi,ALP,,0,0.43504190844616375
NSW,126,Hunter,ON,1,18011,2,,41965,Stuart Bonds,ON,,0,0.1612848341571746
NSW,126,Hunter,LNP,1,20290,3,7,41944,Sue Gilroy,NAT,,0,0.18169281467153808
NSW,126,Hunter,GRN,1,8286,4,6,41634,Louise Stokes,GRN,,0,0.07419944122071781
NSW,126,Hunter,OTH,5,16503,5,5,41948,Andrew David Fenwick,OTH_HMP,CENTRE_LEFT,4,0.14778100150440576
NSW,127,Kingsford Smith,ALP,1,50346,1,,41386,Matt Thistlethwaite,ALP,,0,0.507868296816366
NSW,127,Kingsford Smith,LNP,1,25924,2,,41477,Brad Cole,LIB,,0,0.2615099059839406
NSW,127,Kingsford Smith,GRN,1,13440,3,3,41587,Keiron Brown,GRN,,0,0.13557680668199976
NSW,127,Kingsford Smith,ON,1,5865,4,2,42027,Mark Jelic,ON,,0,0.05916353952306016
NSW,127,Kingsford Smith,OTH,1,3557,5,1,41978,Elsa Parker,IND_MINOR,CENTRE_LEFT,0,0.03588145099463342
NSW,128,Lindsay,LNP,1,39003,1,,41480,Melissa Mcintosh,LIB,,0,0.3973977543659446
NSW,128,Lindsay,ALP,1,31502,2,,41383,Hollie Mclean,ALP,,0,0.3209707986061582
NSW,128,Lindsay,ON,1,6736,3,8,41961,Christopher Buckley,ON,,0,0.06863244554031749
NSW,128,Lindsay,GRN,1,9416,4,7,41594,Aaron David Mcallister,GRN,,0,0.095938703564078
NSW,128,Lindsay,OTH,6,11489,5,6,41952,Antony Victor Emmanuel,OTH_FFPA,RIGHT,5,0.11706029792350173
NSW,130,Lyne,LNP,1,39629,1,,41951,Alison Penfold,NAT,,0,0.3624051211705533
NSW,130,Lyne,ALP,1,21667,2,,41408,Digby Wilson,ALP,,0,0.19814357567443988
NSW,130,Lyne,IND,1,16943,3,8,41973,Jeremy Miller,IND_PROMINENT,CENTRE_LEFT,0,0.15494284407864656
NSW,130,Lyne,ON,1,9174,4,7,41878,Colin Hughes,ON,,0,0.0838957475994513
NSW,130,Lyne,GRN,1,6977,5,6,41601,Tom Ferrier,GRN,,0,0.06380429812528578
NSW,130,Lyne,OTH,5,14960,6,5,41928,Keys Manley,OTH_HMP,CENTRE_LEFT,4,0.13680841335162322
NSW,131,Macarthur,ALP,1,45080,1,,41396,Mike Freelander,ALP,,0,0.4819534724598016
NSW,131,Macarthur,LNP,1,21593,2,,41476,Binod Paudel,LIB,,0,0.2308522921655833
NSW,131,Macarthur,GRN,1,12012,3,5,41482,Frankie Scott,GRN,,0,0.128421142661649
NSW,131,Macarthur,ON,1,7336,4,4,41875,Gregory Grogan,ON,,0,0.07842969551830312
NSW,131,Macarthur,OTH,3,7515,5,3,41800,Graham Ernest Charlesworth,OTH_FFPA,RIGHT,2,0.08034339719466302
NSW,132,Mackellar,IND,1,42482,1,,37450,Sophie Scamps,IND_PROMINENT,CENTRE_LEFT,0,0.3798224360063301
NSW,132,Mackellar,LNP,1,39647,2,,41830,James Brown,LIB,,0,0.3544753100217261
NSW,132,Mackellar,ALP,1,13499,3,7,41402,Jeffrey Quinn,ALP,,0,0.12069165914150581
NSW,132,Mackellar,GRN,1,6858,4,6,41629,Ethan Hrnjak,GRN,,0,0.061315904762756265
NSW,132,Mackellar,ON,1,2825,5,5,42046,Brad Hayman,ON,,0,0.025257718132806424
NSW,132,Mackellar,OTH,4,6536,6,4,41968,Lisa Cotton,IND_MINOR,CENTRE_RIGHT,3,0.05843697193487532
NSW,133,Macquarie,ALP,1,46773,1,,41425,Susan Templeman,ALP,,0,0.42635249077070325
NSW,133,Macquarie,LNP,1,34643,2,,41490,Mike Creed,LIB,,0,0.3157832368624949
NSW,133,Macquarie,GRN,1,13666,3,4,41602,Terry Morgan,GRN,,0,0.12457043890433435
NSW,133,Macquarie,ON,1,9587,4,3,41882,Matthew Jacobson,ON,,0,0.08738890661318992
NSW,133,Macquarie,OTH,2,5036,5,2,41801,Roger Gerard Bowen,OTH_FFPA,RIGHT,1,0.045904926849277605
NSW,315,McMahon,ALP,1,44537,1,,41416,Chris Bowen,ALP,,0,0.4552256349977002
NSW,315,McMahon,LNP,1,26218,2,,41484,Carmen Lazar,LIB,,0,0.2679818061021107
NSW,315,McMahon,IND,1,9613,3,3,42062,Matthew Camenzuli,IND_PROMINENT,CENTRE_RIGHT,0,0.0982572698931875
NSW,315,McMahon,GRN,1,8923,4,2,41608,Ben Hammond,GRN,,0,0.09120457913834518
NSW,315,McMahon,ON,1,8544,5,1,41884,Melissa Janicska,ON,,0,0.08733070986865642
NSW,134,Mitchell,LNP,1,50758,1,,41487,Alex Hawke,LIB,,0,0.4633191240769308
NSW,134,Mitchell,ALP,1,36396,2,,41420,Dilvan Bircan,ALP,,0,0.3322227597601161
NSW,134,Mitchell,GRN,1,15044,3,3,41609,Ben Speechly,GRN,,0,0.1373216616614789
NSW,134,Mitchell,ON,1,4680,4,2,41886,Brendan Mccreanor,ON,,0,0.042719049227314634
NSW,134,Mitchell,OTH,1,2675,5,1,41699,Mark Crocker,OTH_CYA,RIGHT,0,0.02441740527415954
NSW,135,New England,LNP,1,59711,1,,41945,Barnaby Joyce,NAT,,0,0.5221957917198677
NSW,135,New England,ALP,1,23233,2,,41423,Laura Hughes,ALP,,0,0.20318157172091722
NSW,135,New England,ON,1,11387,3,5,41894,Brent Larkham,ON,,0,0.09958371958791737
NSW,135,New England,GRN,1,9023,4,4,41622,Wendy Wales,GRN,,0,0.07890962517272139
NSW,135,New England,OTH,3,10992,5,3,33409,Natasha Ledger,IND_MINOR,CENTRE,2,0.09612929179857625
NSW,136,Newcastle,ALP,1,49054,1,,41422,Sharon Claydon,ALP,,0,0.45308776531875194
NSW,136,Newcastle,GRN,1,24061,2,,41620,Charlotte Mccabe,GRN,,0,0.22223966896347883
NSW,136,Newcastle,LNP,1,20638,3,6,41488,Asarri Mcphee,LIB,,0,0.19062309496979662
NSW,136,Newcastle,ON,1,5789,4,5,41893,Phillip Heyne,ON,,0,0.053470156835941106
NSW,136,Newcastle,OTH,4,8724,5,4,41695,Jennifer Stefanac,OTH_CYA,RIGHT,3,0.08057931391203148
NSW,138,Page,LNP,1,48049,1,,41949,Kevin Hogan,NAT,,0,0.4465769466698887
NSW,138,Page,ALP,1,23711,2,,41431,Wendy Backhous,ALP,,0,0.22037474208598992
NSW,138,Page,GRN,1,16265,3,9,41623,Luke Robinson,GRN,,0,0.15117013959886239
NSW,138,Page,ON,1,6132,4,8,41896,Peter Nottle,ON,,0,0.05699202557763444
NSW,138,Page,OTH,7,13437,5,7,41692,Donna Lee Pike,OTH_CYA,RIGHT,6,0.12488614606762459
NSW,139,Parkes,LNP,1,41912,1,,41950,Jamie Chaffey,NAT,,0,0.39959194180403673
NSW,139,Parkes,ALP,1,20630,2,,41429,Nathan Fell,ALP,,0,0.1966878640822981
NSW,139,Parkes,ON,1,14320,3,8,41914,Mark Carter,ON,,0,0.1365278823877125
NSW,139,Parkes,OTH,6,21621,4,7,41846,Stephen Pope,OTH_ASP,CENTRE_RIGHT,5,0.20613612745144774
NSW,139,Parkes,GRN,1,6404,5,6,41621,Trish Frail,GRN,,0,0.061056184274504946
NSW,140,Parramatta,ALP,1,46427,1,,41424,Andrew Charlton,ALP,,0,0.47769317831052577
NSW,140,Parramatta,LNP,1,29860,2,,41483,Katie Mullens,LIB,,0,0.3072332544500463
NSW,140,Parramatta,GRN,1,11766,3,6,41631,Liz Tilly,GRN,,0,0.12106183763761703
NSW,140,Parramatta,ON,1,2653,4,5,41899,Nicholas Matzen,ON,,0,0.02729704702129849
NSW,140,Parramatta,OTH,4,6484,5,4,41691,Ganesh Loke,OTH_CYA,RIGHT,3,0.0667146825805124
NSW,249,Paterson,ALP,1,40290,1,,41427,Meryl Swanson,ALP,,0,0.3706395348837209
NSW,249,Paterson,LNP,1,29602,2,,41521,Laurence Antcliff,LIB,,0,0.2723174860170739
NSW,249,Paterson,IND,1,10565,3,8,41752,Philip Penfold,IND_PROMINENT,CENTRE_LEFT,0,0.0971905357668531
NSW,249,Paterson,ON,1,8254,4,7,42050,Arnon Wither,ON,,0,0.07593096850161908
NSW,249,Paterson,GRN,1,8219,5,6,41625,Paul Johns,GRN,,0,0.07560899322931999
NSW,249,Paterson,OTH,5,11774,6,5,41927,Daniel Dryden,OTH_HMP,CENTRE_LEFT,4,0.108312481601413
NSW,144,Reid,ALP,1,49166,1,,41434,Sally Sitou,ALP,,0,0.4857484414673424
NSW,144,Reid,LNP,1,32107,2,,41514,Grange Chung,LIB,,0,0.3172095596589506
NSW,144,Reid,GRN,1,11680,3,5,41633,Joanna Somerville,GRN,,0,0.11539563512058251
NSW,144,Reid,ON,1,2352,4,4,41892,Gina Ingrouille,ON,,0,0.02323720323661045
NSW,144,Reid,OTH,3,5912,5,3,40614,Steven Commerford,IND_MINOR,CENTRE_LEFT,2,0.05840916051651403
NSW,145,Richmond,ALP,1,31901,1,,41432,Justine Elliot,ALP,,0,0.30395799984754934
NSW,145,Richmond,LNP,1,25795,2,,41958,Kimberly Hone,NAT,,0,0.2457790227913713
NSW,145,Richmond,GRN,1,27783,3,8,41348,Mandy Nolan,GRN,,0,0.2647210153212897
NSW,145,Richmond,ON,1,5709,4,7,41907,Ian Mye,ON,,0,0.05439629544934827
NSW,145,Richmond,OTH,6,13764,5,6,42068,Vivian Mac Mcmahon,OTH_HMP,CENTRE_LEFT,5,0.13114566659044136
NSW,250,Riverina,LNP,1,42678,1,,41954,Michael Mccormack,NAT,,0,0.4032427222993849
NSW,250,Riverina,ALP,1,19506,2,,41445,Mark Jeffreson,ALP,,0,0.18430227614161399
NSW,250,Riverina,ON,1,10427,3,11,41895,Mark Craig,ON,,0,0.09851942137437758
NSW,250,Riverina,IND,1,6909,4,10,42044,Jenny Rolfe,IND_PROMINENT,CENTRE_LEFT,0,0.06527962810737266
NSW,250,Riverina,OTH,8,21550,5,9,40626,James Gooden,IND_MINOR,CENTRE_RIGHT,7,0.20361499286638887
NSW,250,Riverina,GRN,1,4767,6,8,41639,Pheonix Valxori,GRN,,0,0.045040959210861986
NSW,146,Robertson,ALP,1,45411,1,,41417,Gordon Reid,ALP,,0,0.44756216551846484
NSW,146,Robertson,LNP,1,30831,2,,41491,Lucy Wicks,LIB,,0,0.30386446290766095
NSW,146,Robertson,GRN,1,9119,3,5,41635,Cheryl Wallace,GRN,,0,0.0898751268935474
NSW,146,Robertson,ON,1,7032,4,4,41903,Matt Lloyd,ON,,0,0.0693060524526182
NSW,146,Robertson,OTH,3,9070,5,3,41926,Tom Lillicrap,OTH_HMP,CENTRE_LEFT,2,0.08939219222770863
NSW,148,Shortland,ALP,1,48222,1,,41347,Pat Conroy,ALP,,0,0.44605394605394605
NSW,148,Shortland,LNP,1,28331,2,,41545,Emma King,LIB,,0,0.2620620120620121
NSW,148,Shortland,GRN,1,12257,3,5,41632,Therese Doyle,GRN,,0,0.11337736337736337
NSW,148,Shortland,ON,1,9813,4,4,41908,Barry Reed,ON,,0,0.09077034077034077
NSW,148,Shortland,OTH,3,9485,5,3,40672,James Pheils,IND_MINOR,CENTRE_LEFT,2,0.08773633773633774
NSW,149,Sydney,ALP,1,59153,1,,41342,Tanya Plibersek,ALP,,0,0.5515482661843001
NSW,149,Sydney,GRN,1,23162,2,,41638,Luc Velez,GRN,,0,0.2159647176197447
NSW,149,Sydney,LNP,1,18860,3,3,41561,Alex Xu,LIB,,0,0.1758524555007506
NSW,149,Sydney,ON,1,3698,4,2,41910,Vedran Torbarac,ON,,0,0.03448050797676435
NSW,149,Sydney,OTH,1,2376,5,1,41984,Rachel Evans,OTH_SAL,LEFT,0,0.022154052718440266
NSW,151,Warringah,IND,1,45590,1,,32467,Zali Steggall,IND_PROMINENT,CENTRE_LEFT,0,0.3967970755907568
NSW,151,Warringah,LNP,1,36446,2,,41500,Jaimee Rogers,LIB,,0,0.31721136690021323
NSW,151,Warringah,ALP,1,16738,3,6,41341,Celine Varghese-Fell,ALP,,0,0.14568083902693763
NSW,151,Warringah,GRN,1,10051,4,5,41637,Bonnie Harvey,GRN,,0,0.0874798729274555
NSW,151,Warringah,ON,1,1978,5,4,41941,Gavin Wright,ON,,0,0.017215718699682317
NSW,151,Warringah,OTH,3,4092,6,3,41842,Sean Mcleod,OTH_LTP,RIGHT,2,0.03561512685495452
NSW,251,Watson,ALP,1,39763,1,,41331,Tony Burke,ALP,,0,0.4800323538643552
NSW,251,Watson,IND,1,12209,2,,40898,Ziad Basyouny,IND_PROMINENT,LEFT,0,0.14739116787792453
NSW,251,Watson,LNP,1,12585,3,7,41499,Zakir Alam,LIB,,0,0.1519303667576116
NSW,251,Watson,GRN,1,7399,4,6,41645,Jocelyn Brewer,GRN,,0,0.08932322476277857
NSW,251,Watson,OTH,4,8204,5,5,41642,Vanessa Hadchiti,OTH_LTP,RIGHT,3,0.09904145640678948
NSW,251,Watson,ON,1,2674,6,4,41920,Elisha Trevena,ON,,0,0.0322814303305406
NSW,152,Wentworth,IND,1,40284,1,,37451,Allegra Spender,IND_PROMINENT,CENTRE_LEFT,0,0.36478887268973387
NSW,152,Wentworth,LNP,1,40155,2,,41497,Ro Knox,LIB,,0,0.3636207224420679
NSW,152,Wentworth,ALP,1,14779,3,4,41326,Savanna Peake,ALP,,0,0.1338301744981029
NSW,152,Wentworth,GRN,1,11241,4,3,41532,Nick Ward,GRN,,0,0.10179206925591545
NSW,152,Wentworth,ON,1,2625,5,2,41912,James Sternhell,ON,,0,0.023770499225760883
NSW,152,Wentworth,OTH,1,1347,6,1,41967,Michael Richmond,IND_MINOR,CENTRE,0,0.012197661888419012
NSW,153,Werriwa,ALP,1,35785,1,,41328,Anne Maree Stanley,ALP,,0,0.4084392905243454
NSW,153,Werriwa,LNP,1,27003,2,,41503,Sam Kayal,LIB,,0,0.30820416828360764
NSW,153,Werriwa,GRN,1,9747,3,7,41648,Janet Rebecca Castle,GRN,,0,0.11124934371219211
NSW,153,Werriwa,ON,1,3499,4,6,41918,Ian Cimera,ON,,0,0.03993653982240281
NSW,153,Werriwa,OTH,5,11580,5,5,41935,Andrew Charles Murphy,OTH_HMP,CENTRE_LEFT,4,0.132170657657452
NSW,150,Whitlam,ALP,1,42230,1,,41333,Carol Berry,ALP,,0,0.386311244465586
NSW,150,Whitlam,LNP,1,30908,2,,41535,Nathaniel Smith,LIB,,0,0.28273994657689633
NSW,150,Whitlam,GRN,1,13558,3,8,41640,Jamie Dixon,GRN,,0,0.12402576018149218
NSW,150,Whitlam,ON,1,8379,4,7,41917,Sharon Cousins,ON,,0,0.07664934684767097
NSW,150,Whitlam,OTH,6,14241,5,6,42083,Ben Britton,IND_MINOR,CENTRE_RIGHT,5,0.1302737019283545
NT,306,Lingiari,ALP,1,20372,1,,41011,Marion Scrymgour,ALP,,0,0.44644109396914444
NT,306,Lingiari,LNP,1,14143,2,,41126,Lisa Siebert,CLP,,0,0.30993600981767183
NT,306,Lingiari,GRN,1,4646,3,4,41151,Blair Mcfarland,GRN,,0,0.10181451612903226
NT,306,Lingiari,ON,1,4132,4,3,41020,Sakellarios Bairamis,ON,,0,0.09055049088359046
NT,306,Lingiari,OTH,2,2339,5,2,41843,Chris Tomlins,OTH_IAP,LEFT,1,0.05125788920056101
NT,307,Solomon,ALP,1,19751,1,,41012,Luke John Gosling,ALP,,0,0.3284716447696657
NT,307,Solomon,LNP,1,21642,2,,41036,Lisa Bayliss,CLP,,0,0.35992017295858975
NT,307,Solomon,IND,1,7501,3,5,40620,Phil Scott,IND_PROMINENT,CENTRE_LEFT,0,0.1247463828371861
NT,307,Solomon,GRN,1,6167,4,4,41153,Jonathan Parry,GRN,,0,0.10256111757857975
NT,307,Solomon,ON,1,4033,5,3,41023,Benjamin Craker,ON,,0,0.06707134541826043
NT,307,Solomon,OTH,2,1036,6,2,42082,Janey Davies,IND_MINOR,CENTRE,1,0.017229336437718276
QLD,304,Blair,ALP,1,42825,1,,40725,Shayne Neumann,ALP,,0,0.3661727360563645
QLD,304,Blair,LNP,1,31797,2,,41202,Carl Mutzelburg,LNP,,0,0.27187844689747165
QLD,304,Blair,ON,1,11344,3,8,40920,Brendan Kross,ON,,0,0.09699622925448685
QLD,304,Blair,GRN,1,12104,4,7,41250,Paul Toner,GRN,,0,0.10349456619325711
QLD,304,Blair,OTH,6,18883,5,6,40927,Anthony Hopkins,OTH_HMP,CENTRE_LEFT,5,0.16145802159841988
QLD,310,Bonner,ALP,1,39154,1,,40727,Kara Cook,ALP,,0,0.3950719431719573
QLD,310,Bonner,LNP,1,35156,2,,41205,Ross Vasta,LNP,,0,0.354731297802353
QLD,310,Bonner,GRN,1,12314,3,6,41254,Wen Li,GRN,,0,0.12425080217141243
QLD,310,Bonner,ON,1,3784,4,5,40925,Christopher De Winter,ON,,0,0.038181341190240754
QLD,310,Bonner,OTH,4,8698,5,4,40849,Ross Dovey,OTH_FFPA,RIGHT,3,0.08776461566403648
QLD,155,Bowman,LNP,1,42777,1,,41212,Henry Pike,LNP,,0,0.3961310157704168
QLD,155,Bowman,ALP,1,34247,2,,40730,Darcy Brown,ALP,,0,0.3171400261142545
QLD,155,Bowman,GRN,1,12689,3,5,41259,Kristie Lockhart,GRN,,0,0.11750488484725014
QLD,155,Bowman,ON,1,7650,4,4,40930,Matthew Knight,ON,,0,0.0708418605943308
QLD,155,Bowman,OTH,3,10624,5,3,41334,Gary Williamson,OTH_CYA,RIGHT,2,0.09838221267374776
QLD,156,Brisbane,ALP,1,35607,1,,40731,Madonna Jarrett,ALP,,0,0.3215224163619125
QLD,156,Brisbane,LNP,1,37951,2,,41215,Trevor Evans,LNP,,0,0.342688157478893
QLD,156,Brisbane,GRN,1,28663,3,6,41268,Stephen Bates,GRN,,0,0.25881981127816156
QLD,156,Brisbane,ON,1,2798,4,5,40933,Cheryl Wood,ON,,0,0.025265248995439974
QLD,156,Brisbane,OTH,4,5726,5,4,40964,Joseph Wheeler,OTH_GRPF,RIGHT,3,0.05170436588559303
QLD,157,Capricornia,LNP,1,36074,1,,41222,Michelle Landry,LNP,,0,0.36564698250522004
QLD,157,Capricornia,ALP,1,31483,2,,40737,Emily Mawson,ALP,,0,0.3191124896105739
QLD,157,Capricornia,ON,1,15355,3,4,40936,Cheryl Kempton,ON,,0,0.15563867096434147
QLD,157,Capricornia,OTH,2,9645,4,3,41340,Stephen Andrew,OTH_CYA,RIGHT,1,0.09776196557805754
QLD,157,Capricornia,GRN,1,6101,5,2,41270,Mick Jones,GRN,,0,0.06183989134180705
QLD,158,Dawson,LNP,1,41043,1,,41203,Andrew Willcox,LNP,,0,0.41681561522525085
QLD,158,Dawson,ALP,1,25808,2,,40740,Neil Wallace,ALP,,0,0.2620952999959378
QLD,158,Dawson,ON,1,10258,3,5,40938,Darren Brown,ON,,0,0.10417597595157818
QLD,158,Dawson,OTH,3,14415,4,4,40965,Alexander John Beaumont,OTH_GRPF,RIGHT,2,0.14639273672665232
QLD,158,Dawson,GRN,1,6944,5,3,41273,Paula Creen,GRN,,0,0.0705203721005809
QLD,252,Dickson,ALP,1,35502,1,,40742,Ali France,ALP,,0,0.33626005171482964
QLD,252,Dickson,LNP,1,36628,2,,41208,Peter Dutton,LNP,,0,0.34692505138332436
QLD,252,Dickson,IND,1,12874,3,7,40629,Ellie Smith,IND_PROMINENT,LEFT,0,0.1219371276484907
QLD,252,Dickson,GRN,1,8061,4,6,41275,Vinnie Batten,GRN,,0,0.07635041059301566
QLD,252,Dickson,ON,1,4429,5,5,40941,Joel Stevenson,ON,,0,0.04194963013478059
QLD,252,Dickson,OTH,4,8085,6,4,40931,David Zaloudek,OTH_HMP,CENTRE_LEFT,3,0.07657772852555907
QLD,159,Fadden,LNP,1,45627,1,,41211,Cameron Caldwell,LNP,,0,0.409585450367152
QLD,159,Fadden,ALP,1,30526,2,,40746,Letitia Del Fabbro,ALP,,0,0.27402646367080197
QLD,159,Fadden,ON,1,8896,3,7,40943,Nick Muir,ON,,0,0.07985780714195946
QLD,159,Fadden,GRN,1,10359,4,6,41276,Andrew Stimson,GRN,,0,0.09299089750264816
QLD,159,Fadden,OTH,5,15990,5,5,40968,John Armfield,OTH_GRPF,RIGHT,4,0.14353938131743837
QLD,160,Fairfax,LNP,1,42075,1,,41213,Ted O'Brien,LNP,,0,0.378890209639075
QLD,160,Fairfax,ALP,1,27607,2,,40749,Naomi Mcqueen,ALP,,0,0.24860420718968373
QLD,160,Fairfax,IND,1,13085,3,6,40651,Francine Wiig,IND_PROMINENT,CENTRE_LEFT,0,0.11783192853540811
QLD,160,Fairfax,ON,1,8232,4,5,40946,Beatrice Marsh,ON,,0,0.07413010590015129
QLD,160,Fairfax,GRN,1,11351,5,4,41279,Sue Etheridge,GRN,,0,0.10221705928967653
QLD,160,Fairfax,OTH,3,8698,6,3,40875,Rhys Sanderson,OTH_FFPA,RIGHT,2,0.07832648944600533
QLD,161,Fisher,LNP,1,44100,1,,41219,Andrew Wallace,LNP,,0,0.372239854142751
QLD,161,Fisher,ALP,1,26380,2,,40761,Morrison Lakey,ALP,,0,0.22266864744412182
QLD,161,Fisher,IND,1,19296,3,6,40706,Keryn Jones,IND_PROMINENT,CENTRE_LEFT,0,0.16287392801674658
QLD,161,Fisher,ON,1,7199,4,5,40949,Benjamin Kelly,ON,,0,0.060765412924572895
QLD,161,Fisher,GRN,1,11396,5,4,41282,Renay Wells,GRN,,0,0.09619150516577757
QLD,161,Fisher,OTH,3,10101,6,3,40970,James Pidgeon,OTH_GRPF,RIGHT,2,0.08526065230603011
QLD,311,Flynn,LNP,1,36502,1,,41161,Colin Boyce,LNP,,0,0.3742144490122305
QLD,311,Flynn,ALP,1,24441,2,,40774,Helen Madell,ALP,,0,0.2505664168623069
QLD,311,Flynn,ON,1,13874,3,7,40934,David Harris,ON,,0,0.14223470674471772
QLD,311,Flynn,OTH,5,17179,4,6,40966,Lance Price,OTH_GRPF,RIGHT,4,0.1761171995940252
QLD,311,Flynn,GRN,1,5547,5,5,41284,Paul Bambrick,GRN,,0,0.0568672277867197
QLD,162,Forde,ALP,1,36821,1,,40732,Rowan Holzberger,ALP,,0,0.34243173870991744
QLD,162,Forde,LNP,1,33023,2,,41163,Bert Van Manen,LNP,,0,0.3071107060486571
QLD,162,Forde,ON,1,11049,3,6,40937,Matthew Lambert,ON,,0,0.10275463135183394
QLD,162,Forde,GRN,1,12280,4,5,41234,Kirsty Petersen,GRN,,0,0.11420281229075217
QLD,162,Forde,OTH,4,14355,5,4,40891,Corneliu Pop,OTH_FFPA,RIGHT,3,0.13350011159883937
QLD,163,Griffith,ALP,1,37686,1,,40739,Renee Coffey,ALP,,0,0.34507197011317436
QLD,163,Griffith,GRN,1,34570,2,,41238,Max Chandler-Mather,GRN,,0,0.31654030692597884
QLD,163,Griffith,LNP,1,29025,3,5,41167,Anthony Bishop,LNP,,0,0.2657674980771344
QLD,163,Griffith,ON,1,2684,4,4,40940,Lindsay Bell,ON,,0,0.02457605391348936
QLD,163,Griffith,OTH,3,5247,5,3,40969,Dion Hunt,OTH_GRPF,RIGHT,2,0.04804417097022305
QLD,164,Groom,LNP,1,42302,1,,41173,Garth Hamilton,LNP,,0,0.40982764801054067
QLD,164,Groom,IND,1,17694,2,,36178,Suzie Holt,IND_PROMINENT,CENTRE_LEFT,0,0.1714219281333863
QLD,164,Groom,ALP,1,17172,3,6,40741,Richard Edwards,ALP,,0,0.16636471967370348
QLD,164,Groom,ON,1,9860,4,5,40942,Rebecca Konz,ON,,0,0.09552504868289753
QLD,164,Groom,GRN,1,5757,5,4,41242,Alyce Nelligan,GRN,,0,0.05577461513868571
QLD,164,Groom,OTH,3,10434,6,3,40896,Alexandra Todd,OTH_FFPA,RIGHT,2,0.10108604036078629
QLD,165,Herbert,LNP,1,47941,1,,41178,Phillip Thompson,LNP,,0,0.48739350562208983
QLD,165,Herbert,ALP,1,22646,2,,40745,Edwina Andrew,ALP,,0,0.23023118684044652
QLD,165,Herbert,OTH,4,13447,3,6,42011,Darryn Casson,OTH_KAP,CENTRE_RIGHT,3,0.13670929830625647
QLD,165,Herbert,GRN,1,9228,4,5,41245,Chris Evans,GRN,,0,0.09381671783818954
QLD,165,Herbert,ON,1,5100,5,4,40945,Ross Macdonald,ON,,0,0.05184929139301763
QLD,166,Hinkler,LNP,1,41569,1,,41182,David Batt,LNP,,0,0.38007680351101764
QLD,166,Hinkler,ALP,1,34104,2,,40751,Trish Mears,ALP,,0,0.3118222547316449
QLD,166,Hinkler,ON,1,14498,3,5,40948,Tyler Carman,ON,,0,0.13255920270640945
QLD,166,Hinkler,GRN,1,8000,4,4,41249,Andrew Mclean,GRN,,0,0.07314620096918717
QLD,166,Hinkler,OTH,3,11199,5,3,41360,Robert Blohberger,OTH_CYA,RIGHT,2,0.10239553808174089
QLD,167,Kennedy,OTH,4,44808,1,,40650,Bob Katter,OTH_KAP,CENTRE_RIGHT,3,0.4611679463164612
QLD,167,Kennedy,LNP,1,23135,2,,41184,Annette Swaine,LNP,,0,0.2381074905827381
QLD,167,Kennedy,ALP,1,15917,3,6,40760,Sharon Winn,ALP,,0,0.16381918857166383
QLD,167,Kennedy,ON,1,7541,4,5,40950,Kate Harris,ON,,0,0.07761264691957762
QLD,167,Kennedy,GRN,1,5761,5,4,41255,Carole Stanford,GRN,,0,0.059292727609559295
QLD,168,Leichhardt,ALP,1,34488,1,,40771,Matt Smith,ALP,,0,0.36502963590177817
QLD,168,Leichhardt,LNP,1,25746,2,,41187,Jeremy Neal,LNP,,0,0.272502116850127
QLD,168,Leichhardt,ON,1,7568,3,8,40953,Robert Hicks,ON,,0,0.08010160880609653
QLD,168,Leichhardt,GRN,1,8776,4,7,41258,Phillip Musumeci,GRN,,0,0.09288738357324301
QLD,168,Leichhardt,OTH,6,17902,5,6,41835,Daniel Collins,OTH_KAP,CENTRE_RIGHT,5,0.1894792548687553
QLD,169,Lilley,ALP,1,48582,1,,40777,Anika Wells,ALP,,0,0.46075493171471926
QLD,169,Lilley,LNP,1,29205,2,,41190,Kimberley Washington,LNP,,0,0.2769821699544765
QLD,169,Lilley,GRN,1,17294,3,4,41290,Melissa Stevens,GRN,,0,0.1640174506828528
QLD,169,Lilley,ON,1,4485,4,3,40956,Michelle Mckay,ON,,0,0.042536039453717756
QLD,169,Lilley,OTH,2,5874,5,2,41376,Joshua Morrison,OTH_CYA,RIGHT,1,0.05570940819423369
QLD,302,Longman,LNP,1,43960,1,,41194,Terry Young,LNP,,0,0.360537689967112
QLD,302,Longman,ALP,1,43238,2,,40780,Rhiannyn Douglas,ALP,,0,0.3546162110736576
QLD,302,Longman,ON,1,12062,3,4,40959,Peter Mccasker,ON,,0,0.09892642439452468
QLD,302,Longman,GRN,1,12014,4,3,41263,Gabrielle Unverzagt,GRN,,0,0.09853275266753603
QLD,302,Longman,OTH,2,10655,5,2,41382,Benjamin Wood,OTH_CYA,RIGHT,1,0.08738692189716966
QLD,170,Maranoa,LNP,1,51947,1,,41162,David Littleproud,LNP,,0,0.5317698363139415
QLD,170,Maranoa,ON,1,12018,2,,41037,Sharon Duncan,ON,,0,0.12302558170483278
QLD,170,Maranoa,ALP,1,15675,3,6,40787,Alex Newman,ALP,,0,0.16046147389110116
QLD,170,Maranoa,OTH,4,13015,4,5,40975,Rod Draper,OTH_GRPF,RIGHT,3,0.13323164801867188
QLD,170,Maranoa,GRN,1,5032,5,4,41274,Elizabeth Johnston,GRN,,0,0.0515114600714527
QLD,171,McPherson,LNP,1,34918,1,,41166,Leon Rebello,LNP,,0,0.35918325361312553
QLD,171,McPherson,ALP,1,22778,2,,40789,Alice Price,ALP,,0,0.23430540554441187
QLD,171,McPherson,IND,1,13366,3,10,40680,Erchana Murray-Bartlett,IND_PROMINENT,CENTRE_LEFT,0,0.13748907061667437
QLD,171,McPherson,GRN,1,8175,4,9,41277,Amanda Kennealy,GRN,,0,0.08409196111711156
QLD,171,McPherson,ON,1,4229,5,8,40944,Zyion Attiig,ON,,0,0.04350151725556756
QLD,171,McPherson,OTH,7,13749,6,7,40977,Harry Hatzikalimnios,OTH_GRPF,RIGHT,6,0.14142879185310908
QLD,172,Moncrieff,LNP,1,42047,1,,41174,Angie Bell,LNP,,0,0.4191037218667145
QLD,172,Moncrieff,ALP,1,24536,2,,40791,Blair Stuart,ALP,,0,0.2445627255148217
QLD,172,Moncrieff,GRN,1,9558,3,7,41278,Sally Spain,GRN,,0,0.0952694216853059
QLD,172,Moncrieff,ON,1,5894,4,6,40947,Glen Wadsworth,ON,,0,0.05874847995534557
QLD,172,Moncrieff,IND,1,7641,5,5,40697,Nicole Arrowsmith,IND_PROMINENT,CENTRE,0,0.07616171281621913
QLD,172,Moncrieff,OTH,4,10650,6,4,41368,Vic Naicker,OTH_CYA,RIGHT,3,0.1061539381615932
QLD,173,Moreton,ALP,1,39697,1,,40796,Julie-Ann Campbell,ALP,,0,0.4230691349340836
QLD,173,Moreton,LNP,1,24132,2,,41179,Henry Swindon,LNP,,0,0.2571857914761646
QLD,173,Moreton,GRN,1,20332,3,6,41286,Remah Naji,GRN,,0,0.2166874487109804
QLD,173,Moreton,ON,1,2686,4,5,40951,Grant Spork,ON,,0,0.02862593385981179
QLD,173,Moreton,OTH,4,6984,5,4,40971,Natarsha Billing,OTH_GRPF,RIGHT,3,0.07443169101895962
QLD,174,Oxley,ALP,1,54891,1,,40800,Milton Dick,ALP,,0,0.5274836155368915
QLD,174,Oxley,LNP,1,21976,2,,41181,Kevin Burns,LNP,,0,0.21118179546808633
QLD,174,Oxley,GRN,1,13979,3,5,41281,Brandan Holt,GRN,,0,0.13433337817839364
QLD,174,Oxley,ON,1,5738,4,4,40952,Darren Baker,ON,,0,0.055140204877861275
QLD,174,Oxley,OTH,3,7478,5,3,40913,William Tento,OTH_FFPA,RIGHT,2,0.07186100593876728
QLD,175,Petrie,ALP,1,42538,1,,40801,Emma Comer,ALP,,0,0.36422015206520997
QLD,175,Petrie,LNP,1,44196,2,,41185,Luke Howarth,LNP,,0,0.3784163298856086
QLD,175,Petrie,GRN,1,13802,3,4,41288,Nikil Paul,GRN,,0,0.11817590245907254
QLD,175,Petrie,ON,1,7848,4,3,40955,Nicole Shires,ON,,0,0.0671963833139256
QLD,175,Petrie,OTH,2,8408,5,2,41403,Ryan Mensink,OTH_CYA,RIGHT,1,0.0719912322761833
QLD,176,Rankin,ALP,1,45303,1,,40805,Jim Chalmers,ALP,,0,0.49420196576814407
QLD,176,Rankin,LNP,1,18101,2,,41189,Paul Darwen,LNP,,0,0.19746042828000743
QLD,176,Rankin,GRN,1,10032,3,6,41283,Joshua Riethmuller,GRN,,0,0.10943721432545353
QLD,176,Rankin,ON,1,6021,4,5,40958,Kyle Lentz,ON,,0,0.0656819644590865
QLD,176,Rankin,OTH,4,12212,5,4,40897,Carol Ordish,OTH_FFPA,RIGHT,3,0.13321842716730847
QLD,177,Ryan,GRN,1,29986,1,,41285,Elizabeth Watson-Brown,GRN,,0,0.28982621638862577
QLD,177,Ryan,LNP,1,35806,2,,41192,Maggie Forrest,LNP,,0,0.3460787535520288
QLD,177,Ryan,ALP,1,29217,3,6,40807,Rebecca Hack,ALP,,0,0.2823935357909184
QLD,177,Ryan,ON,1,2327,4,5,40960,Robbie Elsom,ON,,0,0.02249134948096886
QLD,177,Ryan,OTH,4,6126,5,4,40974,N De Lapp,OTH_GRPF,RIGHT,3,0.059210144787458195
QLD,178,Wide Bay,LNP,1,41055,1,,41195,Llew O'Brien,LNP,,0,0.3907841382855185
QLD,178,Wide Bay,ALP,1,27271,2,,40788,Elliott Chalmers,ALP,,0,0.2595804222429515
QLD,178,Wide Bay,ON,1,12646,3,5,40961,Chad Burgess,ON,,0,0.1203716042566963
QLD,178,Wide Bay,GRN,1,9080,4,4,41287,Emma Buhse,GRN,,0,0.08642844904719298
QLD,178,Wide Bay,OTH,3,15006,5,3,40909,Kirsti Kenningale,OTH_FFPA,RIGHT,2,0.14283538616764074
QLD,316,Wright,LNP,1,39809,1,,41199,Scott Buchholz,LNP,,0,0.34059719370294317
QLD,316,Wright,ALP,1,29708,2,,40798,Pam Mccreadie,ALP,,0,0.25417522245037644
QLD,316,Wright,ON,1,18998,3,6,40962,Natalie Davis,ON,,0,0.16254277891854893
QLD,316,Wright,GRN,1,11128,4,5,41289,Nicole Thompson,GRN,,0,0.09520876112251882
QLD,316,Wright,OTH,4,17237,5,4,40976,Justin Mcguiness,OTH_GRPF,RIGHT,3,0.1474760438056126
SA,179,Adelaide,ALP,1,53036,1,,41210,Steve Georganas,ALP,,0,0.4648651491379537
SA,179,Adelaide,LNP,1,27571,2,,41014,Amy Grantham,LIB,,0,0.24166221108082286
SA,179,Adelaide,GRN,1,21642,3,5,41013,Mat Monti,GRN,,0,0.18969401081611725
SA,179,Adelaide,ON,1,4584,4,4,42034,Riley Size,ON,,0,0.0401791583763553
SA,179,Adelaide,OTH,3,7256,5,3,41039,Steve Marks,OTH_CYA,RIGHT,2,0.06359947058875089
SA,180,Barker,LNP,2,54353,1,,41016,Tony Pasin,LIB,,1,0.4999632062107916
SA,180,Barker,ALP,1,24453,2,,41214,James Rothe,ALP,,0,0.22492963187813897
SA,180,Barker,ON,1,8908,3,8,42023,Jennifer Troeth,ON,,0,0.08193976856706588
SA,180,Barker,GRN,1,8866,4,7,41017,Major Moogy Sumner,GRN,,0,0.08155343378037787
SA,180,Barker,OTH,5,12134,5,6,40674,Cody Scholes,IND_MINOR,CENTRE_LEFT,4,0.11161395956362566
SA,182,Boothby,ALP,1,50015,1,,41197,Louise Miller-Frost,ALP,,0,0.4262436189161319
SA,182,Boothby,LNP,1,38117,2,,41021,Nicolle Flint,LIB,,0,0.3248451069124503
SA,182,Boothby,GRN,1,20046,3,4,41019,Joanna Wells,GRN,,0,0.17083834019379746
SA,182,Boothby,ON,1,3560,4,3,42028,Tonya Scott,ON,,0,0.030339443833678488
SA,182,Boothby,OTH,2,5601,5,2,41043,Nicole Hussey,OTH_CYA,RIGHT,1,0.04773349014394191
SA,183,Grey,LNP,2,40575,1,,41024,Tom Venning,LIB,,1,0.3796278103685407
SA,183,Grey,ALP,1,24053,2,,41204,Karin Bolton,ALP,,0,0.22504467585445495
SA,183,Grey,IND,1,18745,3,6,41124,Anita Kuss,IND_PROMINENT,CENTRE_LEFT,0,0.17538196686034
SA,183,Grey,ON,1,10652,4,5,42024,Brandon Turton,ON,,0,0.09966224118412066
SA,183,Grey,GRN,1,6323,5,4,41022,Kathryn Hardwick-Franco,GRN,,0,0.05915925187825713
SA,183,Grey,OTH,2,6533,6,3,41051,Kylie Evans,OTH_FFPA,RIGHT,1,0.06112405385428654
SA,185,Hindmarsh,ALP,1,54145,1,,41207,Mark Butler,ALP,,0,0.4814129864587316
SA,185,Hindmarsh,LNP,1,25984,2,,41027,Chris Lehmann,LIB,,0,0.23102844288749988
SA,185,Hindmarsh,GRN,1,15246,3,7,41025,Matthew Wright,GRN,,0,0.13555494305198673
SA,185,Hindmarsh,ON,1,5594,4,6,42033,Rocco Deangelis,ON,,0,0.04973726560624517
SA,185,Hindmarsh,OTH,5,11502,5,5,41045,Andrew Townsend,OTH_CYA,RIGHT,4,0.10226636199553663
SA,186,Kingston,ALP,1,59758,1,,41201,Amanda Rishworth,ALP,,0,0.5302630995163938
SA,186,Kingston,LNP,1,20994,2,,41030,Jim Rishworth,LIB,,0,0.18629042992146946
SA,186,Kingston,GRN,1,15149,3,5,41026,John Photakis,GRN,,0,0.13442477483473092
SA,186,Kingston,ON,1,7018,4,4,42042,Nathan Skrlj,ON,,0,0.062274280136652024
SA,186,Kingston,OTH,3,9776,5,3,41046,Russell Patrick Jackson,OTH_CYA,RIGHT,2,0.0867474155907538
SA,187,Makin,ALP,1,50764,1,,41172,Tony Zappia,ALP,,0,0.4782379319440781
SA,187,Makin,LNP,1,23871,2,,41033,Irena Zagladov,LIB,,0,0.22488412405320873
SA,187,Makin,GRN,1,13134,3,6,41028,Samuel Moore,GRN,,0,0.12373290123224177
SA,187,Makin,ON,1,7152,4,5,42036,Alison Dew-Fennell,ON,,0,0.06737762369521799
SA,187,Makin,OTH,4,11227,5,4,41047,Mark Aldridge,OTH_CYA,RIGHT,3,0.10576741907525342
SA,188,Mayo,OTH,3,44372,1,,40653,Rebekha Sharkie,OTH_XEN,CENTRE,2,0.3544599063763161
SA,188,Mayo,ALP,1,26718,2,,41186,Marisa Bell,ALP,,0,0.2134332412008116
SA,188,Mayo,LNP,1,29551,3,5,41035,Zane Basic,LIB,,0,0.23606429039318752
SA,188,Mayo,GRN,1,17048,4,4,41029,Genevieve Dawson-Scott,GRN,,0,0.13618571360099696
SA,188,Mayo,ON,1,7493,5,3,42045,Rebecca Hewett,ON,,0,0.05985684842868783
SA,325,Spence,ALP,1,49463,1,,41198,Matt Burnell,ALP,,0,0.4432883439981359
SA,325,Spence,LNP,1,20852,2,,41040,Daniel Wild,LIB,,0,0.18687601942965712
SA,325,Spence,GRN,1,16166,3,6,41031,Luke Skinner,GRN,,0,0.14487999856607697
SA,325,Spence,ON,1,10654,4,5,42039,Darryl Bothe,ON,,0,0.09548135003853668
SA,325,Spence,OTH,4,14447,5,4,41059,John William Bennett,OTH_FFPA,RIGHT,3,0.12947428796759333
SA,190,Sturt,ALP,1,41333,1,,41209,Claire Clutterham,ALP,,0,0.35286032594312644
SA,190,Sturt,LNP,1,40228,2,,41042,James Stevens,LIB,,0,0.34342692744393316
SA,190,Sturt,GRN,1,18295,3,5,41034,Katie Mccusker,GRN,,0,0.1561846385002177
SA,190,Sturt,IND,1,8413,4,4,40618,Verity Cooper,IND_PROMINENT,CENTRE_LEFT,0,0.07182188377711568
SA,190,Sturt,ON,1,4035,5,3,42052,Peter Bogatec,ON,,0,0.034446844293434184
SA,190,Sturt,OTH,2,4833,6,2,41052,Nicholas Duffield,OTH_CYA,RIGHT,1,0.04125938004217284
TAS,192,Bass,ALP,1,28375,1,,41546,Jess Teesdale,ALP,,0,0.3963320948682851
TAS,192,Bass,LNP,1,22511,2,,40756,Bridget Kathleen Archer,LIB,,0,0.31442578987065956
TAS,192,Bass,GRN,1,9229,3,5,41322,Charlene Mclennan,GRN,,0,0.12890745034500098
TAS,192,Bass,ON,1,4639,4,4,42067,Jordan Potter,ON,,0,0.06479593262005195
TAS,192,Bass,IND,1,3852,5,3,36070,George Razay,IND_PROMINENT,CENTRE,0,0.05380339134564349
TAS,192,Bass,OTH,2,2988,6,2,42108,Ray Broomhall,OTH_CYA,RIGHT,1,0.04173534095035897
TAS,193,Braddon,ALP,1,29579,1,,41513,Anne Urquhart,ALP,,0,0.3952298236237306
TAS,193,Braddon,LNP,1,23700,2,,40762,Mal Hingston,LIB,,0,0.3166755745590593
TAS,193,Braddon,ON,1,5709,3,4,42065,Christopher Methorst,ON,,0,0.07628273650454302
TAS,193,Braddon,GRN,1,6318,4,3,41321,Erin Morrow,GRN,,0,0.08442009620523784
TAS,193,Braddon,IND,1,6174,5,2,42059,Adam Martin,IND_PROMINENT,CENTRE_LEFT,0,0.0824959914484233
TAS,193,Braddon,OTH,1,3360,6,1,42109,Stephen John Kenney,OTH_CYA,RIGHT,0,0.04489577765900588
TAS,319,Clark,IND,1,33011,1,,33553,Andrew Wilkie,IND_PROMINENT,LEFT,0,0.4888273533636404
TAS,319,Clark,ALP,1,13539,2,,41524,Heidi Heck,ALP,,0,0.20048570286238912
TAS,319,Clark,LNP,1,9239,3,3,40766,Marilena Di Florio,LIB,,0,0.1368112422443026
TAS,319,Clark,GRN,1,8908,4,2,41157,Janet Shelley,GRN,,0,0.1319097895781197
TAS,319,Clark,ON,1,2834,5,1,42055,Cathy Griggs,ON,,0,0.041965911951548175
TAS,195,Franklin,ALP,1,29842,1,,41533,Julie Collins,ALP,,0,0.390285370510842
TAS,195,Franklin,IND,1,16586,2,,40655,Peter George,IND_PROMINENT,LEFT,0,0.21691820773717663
TAS,195,Franklin,LNP,1,14403,3,4,40776,Josh Garvin,LIB,,0,0.18836807826109703
TAS,195,Franklin,GRN,1,8016,4,3,41159,Owen Fitzgerald,GRN,,0,0.10483638931756951
TAS,195,Franklin,OTH,1,3822,5,2,40733,Brendan Blomeley,IND_MINOR,CENTRE,0,0.04998561376893097
TAS,195,Franklin,ON,1,3793,6,1,42053,Stefan Popescu,ON,,0,0.04960634040438388
TAS,196,Lyons,ALP,1,33100,1,,41538,Rebecca White,ALP,,0,0.4308100791336943
TAS,196,Lyons,LNP,1,20135,2,,40784,Susie Bower,LIB,,0,0.2620652852977926
TAS,196,Lyons,GRN,1,8362,3,6,41158,Alistair Allan,GRN,,0,0.10883486047480216
TAS,196,Lyons,ON,1,5165,4,5,42058,Shaun Broadby,ON,,0,0.06722459391920034
TAS,196,Lyons,OTH,4,10070,5,4,41838,Carlo Di Falco,OTH_ASP,CENTRE_RIGHT,3,0.13106518117451063
VIC,197,Aston,ALP,1,40926,1,,40809,Mary Doyle,ALP,,0,0.37256597693197024
VIC,197,Aston,LNP,1,41382,2,,40786,Manny Cicchiello,LIB,,0,0.3767171298782875
VIC,197,Aston,GRN,1,12669,3,7,41080,Reuben Steen,GRN,,0,0.11533104534406322
VIC,197,Aston,ON,1,3738,4,6,41505,John De Wacht,ON,,0,0.034028530073100346
VIC,197,Aston,OTH,5,11134,5,5,42063,Mark Grondman,IND_MINOR,LEFT,4,0.10135731777257873
VIC,198,Ballarat,ALP,1,44273,1,,40839,Catherine King,ALP,,0,0.42350296537210635
VIC,198,Ballarat,LNP,1,29883,2,,40785,Paula Doran,LIB,,0,0.2858523053376698
VIC,198,Ballarat,GRN,1,14984,3,5,41081,John Barnes,GRN,,0,0.14333269561890186
VIC,198,Ballarat,ON,1,8029,4,4,41508,Terri Pryse-Smith,ON,,0,0.07680313755500287
VIC,198,Ballarat,OTH,3,7371,5,3,41571,Ian Maxwell Harkness,OTH_FFPA,RIGHT,2,0.07050889611631911
VIC,200,Bendigo,ALP,1,35771,1,,40869,Lisa Chesters,ALP,,0,0.33550934653948244
VIC,200,Bendigo,LNP,2,42883,2,,41141,Andrew Lethlean,NAT,,1,0.4022154065486742
VIC,200,Bendigo,GRN,1,12079,3,8,41090,Avery Barnett-Dacey,GRN,,0,0.11329337722877214
VIC,200,Bendigo,ON,1,5262,4,6,41520,Heather Freeman,ON,,0,0.04935423056360618
VIC,200,Bendigo,OTH,5,10622,5,5,41217,Wayne Taylor,OTH_HMP,CENTRE_LEFT,4,0.099627639119465
VIC,201,Bruce,ALP,1,49610,1,,40851,Julian Hill,ALP,,0,0.4530841872614024
VIC,201,Bruce,LNP,1,25162,2,,40790,Zahid Safi,LIB,,0,0.22980254625824245
VIC,201,Bruce,GRN,1,13213,3,6,41085,Rhonda Garad,GRN,,0,0.120673278901127
VIC,201,Bruce,ON,1,8931,4,5,41522,Bianca Colecchia,ON,,0,0.08156611321168283
VIC,201,Bruce,OTH,4,12578,5,4,41582,Wendy Birchall,OTH_FFPA,RIGHT,3,0.11487387436754526
VIC,203,Calwell,ALP,1,27423,1,,40860,Basem Abdo,ALP,,0,0.30527323529739175
VIC,203,Calwell,IND,3,26518,2,,40630,Carly Moore,IND_PROMINENT,CENTRE_LEFT,2,0.29519876211998086
VIC,203,Calwell,LNP,1,14102,3,11,40752,Usman Ghani,LIB,,0,0.1569836693346395
VIC,203,Calwell,GRN,1,7439,4,10,41084,Ravneet Kaur Garcha,GRN,,0,0.08281105631686166
VIC,203,Calwell,ON,1,3375,5,7,41525,Luay Toma,ON,,0,0.03757054914227828
VIC,203,Calwell,OTH,6,10974,6,6,41232,Gianni Del Rosario-Makridis,OTH_HMP,CENTRE_LEFT,5,0.12216272778884794
VIC,204,Casey,LNP,1,45194,1,,40757,Aaron Violi,LIB,,0,0.4087624250427358
VIC,204,Casey,ALP,1,26820,2,,40857,Naomi Oakley,ALP,,0,0.24257663051834702
VIC,204,Casey,IND,1,11590,3,6,36746,Claire Ferres Miles,IND_PROMINENT,LEFT,0,0.10482711214420737
VIC,204,Casey,GRN,1,12107,4,5,41083,Merran Blair,GRN,,0,0.10950317918290929
VIC,204,Casey,ON,1,5603,5,4,41507,Ambere Livori,ON,,0,0.05067698958964572
VIC,204,Casey,OTH,3,9249,6,3,41389,Phillip Courtis,OTH_CYA,RIGHT,2,0.0836536635221548
VIC,205,Chisholm,ALP,1,43655,1,,40845,Carina Garland,ALP,,0,0.38736956058777594
VIC,205,Chisholm,LNP,1,41966,2,,40754,Katie Allen,LIB,,0,0.3723823383261163
VIC,205,Chisholm,GRN,1,14086,3,5,41086,Tim Randall,GRN,,0,0.12499112657059701
VIC,205,Chisholm,IND,1,6685,4,4,41144,Kath Davies,IND_PROMINENT,LEFT,0,0.059318875559026055
VIC,205,Chisholm,ON,1,2156,5,3,41519,Guy Livori,ON,,0,0.019131113792858662
VIC,205,Chisholm,OTH,2,4148,6,2,41551,Gary Ong,OTH_FFPA,RIGHT,1,0.03680698516362604
VIC,320,Cooper,ALP,1,45151,1,,40856,Ged Kearney,ALP,,0,0.41967356347480156
VIC,320,Cooper,GRN,1,27123,2,,41089,Tara Burnett,GRN,,0,0.2521052925101779
VIC,320,Cooper,LNP,1,16280,3,4,40767,Stewart Todhunter,LIB,,0,0.15132080382205862
VIC,320,Cooper,OTH,2,13348,4,3,41002,Kath Larkin,OTH_VNS,LEFT,1,0.12406818731061663
VIC,320,Cooper,ON,1,5684,5,2,41564,William Turner,ON,,0,0.05283215288234529
VIC,328,Corangamite,ALP,1,38814,1,,40877,Libby Coker,ALP,,0,0.37313978081138244
VIC,328,Corangamite,LNP,1,35488,2,,40773,Darcy Dunstan,LIB,,0,0.34116516054604884
VIC,328,Corangamite,GRN,1,14925,3,6,41088,Mitch Pope,GRN,,0,0.14348202268794463
VIC,328,Corangamite,OTH,4,11450,4,5,41191,Kate Lockhart,IND_MINOR,LEFT,3,0.11007498557969621
VIC,328,Corangamite,ON,1,3343,5,4,41510,Colin Seabrook,ON,,0,0.032138050374927896
VIC,208,Corio,ALP,1,47221,1,,40854,Richard Marles,ALP,,0,0.4283977609841509
VIC,208,Corio,LNP,1,27423,2,,40759,Darren Buller,LIB,,0,0.248786594935905
VIC,208,Corio,GRN,1,17491,3,4,41142,Emilie Flynn,GRN,,0,0.15868162972774366
VIC,208,Corio,ON,1,10953,4,3,41515,Adam Helman,ON,,0,0.09936766853856133
VIC,208,Corio,OTH,2,7139,5,2,41567,John De Lorenzo,IND_MINOR,CENTRE,1,0.06476634581363913
VIC,209,Deakin,ALP,1,40177,1,,40861,Matt Gregg,ALP,,0,0.34783173314171434
VIC,209,Deakin,LNP,1,44732,2,,40795,Michael Sukkar,LIB,,0,0.3872665725886743
VIC,209,Deakin,GRN,1,13758,3,6,41128,Amy Mills,GRN,,0,0.11910966434934679
VIC,209,Deakin,IND,1,8253,4,5,40868,Jess Ness,IND_PROMINENT,LEFT,0,0.07145021513847645
VIC,209,Deakin,ON,1,3043,5,4,41512,Anne Cooke,ON,,0,0.026344723696399352
VIC,209,Deakin,OTH,3,5544,6,3,41547,Richard Griffith-Jones,OTH_FFPA,RIGHT,2,0.047997091085388764
VIC,210,Dunkley,ALP,1,41792,1,,40864,Jodie Belyea,ALP,,0,0.38280176598823895
VIC,210,Dunkley,LNP,1,35288,2,,40803,Nathan Conroy,LIB,,0,0.32322714199351493
VIC,210,Dunkley,GRN,1,12649,3,6,41129,Matt Maber,GRN,,0,0.11586091926649202
VIC,210,Dunkley,ON,1,7494,4,5,41555,Jessica Davis,ON,,0,0.06864271713045231
VIC,210,Dunkley,OTH,4,11951,5,4,41227,Lisa Abbott,OTH_HMP,CENTRE_LEFT,3,0.10946745562130178
VIC,211,Flinders,LNP,1,47375,1,,40748,Zoe Mckenzie,LIB,,0,0.41223253830825857
VIC,211,Flinders,IND,1,24406,2,,40838,Ben Smith,IND_PROMINENT,CENTRE_LEFT,0,0.21236828137100494
VIC,211,Flinders,ALP,1,25622,3,5,40853,Sarah Race,ALP,,0,0.22294927908251613
VIC,211,Flinders,GRN,1,7305,4,4,41131,Adam Frogley,GRN,,0,0.0635642995744977
VIC,211,Flinders,ON,1,6091,5,3,41509,Mike Brown,ON,,0,0.053000704819748876
VIC,211,Flinders,OTH,2,4124,6,2,41371,Jason Smart,OTH_CYA,RIGHT,1,0.03588489684397379
VIC,321,Fraser,ALP,1,45786,1,,40859,Daniel Mulino,ALP,,0,0.42604706561083866
VIC,321,Fraser,GRN,1,27171,2,,41133,Huong Truong,GRN,,0,0.2528311016405036
VIC,321,Fraser,LNP,1,18125,3,4,40783,Satish Patel,LIB,,0,0.16865642476295048
VIC,321,Fraser,OTH,2,11250,4,3,41004,Jasmine Duff,OTH_VNS,LEFT,1,0.10468329812872788
VIC,321,Fraser,ON,1,5135,5,2,41517,George Rozario,ON,,0,0.04778210985697935
VIC,212,Gellibrand,ALP,1,49044,1,,40836,Tim Watts,ALP,,0,0.4661888557251763
VIC,212,Gellibrand,LNP,1,27539,2,,40755,Ben Reeson,LIB,,0,0.2617725898747172
VIC,212,Gellibrand,GRN,1,17933,3,3,41121,Ponraj Krishna Pandi,GRN,,0,0.17046253873500503
VIC,212,Gellibrand,ON,1,6290,4,2,41537,Stephen Bennett,ON,,0,0.059789737837683696
VIC,212,Gellibrand,OTH,1,4396,5,1,41577,Jo Garcia,OTH_FFPA,RIGHT,0,0.04178627782741773
VIC,213,Gippsland,LNP,1,55036,1,,41138,Darren Chester,NAT,,0,0.5253632180835831
VIC,213,Gippsland,ALP,1,22291,2,,40832,Sonny Stephens,ALP,,0,0.21278565837453942
VIC,213,Gippsland,ON,1,15118,3,3,41523,Gregory Hansford,ON,,0,0.14431356077817445
VIC,213,Gippsland,GRN,1,8897,4,2,41118,Rochelle Hine,GRN,,0,0.08492907462914527
VIC,213,Gippsland,OTH,1,3416,5,1,41317,Simon Wilson,OTH_LTP,RIGHT,0,0.032608488134557745
VIC,214,Goldstein,LNP,1,50228,1,,40747,Tim Wilson,LIB,,0,0.4342240626593933
VIC,214,Goldstein,IND,1,35533,2,,36074,Zoe Daniel,IND_PROMINENT,CENTRE_LEFT,0,0.307184909183647
VIC,214,Goldstein,ALP,1,15812,3,5,40813,Nildhara Gadani,ALP,,0,0.1366956852506635
VIC,214,Goldstein,GRN,1,8320,4,4,41112,Alana Galli-Mcrostie,GRN,,0,0.07192689737449534
VIC,214,Goldstein,ON,1,2037,5,3,41925,Leon Gardiner,ON,,0,0.017609986773058535
VIC,214,Goldstein,OTH,2,3743,6,2,41372,Vicki Jane Williams,OTH_CYA,RIGHT,1,0.03235845875874232
VIC,309,Gorton,ALP,1,48834,1,,40823,Alice Jordan-Baird,ALP,,0,0.4305210261835493
VIC,309,Gorton,LNP,1,33087,2,,40743,John Fletcher,LIB,,0,0.2916953186987569
VIC,309,Gorton,GRN,1,12244,3,5,41107,Thuc Bao Huynh,GRN,,0,0.10794322489641188
VIC,309,Gorton,ON,1,7137,4,4,41553,Alan Reid,ON,,0,0.06291986247024596
VIC,309,Gorton,OTH,3,12128,5,3,41218,Xavier Menta,OTH_HMP,CENTRE_LEFT,2,0.10692056775103588
VIC,326,Hawke,ALP,1,40619,1,,40829,Sam Rae,ALP,,0,0.3912557673598736
VIC,326,Hawke,LNP,1,31383,2,,40843,Simmone Cottom,LIB,,0,0.30229153221534044
VIC,326,Hawke,GRN,1,10178,3,5,41101,Sarah Newman,GRN,,0,0.09803789360124064
VIC,326,Hawke,ON,1,10035,4,4,41630,Matthew Katselis,ON,,0,0.09666046986524365
VIC,326,Hawke,OTH,3,11602,5,3,41240,Devon Starbuck,OTH_HMP,CENTRE_LEFT,2,0.11175433695830163
VIC,216,Holt,ALP,1,44686,1,,40850,Cassandra Fernando,ALP,,0,0.45031390767184304
VIC,216,Holt,LNP,1,24840,2,,40855,Annette Samuel,LIB,,0,0.25031995404754465
VIC,216,Holt,GRN,1,11122,3,4,41111,Payal Tiwari,GRN,,0,0.11207965092257616
VIC,216,Holt,ON,1,8655,4,3,41624,Trevor Hammond,ON,,0,0.08721896949603458
VIC,216,Holt,OTH,2,9930,5,2,41574,Shane Foreman,OTH_FFPA,RIGHT,1,0.10006751786200155
VIC,217,Hotham,ALP,1,51880,1,,40848,Clare O'Neil,ALP,,0,0.48846164709869977
VIC,217,Hotham,LNP,1,27346,2,,40744,Harmick Singh Matharu,LIB,,0,0.2574686237771982
VIC,217,Hotham,GRN,1,15780,3,4,41115,Martin Barry,GRN,,0,0.14857218178908022
VIC,217,Hotham,ON,1,4959,4,3,41627,Stuart Fogarty,ON,,0,0.04669007918200563
VIC,217,Hotham,OTH,2,6246,5,2,41595,Mark Brown,OTH_FFPA,RIGHT,1,0.058807468153016164
VIC,218,Indi,IND,1,44723,1,,32086,Helen Haines,IND_PROMINENT,CENTRE_LEFT,0,0.4228685432248182
VIC,218,Indi,LNP,1,32475,2,,40750,James Trenery,LIB,,0,0.3070602585073893
VIC,218,Indi,ON,1,7611,3,7,41626,Athol Thomas,ON,,0,0.07196414557351008
VIC,218,Indi,ALP,1,8824,4,6,40842,Mitch Bridges,ALP,,0,0.08343340172653435
VIC,218,Indi,GRN,1,3839,5,5,41125,Alysia Regan,GRN,,0,0.036298824708540955
VIC,218,Indi,OTH,4,8289,6,4,41929,Ben Howman,OTH_HMP,CENTRE_LEFT,3,0.07837482625920708
VIC,219,Isaacs,ALP,1,53454,1,,40811,Mark Dreyfus,ALP,,0,0.4941163420563685
VIC,219,Isaacs,LNP,1,30660,2,,40753,Fiona Ottey,LIB,,0,0.28341390817241474
VIC,219,Isaacs,GRN,1,15200,3,3,41127,Matthew Kirwan,GRN,,0,0.1405052643255285
VIC,219,Isaacs,ON,1,4989,4,2,41619,Geoff Mcmahon,ON,,0,0.0461171555078988
VIC,219,Isaacs,OTH,1,3878,5,1,41543,Audrey Harmse,OTH_FFPA,RIGHT,0,0.03584732993778945
VIC,220,Jagajaga,ALP,1,47284,1,,40833,Kate Thwaites,ALP,,0,0.42560239066058203
VIC,220,Jagajaga,LNP,1,32724,2,,40764,Chris Parr,LIB,,0,0.294548105743526
VIC,220,Jagajaga,GRN,1,17334,3,5,41095,Jy Sandford,GRN,,0,0.15602300650770934
VIC,220,Jagajaga,OTH,3,9460,4,4,41542,Chris Kearney,IND_MINOR,LEFT,2,0.0851492812716586
VIC,220,Jagajaga,ON,1,4297,5,3,41617,Leslie Ralph,ON,,0,0.038677215816524
VIC,221,Kooyong,IND,1,38955,1,,36081,Monique Ryan,IND_PROMINENT,CENTRE_LEFT,0,0.3391283908486262
VIC,221,Kooyong,LNP,1,49542,2,,40763,Amelia Hamer,LIB,,0,0.43129505171152976
VIC,221,Kooyong,ALP,1,13671,3,5,40827,Clive Crosby,ALP,,0,0.119014869241216
VIC,221,Kooyong,GRN,1,8900,4,4,41098,Jackie Carter,GRN,,0,0.07748023818644009
VIC,221,Kooyong,ON,1,1201,5,3,41611,Camille Brache,ON,,0,0.010455479332799387
VIC,221,Kooyong,OTH,2,2599,6,2,41311,Richard Peppard,OTH_LTP,RIGHT,1,0.022625970679388516
VIC,223,La Trobe,LNP,1,40547,1,,40772,Jason Wood,LIB,,0,0.39131232025323787
VIC,223,La Trobe,ALP,1,33289,2,,40828,Jeff Springfield,ALP,,0,0.3212665753054489
VIC,223,La Trobe,GRN,1,13386,3,4,41104,Jamie Longmuir,GRN,,0,0.12918604875600764
VIC,223,La Trobe,ON,1,7956,4,3,41612,Leo Panetta,ON,,0,0.07678202628886872
VIC,223,La Trobe,OTH,2,8440,5,2,41404,Gregory Thomas Hardiman,OTH_CYA,RIGHT,1,0.08145302939643691
VIC,222,Lalor,ALP,1,43284,1,,40835,Joanne Ryan,ALP,,0,0.43596148422706577
VIC,222,Lalor,LNP,1,25869,2,,40779,Mira D'Silva,LIB,,0,0.26055557793803635
VIC,222,Lalor,GRN,1,15181,3,5,41103,Owen Parris,GRN,,0,0.1529047983562306
VIC,222,Lalor,ON,1,6986,4,4,41615,Jason Oosthuizen,ON,,0,0.07036380484267354
VIC,222,Lalor,OTH,3,7964,5,3,41566,Matthew Emerson,OTH_FFPA,RIGHT,2,0.08021433463599371
VIC,322,Macnamara,ALP,1,36228,1,,40825,Josh Burns,ALP,,0,0.36105961848950546
VIC,322,Macnamara,LNP,1,32606,2,,40768,Benson Saulo,LIB,,0,0.3249616296916423
VIC,322,Macnamara,GRN,1,25561,3,4,41110,Sonya Semmens,GRN,,0,0.25474894855388786
VIC,322,Macnamara,ON,1,2803,4,3,41628,Sean Rubin,ON,,0,0.027935577747214415
VIC,322,Macnamara,OTH,2,3140,5,2,37774,JB Myers,IND_MINOR,CENTRE,1,0.031294225517750004
VIC,224,Mallee,LNP,1,51553,1,,41140,Anne Webster,NAT,,0,0.49710241353042706
VIC,224,Mallee,ALP,1,19839,2,,40824,Greg Olsen,ALP,,0,0.19129856229569847
VIC,224,Mallee,ON,1,11414,3,6,41613,Vaughan Williams,ON,,0,0.11006007309053391
VIC,224,Mallee,GRN,1,9477,4,5,41116,Nicole Rowan,GRN,,0,0.09138245248633169
VIC,224,Mallee,OTH,4,11424,5,4,41583,Ashleigh Gray,OTH_FFPA,RIGHT,3,0.11015649859700888
VIC,225,Maribyrnong,ALP,1,46064,1,,40821,Jo Briskey,ALP,,0,0.4142557802818421
VIC,225,Maribyrnong,LNP,1,33874,2,,40781,Tim Beddoe,LIB,,0,0.30463052060757034
VIC,225,Maribyrnong,GRN,1,23594,3,2,41117,James Williams,GRN,,0,0.2121819833268883
VIC,225,Maribyrnong,ON,1,7665,4,1,41606,Alannah Casey,ON,,0,0.06893171578369921
VIC,226,McEwen,ALP,1,39079,1,,40812,Rob Mitchell,ALP,,0,0.37354706737019194
VIC,226,McEwen,LNP,1,34023,2,,40804,Jason Mcclintock,LIB,,0,0.32521793989447123
VIC,226,McEwen,GRN,1,11611,3,7,41120,Marley Mcrae Mcleod,GRN,,0,0.11098684713619332
VIC,226,McEwen,ON,1,6869,4,6,41614,Jeremy Johnson,ON,,0,0.06565917259310239
VIC,226,McEwen,OTH,5,13034,5,5,41237,Tom Forrest,OTH_HMP,CENTRE_LEFT,4,0.12458897300604115
VIC,228,Melbourne,ALP,1,30541,1,,40817,Sarah Witty,ALP,,0,0.31340817666858223
VIC,228,Melbourne,GRN,1,38457,2,,41119,Adam Bandt,GRN,,0,0.39464124456120186
VIC,228,Melbourne,LNP,1,19267,3,5,40765,Steph Hunt,LIB,,0,0.19771570478614237
VIC,228,Melbourne,OTH,3,6745,4,4,42099,Anthony Koutoufides,IND_MINOR,CENTRE,2,0.06921640259420409
VIC,228,Melbourne,ON,1,2438,5,3,41607,Melanie Casey,ON,,0,0.02501847138986947
VIC,229,Menzies,ALP,1,38012,1,,40820,Gabriel Ng,ALP,,0,0.3473636114411039
VIC,229,Menzies,LNP,1,44473,2,,40778,Keith Wolahan,LIB,,0,0.40640592159371286
VIC,229,Menzies,GRN,1,11998,3,6,41123,Bill Pheasant,GRN,,0,0.10964086630722837
VIC,229,Menzies,IND,1,6966,4,5,40638,Stella Yee,IND_PROMINENT,LEFT,0,0.06365713241341497
VIC,229,Menzies,ON,1,2152,5,4,41603,Jhett Edwards-Scott,ON,,0,0.019665539614365346
VIC,229,Menzies,OTH,3,5829,6,3,41438,Amanda Paliouras,OTH_CYA,RIGHT,2,0.05326692863017454
VIC,323,Monash,LNP,1,32579,1,,40769,Mary Aldred,LIB,,0,0.3177818962153726
VIC,323,Monash,ALP,1,20804,2,,40818,Tully Fletcher,ALP,,0,0.20292625829106517
VIC,323,Monash,IND,2,27979,3,7,36065,Deb Leonard,IND_PROMINENT,CENTRE_LEFT,1,0.2729126024190402
VIC,323,Monash,ON,1,8166,4,5,41598,Kuljeet Kaur Robinson,ON,,0,0.07965275068279361
VIC,323,Monash,GRN,1,5062,5,4,41100,Terence Steele,GRN,,0,0.04937573156457277
VIC,323,Monash,OTH,3,7930,6,3,41233,David O'Reilly,OTH_HMP,CENTRE_LEFT,2,0.07735076082715568
VIC,324,Nicholls,LNP,1,48762,1,,41134,Sam Birrell,NAT,,0,0.4624182076813656
VIC,324,Nicholls,ALP,1,25560,2,,40815,Kim Travers,ALP,,0,0.24238975817923186
VIC,324,Nicholls,ON,1,12095,3,5,41597,Aaron Tyrrell,ON,,0,0.11469890943575155
VIC,324,Nicholls,GRN,1,8235,4,4,41106,Shelby Eade,GRN,,0,0.07809388335704125
VIC,324,Nicholls,OTH,3,10798,5,3,41394,Glenn Francis Floyd,OTH_CYA,RIGHT,2,0.10239924134660977
VIC,232,Scullin,ALP,1,43348,1,,40819,Andrew Giles,ALP,,0,0.4489926977057331
VIC,232,Scullin,LNP,1,19807,2,,40782,Rohit Taggar,LIB,,0,0.20515821637578333
VIC,232,Scullin,GRN,1,9090,3,6,41113,Loki Sangarya,GRN,,0,0.09415298565435808
VIC,232,Scullin,ON,1,6401,4,5,41605,Arthur Tsoutsoulis,ON,,0,0.06630068879796985
VIC,232,Scullin,OTH,4,17899,5,4,41392,Adriana Buccianti,OTH_CYA,RIGHT,3,0.18539541146615568
VIC,233,Wannon,LNP,1,47312,1,,40770,Dan Tehan,LIB,,0,0.43644548582603804
VIC,233,Wannon,IND,1,34012,2,,33601,Alex Dyson,IND_PROMINENT,CENTRE_LEFT,0,0.3137551543776464
VIC,233,Wannon,ALP,1,11438,3,7,40808,Fiona Mackenzie,ALP,,0,0.10551368504561681
VIC,233,Wannon,ON,1,4529,4,6,41588,Leo Curtain,ON,,0,0.04177928655111021
VIC,233,Wannon,GRN,1,3427,5,5,41280,Kate Gazzard,GRN,,0,0.03161351623110061
VIC,233,Wannon,OTH,4,7685,6,4,41231,Robbie Swan,OTH_HMP,CENTRE_LEFT,3,0.07089287196848795
VIC,234,Wills,ALP,1,39069,1,,40810,Peter Khalil,ALP,,0,0.35588125449759067
VIC,234,Wills,GRN,1,38834,2,,41108,Samantha Ratnam,GRN,,0,0.3537406290706042
VIC,234,Wills,LNP,1,14121,3,6,40775,Jeff Kidney,LIB,,0,0.12862881555096056
VIC,234,Wills,OTH,4,13915,4,5,41589,Sue Bolton,OTH_SAL,LEFT,3,0.1267523524107086
VIC,234,Wills,ON,1,3842,5,4,41593,Bruce Stevens,ON,,0,0.034996948470136
WA,235,Brand,ALP,1,43014,1,,41243,Madeleine King,ALP,,0,0.45860565287388183
WA,235,Brand,LNP,1,18472,2,,41216,Claire Moody,LIB,,0,0.19694433486507523
WA,235,Brand,GRN,1,12412,3,3,41660,Jody Freeman,GRN,,0,0.13233396948599577
WA,235,Brand,ON,1,11960,4,2,41610,Stephen Box,ON,,0,0.12751484652372777
WA,235,Brand,OTH,1,7935,5,1,41662,Jim Matters,OTH_HMP,CENTRE_LEFT,0,0.0846011962513194
WA,329,Bullwinkel,ALP,1,33436,1,,41248,Trish Cook,ALP,,0,0.31946036841702974
WA,329,Bullwinkel,LNP,2,41940,2,,41223,Matt Moran,LIB,,1,0.4007108461362073
WA,329,Bullwinkel,GRN,1,11728,3,4,41719,Abbey Bishop,GRN,,0,0.11205381028816021
WA,329,Bullwinkel,ON,1,9011,4,3,41647,Trevor Mayes,ON,,0,0.0860945501796224
WA,329,Bullwinkel,OTH,2,8549,5,2,41720,Penelope Rose Young,OTH_HMP,CENTRE_LEFT,1,0.08168042497898036
WA,317,Burt,ALP,1,46123,1,,41253,Matt Keogh,ALP,,0,0.4673475798198417
WA,317,Burt,LNP,1,18879,2,,41229,Sean Ayres,LIB,,0,0.19129403897011885
WA,317,Burt,ON,1,9789,3,5,41652,Liz Ierardi,ON,,0,0.09918837583974223
WA,317,Burt,GRN,1,11336,4,4,41726,Adam Abdul Razak,GRN,,0,0.1148635640534598
WA,317,Burt,OTH,3,12564,5,3,41727,Fiona Caruso,OTH_HMP,CENTRE_LEFT,2,0.1273064413168374
WA,236,Canning,LNP,1,42794,1,,41236,Andrew Hastie,LIB,,0,0.42518902699534017
WA,236,Canning,ALP,1,30098,2,,41262,Jarrad Goold,ALP,,0,0.2990451777002792
WA,236,Canning,ON,1,11488,3,4,41654,Fernando Bove,ON,,0,0.1141415044661043
WA,236,Canning,GRN,1,8967,4,3,41741,Jordan Cahill,GRN,,0,0.0890935646367999
WA,236,Canning,OTH,2,7300,5,2,41732,Paul Gullan,OTH_HMP,CENTRE_LEFT,1,0.07253072620147645
WA,237,Cowan,ALP,1,44826,1,,41353,Anne Aly,ALP,,0,0.46625269135956565
WA,237,Cowan,LNP,1,23233,2,,41241,Felicia Adeniyi,LIB,,0,0.2416554851728191
WA,237,Cowan,GRN,1,10367,3,6,41898,Matthew Count,GRN,,0,0.10783120624915489
WA,237,Cowan,ON,1,4869,4,5,41655,Bradley Yates,ON,,0,0.05064436608730927
WA,237,Cowan,OTH,4,12846,5,4,41740,John Bell,OTH_HMP,CENTRE_LEFT,3,0.1336162511311511
WA,238,Curtin,IND,1,33952,1,,36589,Kate Chaney,IND_PROMINENT,CENTRE_LEFT,0,0.3222842389034438
WA,238,Curtin,LNP,1,42436,2,,41244,Tom White,LIB,,0,0.40281732923263847
WA,238,Curtin,ALP,1,15626,3,4,41359,Viktor Andrew Ko,ALP,,0,0.14832744807685005
WA,238,Curtin,GRN,1,8235,4,3,41755,Kitty Hemsley,GRN,,0,0.0781694953867183
WA,238,Curtin,ON,1,2731,5,2,41657,Alexander Ironside,ON,,0,0.02592360557390743
WA,238,Curtin,OTH,1,2368,6,1,42076,Fred Mulholland,OTH_HMP,CENTRE_LEFT,0,0.022477882826441888
WA,312,Durack,LNP,2,40892,1,,41247,Melissa Price,LIB,,1,0.4648825629248994
WA,312,Durack,ALP,1,20583,2,,41363,Karen Wheatland,ALP,,0,0.2339987721970851
WA,312,Durack,ON,1,8868,3,6,41659,Mark Berry,ON,,0,0.10081626156749506
WA,312,Durack,GRN,1,7196,4,5,41758,Brendan Sturcke,GRN,,0,0.08180805347763807
WA,312,Durack,OTH,4,10423,5,4,41743,Kat Wright,OTH_HMP,CENTRE_LEFT,3,0.11849434983288239
WA,239,Forrest,LNP,2,35782,1,,41252,Ben Small,LIB,,1,0.3597735704877485
WA,239,Forrest,ALP,1,22423,2,,41369,Tabitha Dowding,ALP,,0,0.225454216395025
WA,239,Forrest,IND,1,18206,3,6,42105,Sue Chapman,IND_PROMINENT,CENTRE_LEFT,0,0.18305398312838714
WA,239,Forrest,ON,1,8670,4,5,41661,Paul Van Der Mey,ON,,0,0.08717335129754568
WA,239,Forrest,GRN,1,7840,5,4,41777,Georgia Beardman,GRN,,0,0.07882803623676564
WA,239,Forrest,OTH,2,6536,6,3,41745,Aaron Peet,OTH_HMP,CENTRE_LEFT,1,0.0657168424545281
WA,240,Fremantle,ALP,1,39427,1,,41377,Josh Wilson,ALP,,0,0.38604719475178695
WA,240,Fremantle,IND,1,23500,2,,42074,Kate Hulett,IND_PROMINENT,LEFT,0,0.23009889356702243
WA,240,Fremantle,LNP,1,19254,3,5,41256,Tait Marston,LIB,,0,0.18852442964848723
WA,240,Fremantle,GRN,1,11802,4,4,41789,Amy Warne,GRN,,0,0.1155586017820425
WA,240,Fremantle,ON,1,6245,5,3,41708,Hannah Marriner,ON,,0,0.061147557035151276
WA,240,Fremantle,OTH,2,1902,6,2,40671,Joshua Last,OTH_SAL,LEFT,1,0.018623323215509646
WA,305,Hasluck,ALP,1,46203,1,,41406,Tania Lawrence,ALP,,0,0.4835428200646775
WA,305,Hasluck,LNP,1,21173,2,,41260,David Goode,LIB,,0,0.22158847107827234
WA,305,Hasluck,GRN,1,11912,3,5,41794,Tamica Matson,GRN,,0,0.12466640851482455
WA,305,Hasluck,ON,1,7050,4,4,41712,Adrian Deeth,ON,,0,0.07378258730939498
WA,305,Hasluck,OTH,3,9213,5,3,41749,Leo Treasure,OTH_HMP,CENTRE_LEFT,2,0.09641971303283063
WA,242,Moore,ALP,1,34734,1,,41414,Tom French,ALP,,0,0.3251120866366521
WA,242,Moore,LNP,1,33595,2,,41264,Vince Connelly,LIB,,0,0.31445098608160094
WA,242,Moore,OTH,3,15029,3,6,36592,Ian Goodenough,OTH_UNAFFILIATED,UNKNOWN,2,0.14067223901831763
WA,242,Moore,GRN,1,11877,4,5,41803,Scott Mccarthy,GRN,,0,0.11116935144191618
WA,242,Moore,IND,1,6762,5,4,40666,Nathan Barton,IND_PROMINENT,CENTRE_LEFT,0,0.06329267950241957
WA,242,Moore,ON,1,4840,6,3,41715,Paul Fimognari,ON,,0,0.045302657319093574
WA,243,O'Connor,LNP,2,47300,1,,41267,Rick Wilson,LIB,,1,0.4724566748239524
WA,243,O'Connor,ALP,1,21080,2,,41421,Darren Moir,ALP,,0,0.2105578584627678
WA,243,O'Connor,ON,1,11053,3,5,41717,Gemma Johnston,ON,,0,0.11040303650801578
WA,243,O'Connor,GRN,1,10014,4,4,41810,Giz Watson,GRN,,0,0.10002497128302452
WA,243,O'Connor,OTH,3,10668,5,3,41759,Philip Arnatt,OTH_HMP,CENTRE_LEFT,2,0.10655745892223943
WA,244,Pearce,ALP,1,39303,1,,41439,Tracey Roberts,ALP,,0,0.40067079200350686
WA,244,Pearce,LNP,1,27979,2,,41531,Jan Norberger,LIB,,0,0.28522932319329614
WA,244,Pearce,GRN,1,11640,3,4,41819,Nicholas D'Alonzo,GRN,,0,0.11866290153221942
WA,244,Pearce,ON,1,9089,4,3,41723,John Burton,ON,,0,0.09265696838714281
WA,244,Pearce,OTH,2,10082,5,2,41764,Ramon Granados Rangel,OTH_HMP,CENTRE_LEFT,1,0.10278001488383473
WA,245,Perth,ALP,1,42947,1,,41446,Patrick Gorman,ALP,,0,0.43052046994666987
WA,245,Perth,LNP,1,26026,2,,41541,Susanna Panaia,LIB,,0,0.2608965876739244
WA,245,Perth,GRN,1,24467,3,2,41823,Sophie Greer,GRN,,0,0.24526845503027386
WA,245,Perth,ON,1,6316,4,1,41725,Peter Hallifax,ON,,0,0.06331448734913188
WA,247,Swan,ALP,1,41897,1,,41456,Zaneta Mascarenhas,ALP,,0,0.4263024013024013
WA,247,Swan,LNP,1,26467,2,,41581,Mic Fels,LIB,,0,0.2693019943019943
WA,247,Swan,GRN,1,17186,3,4,41829,Clint Uink,GRN,,0,0.17486772486772487
WA,247,Swan,ON,1,5131,4,3,41731,Michael Halley,ON,,0,0.05220797720797721
WA,247,Swan,OTH,2,7599,5,2,41776,Shelley Leech,OTH_HMP,CENTRE_LEFT,1,0.07731990231990232
WA,248,Tangney,ALP,1,47175,1,,41470,Sam Lim,ALP,,0,0.42503446225369623
WA,248,Tangney,LNP,1,38027,2,,41590,Howard Ong,LIB,,0,0.34261336504761647
WA,248,Tangney,GRN,1,14410,3,4,41834,Eric Hayward,GRN,,0,0.12983034660467965
WA,248,Tangney,ON,1,4520,4,3,41736,Steve Kefalinos,ON,,0,0.04072402266850465
WA,248,Tangney,OTH,2,6859,5,2,41193,James Rai,OTH_AUC,RIGHT,1,0.06179780342550297
