division_key,actual_winner,actual_runner_up,actual_final_two,actual_winner_pct,division,winner,runner_up,final_two,winner_pct,winner_match,runner_up_match,final_two_match,winner_diff_pp
RICHMOND,GRN,ON,GRN+ON,64.6215,Richmond,GRN,ALP,ALP+GRN,0.5088534579848649,True,False,False,13.736154201513507
BLAXLAND,ALP,ON,ALP+ON,67.2059,Blaxland,ALP,IND,ALP+IND,0.55586160990127,True,False,False,11.619739009873001
FLYNN,ON,ALP,ALP+ON,61.9371,Flynn,ON,LNP,LNP+ON,0.5118612988769343,True,False,False,10.750970112306568
FLINDERS,LNP,IND,IND+LNP,62.4925,Flinders,LNP,IND,IND+LNP,0.5327436666410754,True,True,True,9.21813333589246
MAYO,OTH,ALP,ALP+OTH,65.4185,Mayo,OTH,ALP,ALP+OTH,0.5636774826407125,True,True,True,9.050751735928742
RIVERINA,LNP,IND,IND+LNP,61.7066,Riverina,LNP,ON,LNP+ON,0.5285022971496546,True,False,False,8.856370285034544
NEWCASTLE,ALP,GRN,ALP+GRN,58.5974,Newcastle,ALP,ON,ALP+ON,0.6694024218138849,True,False,False,8.342842181388484
COWAN,ALP,ON,ALP+ON,59.9485,Cowan,ALP,ON,ALP+ON,0.6827960162043982,True,True,True,8.331101620439817
MELBOURNE,GRN,ALP,ALP+GRN,52.065,Melbourne,GRN,ALP,ALP+GRN,0.5921749145088991,True,True,True,7.152491450889919
NICHOLLS,LNP,IND,IND+LNP,60.4812,Nicholls,LNP,IND,IND+LNP,0.5409712971424966,True,True,True,6.38407028575034
FARRER,LNP,IND,IND+LNP,52.8772,Farrer,LNP,IND,IND+LNP,0.5862526485830966,True,True,True,5.748064858309654
WATSON,ALP,IND,ALP+IND,63.6178,Watson,ALP,ON,ALP+ON,0.6836183079794632,True,False,False,4.744030797946323
COOPER,ALP,GRN,ALP+GRN,58.3818,Cooper,ALP,GRN,ALP+GRN,0.5365586271886744,True,True,True,4.725937281132559
LILLEY,ALP,ON,ALP+ON,61.4372,Lilley,ALP,ON,ALP+ON,0.6563214355264969,True,True,True,4.194943552649697
FADDEN,LNP,ON,LNP+ON,53.4754,Fadden,LNP,ON,LNP+ON,0.5764924912934434,True,True,True,4.17384912934434
MARIBYRNONG,ALP,ON,ALP+ON,60.2717,Maribyrnong,ALP,ON,ALP+ON,0.6427774188314002,True,True,True,4.006041883140007
LINGIARI,ALP,ON,ALP+ON,55.7702,Lingiari,ALP,ON,ALP+ON,0.5181034765156965,True,True,True,3.9598523484303456
HUME,LNP,ON,LNP+ON,54.362,Hume,LNP,ON,LNP+ON,0.5827657243128157,True,True,True,3.91457243128157
CORANGAMITE,ALP,LNP,ALP+LNP,58.3531,Corangamite,ALP,LNP,ALP+LNP,0.5455869451796492,True,True,True,3.7944054820350743
BULLWINKEL,LNP,ALP,ALP+LNP,54.2462,Bullwinkel,ALP,ON,ALP+ON,0.5049514313579263,False,False,False,3.7510568642073707
BARTON,ALP,ON,ALP+ON,60.8743,Barton,ALP,ON,ALP+ON,0.6459459905384181,True,True,True,3.7202990538418064
MORETON,ALP,ON,ALP+ON,63.2397,Moreton,ALP,ON,ALP+ON,0.6691294624810131,True,True,True,3.6732462481013073
HERBERT,LNP,ALP,ALP+LNP,64.4266,Herbert,LNP,ON,LNP+ON,0.6075548034352666,True,False,False,3.671119656473337
CURTIN,IND,LNP,IND+LNP,55.1373,Curtin,IND,LNP,IND+LNP,0.5152327220600664,True,True,True,3.6140277939933583
SWAN,ALP,ON,ALP+ON,61.0995,Swan,ALP,ON,ALP+ON,0.6466405556761696,True,True,True,3.5645555676169707
HOTHAM,ALP,ON,ALP+ON,63.3213,Hotham,ALP,ON,ALP+ON,0.6684952993104951,True,True,True,3.528229931049516
GREY,LNP,IND,IND+LNP,52.2261,Grey,LNP,IND,IND+LNP,0.5568043866226924,True,True,True,3.4543386622692367
KINGSFORD SMITH,ALP,ON,ALP+ON,63.5427,Kingsford Smith,ALP,ON,ALP+ON,0.6699659108571404,True,True,True,3.453891085714041
FRANKLIN,ALP,IND,ALP+IND,55.8958,Franklin,IND,ALP,ALP+IND,0.5246711849440062,False,False,True,3.4286815055993785
GELLIBRAND,ALP,ON,ALP+ON,62.0021,Gellibrand,ALP,ON,ALP+ON,0.6538636271485969,True,True,True,3.3842627148596875
LALOR,ALP,ON,ALP+ON,58.8128,Lalor,ALP,ON,ALP+ON,0.6217053296806552,True,True,True,3.3577329680655126
FREMANTLE,IND,ALP,ALP+IND,54.5318,Fremantle,ALP,IND,ALP+IND,0.5117537264361259,False,False,True,3.3564273563874067
BRISBANE,GRN,LNP,GRN+LNP,54.9148,Brisbane,LNP,GRN,GRN+LNP,0.5162246288589661,False,False,True,3.2923371141033826
MACARTHUR,ALP,ON,ALP+ON,59.0806,Macarthur,ALP,ON,ALP+ON,0.6233651404592958,True,True,True,3.255914045929586
FISHER,LNP,IND,IND+LNP,51.5051,Fisher,LNP,IND,IND+LNP,0.5463612901130738,True,True,True,3.131029011307376
MAKIN,ALP,ON,ALP+ON,60.4618,Makin,ALP,ON,ALP+ON,0.6355364258804936,True,True,True,3.091842588049367
JAGAJAGA,ALP,LNP,ALP+LNP,62.6059,Jagajaga,ALP,LNP,ALP+LNP,0.5955147174717581,True,True,True,3.054428252824188
EDEN-MONARO,ALP,ON,ALP+ON,53.9163,Eden-Monaro,ALP,ON,ALP+ON,0.5089424826683149,True,True,True,3.02205173316851
LYONS,ALP,ON,ALP+ON,54.0679,Lyons,ALP,ON,ALP+ON,0.5104605012732439,True,True,True,3.0218498726756096
CASEY,LNP,ALP,ALP+LNP,54.3802,Casey,LNP,ALP,ALP+LNP,0.5737147375625743,True,True,True,2.991273756257428
HINDMARSH,ALP,ON,ALP+ON,62.3821,Hindmarsh,ALP,ON,ALP+ON,0.653497896017591,True,True,True,2.9676896017590977
HASLUCK,ALP,ON,ALP+ON,60.8702,Hasluck,ALP,ON,ALP+ON,0.6374000652507951,True,True,True,2.869806525079511
GROOM,LNP,IND,IND+LNP,53.4071,Groom,LNP,IND,IND+LNP,0.5623953725077492,True,True,True,2.832437250774916
FORDE,ON,ALP,ALP+ON,53.9457,Forde,ON,ALP,ALP+ON,0.5112055129693243,True,True,True,2.825148703067576
BRADDON,ON,ALP,ALP+ON,50.7991,Braddon,ON,ALP,ALP+ON,0.5360823236928388,True,True,True,2.80913236928388
PERTH,ALP,ON,ALP+ON,63.2414,Perth,ALP,ON,ALP+ON,0.6604980336994382,True,True,True,2.808403369943818
OXLEY,ALP,ON,ALP+ON,63.7137,Oxley,ALP,ON,ALP+ON,0.6648828551517074,True,True,True,2.7745855151707417
LEICHHARDT,ON,ALP,ALP+ON,53.9568,Leichhardt,ON,ALP,ALP+ON,0.5672891977698944,True,True,True,2.7721197769894417
ADELAIDE,ALP,ON,ALP+ON,64.8834,Adelaide,ALP,ON,ALP+ON,0.6760282010128201,True,True,True,2.7194201012820116
PATERSON,ALP,ON,ALP+ON,53.1524,Paterson,ALP,ON,ALP+ON,0.5050819265923385,True,True,True,2.644207340766144
WRIGHT,ON,LNP,LNP+ON,55.0105,Wright,ON,LNP,LNP+ON,0.5244568835523091,True,True,True,2.5648116447690867
KENNEDY,OTH,ON,ON+OTH,69.5107,Kennedy,OTH,ON,ON+OTH,0.669650669193562,True,True,True,2.545633080643796
BRADFIELD,IND,LNP,IND+LNP,50.1668,Bradfield,IND,LNP,IND+LNP,0.526723140856812,True,True,True,2.505514085681206
GREENWAY,ALP,ON,ALP+ON,59.6505,Greenway,ALP,ON,ALP+ON,0.6208405004030492,True,True,True,2.4335500403049153
FRASER,ALP,GRN,ALP+GRN,53.302,Fraser,ALP,GRN,ALP+GRN,0.5569975827672007,True,True,True,2.3977582767200687
PEARCE,ALP,ON,ALP+ON,53.1457,Pearce,ALP,ON,ALP+ON,0.5548442581639246,True,True,True,2.3387258163924614
STURT,ALP,LNP,ALP+LNP,54.7999,Sturt,ALP,LNP,ALP+LNP,0.5249867717566996,True,True,True,2.30122282433004
WIDE BAY,LNP,ON,LNP+ON,50.0814,Wide Bay,LNP,ON,LNP+ON,0.5238144737898889,True,True,True,2.300047378988886
RANKIN,ALP,ON,ALP+ON,60.6254,Rankin,ALP,ON,ALP+ON,0.6290195036464609,True,True,True,2.2765503646460843
HINKLER,ON,LNP,LNP+ON,51.1697,Hinkler,LNP,ON,LNP+ON,0.5342405872472276,False,False,True,2.2543587247227563
CALWELL,ALP,ON,ALP+ON,61.6555,Calwell,ALP,ON,ALP+ON,0.5944529146640565,True,True,True,2.210208533594354
GILMORE,ALP,LNP,ALP+LNP,52.827,Gilmore,ALP,LNP,ALP+LNP,0.5067841101145397,True,True,True,2.148588988546024
RYAN,GRN,LNP,GRN+LNP,54.4456,Ryan,GRN,LNP,GRN+LNP,0.5649813277442653,True,True,True,2.0525327744265383
HAWKE,ON,ALP,ALP+ON,50.0249,Hawke,ON,ALP,ALP+ON,0.5203640062894259,True,True,True,2.011500628942592
CUNNINGHAM,ALP,ON,ALP+ON,61.5949,Cunningham,ALP,ON,ALP+ON,0.6351951775496228,True,True,True,1.9246177549622843
CORIO,ALP,ON,ALP+ON,59.4903,Corio,ALP,ON,ALP+ON,0.6139607054459607,True,True,True,1.9057705445960735
INDI,IND,ON,IND+ON,55.0648,Indi,IND,ON,IND+ON,0.5685280064936657,True,True,True,1.7880006493665732
KINGSTON,ALP,ON,ALP+ON,64.4762,Kingston,ALP,ON,ALP+ON,0.6620249400166252,True,True,True,1.7262940016625095
BEROWRA,LNP,ALP,ALP+LNP,54.5557,Berowra,LNP,ALP,ALP+LNP,0.5627437101122432,True,True,True,1.7186710112243233
PARKES,ON,LNP,LNP+ON,51.8501,Parkes,ON,LNP,LNP+ON,0.5014623401541121,True,True,True,1.7038659845887878
MCEWEN,ALP,ON,ALP+ON,52.4378,McEwen,ON,ALP,ALP+ON,0.5076170517779353,False,False,True,1.6760948222064798
MACQUARIE,ALP,ON,ALP+ON,54.2699,Macquarie,ALP,ON,ALP+ON,0.526258708456126,True,True,True,1.644029154387404
CHIFLEY,ALP,ON,ALP+ON,64.268,Chifley,ALP,ON,ALP+ON,0.6584631714627353,True,True,True,1.5783171462735197
SPENCE,ALP,ON,ALP+ON,58.6643,Spence,ALP,ON,ALP+ON,0.6022766906522999,True,True,True,1.563369065229999
BALLARAT,ALP,ON,ALP+ON,57.424,Ballarat,ALP,ON,ALP+ON,0.558616158320384,True,True,True,1.5623841679615964
CANBERRA,ALP,GRN,ALP+GRN,63.8042,Canberra,ALP,GRN,ALP+GRN,0.6226370029741982,True,True,True,1.5404997025801777
GOLDSTEIN,IND,LNP,IND+LNP,51.6357,Goldstein,LNP,IND,IND+LNP,0.5015465499585243,False,False,True,1.4810450041475676
BOOTHBY,ALP,LNP,ALP+LNP,62.0564,Boothby,ALP,LNP,ALP+LNP,0.6058649424612531,True,True,True,1.4699057538746843
BASS,ALP,ON,ALP+ON,52.7818,Bass,ALP,ON,ALP+ON,0.5137606103279498,True,True,True,1.4057389672050107
ROBERTSON,ALP,ON,ALP+ON,54.8456,Robertson,ALP,ON,ALP+ON,0.5344973168746995,True,True,True,1.3958683125300482
WENTWORTH,IND,LNP,IND+LNP,59.8899,Wentworth,IND,LNP,IND+LNP,0.5850831974164765,True,True,True,1.3815802583523435
NEW ENGLAND,LNP,ON,LNP+ON,58.0524,New England,LNP,ON,LNP+ON,0.5942617924639374,True,True,True,1.3737792463937382
LYNE,LNP,IND,IND+LNP,55.3836,Lyne,LNP,IND,IND+LNP,0.5669911750543183,True,True,True,1.3155175054318278
BARKER,LNP,ON,LNP+ON,58.4741,Barker,LNP,ON,LNP+ON,0.5978397789425802,True,True,True,1.3098778942580225
BURT,ALP,ON,ALP+ON,60.589,Burt,ALP,ON,ALP+ON,0.6188219624425311,True,True,True,1.2931962442531102
GORTON,ALP,ON,ALP+ON,56.0268,Gorton,ALP,ON,ALP+ON,0.5724709932098442,True,True,True,1.2202993209844166
COWPER,LNP,IND,IND+LNP,51.2441,Cowper,LNP,IND,IND+LNP,0.524428565803576,True,True,True,1.1987565803575961
BRAND,ALP,ON,ALP+ON,60.2546,Brand,ALP,ON,ALP+ON,0.6143470912224663,True,True,True,1.180109122246627
FAIRFAX,LNP,ALP,ALP+LNP,57.6867,Fairfax,LNP,ALP,ALP+LNP,0.5886636516540539,True,True,True,1.179665165405389
WERRIWA,ALP,LNP,ALP+LNP,54.7276,Werriwa,ALP,ON,ALP+ON,0.5590056851003368,True,False,False,1.1729685100336766
CALARE,ON,IND,IND+ON,50.6838,Calare,IND,ON,IND+ON,0.5183419605829748,False,False,True,1.1503960582974813
MONCRIEFF,LNP,ALP,ALP+LNP,60.1565,Moncrieff,LNP,ALP,ALP+LNP,0.5900801293640958,True,True,True,1.1484870635904159
WARRINGAH,IND,LNP,IND+LNP,60.8459,Warringah,IND,LNP,IND+LNP,0.6196225397502897,True,True,True,1.1163539750289715
CHISHOLM,ALP,LNP,ALP+LNP,55.0457,Chisholm,ALP,LNP,ALP+LNP,0.5615130709772774,True,True,True,1.1056070977277486
DAWSON,LNP,ON,LNP+ON,51.7289,Dawson,LNP,ON,LNP+ON,0.5277820307263799,True,True,True,1.0493030726379828
MCMAHON,ALP,ON,ALP+ON,56.845,McMahon,ALP,ON,ALP+ON,0.578174742443959,True,True,True,0.9724742443959045
DOBELL,ALP,ON,ALP+ON,53.7111,Dobell,ALP,ON,ALP+ON,0.5274246721926266,True,True,True,0.9686327807373445
CAPRICORNIA,ON,ALP,ALP+ON,60.0421,Capricornia,ON,ALP,ALP+ON,0.6100525877233003,True,True,True,0.9631587723300328
ISAACS,ALP,ON,ALP+ON,61.7935,Isaacs,ALP,ON,ALP+ON,0.6270349362932536,True,True,True,0.9099936293253563
CLARK,IND,GRN,GRN+IND,68.8768,Clark,IND,GRN,GRN+IND,0.6976580763928222,True,True,True,0.8890076392822124
BRUCE,ALP,ON,ALP+ON,56.7583,Bruce,ALP,ON,ALP+ON,0.5761893438893282,True,True,True,0.860634388932823
LA TROBE,LNP,ALP,ALP+LNP,55.5296,La Trobe,LNP,ALP,ALP+LNP,0.547064541389629,True,True,True,0.8231458610370979
DUNKLEY,ALP,ON,ALP+ON,55.2569,Dunkley,ALP,ON,ALP+ON,0.5607213565577653,True,True,True,0.815235655776533
BLAIR,ON,ALP,ALP+ON,52.5598,Blair,ON,ALP,ALP+ON,0.5337389694227489,True,True,True,0.8140969422748867
GIPPSLAND,LNP,ON,LNP+ON,57.9957,Gippsland,LNP,ON,LNP+ON,0.5880755747404816,True,True,True,0.8118574740481534
BOWMAN,LNP,ALP,ALP+LNP,55.1023,Bowman,LNP,ALP,ALP+LNP,0.5429619471197269,True,True,True,0.806105288027311
MONASH,IND,LNP,IND+LNP,50.139,Monash,IND,ON,IND+ON,0.5088979951920216,True,False,False,0.750799519202161
SYDNEY,ALP,GRN,ALP+GRN,63.56,Sydney,ALP,GRN,ALP+GRN,0.6282274702515915,True,True,True,0.7372529748408496
SHORTLAND,ALP,ON,ALP+ON,54.9604,Shortland,ALP,ON,ALP+ON,0.5424165324635732,True,True,True,0.7187467536426766
WILLS,GRN,ALP,ALP+GRN,53.2178,Wills,GRN,ALP,ALP+GRN,0.5392003012381791,True,True,True,0.7022301238179125
BENNELONG,ALP,LNP,ALP+LNP,56.3856,Bennelong,ALP,LNP,ALP+LNP,0.5572032576562811,True,True,True,0.6652742343718856
GRIFFITH,GRN,ALP,ALP+GRN,51.4899,Griffith,GRN,ALP,ALP+GRN,0.52074055407066,True,True,True,0.5841554070659996
MITCHELL,LNP,ALP,ALP+LNP,56.9098,Mitchell,LNP,ALP,ALP+LNP,0.5633489483239419,True,True,True,0.5749051676058059
DURACK,LNP,ON,LNP+ON,50.3651,Durack,ON,OTH,ON+OTH,0.5088905590409775,False,False,False,0.5239559040977468
TANGNEY,ALP,LNP,ALP+LNP,54.7348,Tangney,ALP,LNP,ALP+LNP,0.5523150935641914,True,True,True,0.4967093564191387
MCPHERSON,LNP,ALP,ALP+LNP,57.182,McPherson,LNP,ALP,ALP+LNP,0.5766170163113822,True,True,True,0.4797016311382123
MACNAMARA,ALP,LNP,ALP+LNP,63.3623,Macnamara,ALP,LNP,ALP+LNP,0.6289896592623475,True,True,True,0.46333407376524605
DEAKIN,ALP,LNP,ALP+LNP,50.5546,Deakin,ALP,LNP,ALP+LNP,0.5009188060049732,True,True,True,0.4627193995026815
PETRIE,LNP,ALP,ALP+LNP,52.0378,Petrie,LNP,ALP,ALP+LNP,0.5158053805064953,True,True,True,0.4572619493504675
MALLEE,LNP,ON,LNP+ON,55.0831,Mallee,LNP,ON,LNP+ON,0.5553154221324675,True,True,True,0.44844221324675004
LINDSAY,LNP,ALP,ALP+LNP,54.3576,Lindsay,LNP,ALP,ALP+LNP,0.5391492938635004,True,True,True,0.44267061364995897
HOLT,ALP,ON,ALP+ON,57.0745,Holt,ALP,ON,ALP+ON,0.5750037652628783,True,True,True,0.4258765262878299
WHITLAM,ALP,ON,ALP+ON,51.883,Whitlam,ALP,ON,ALP+ON,0.5227218644227428,True,True,True,0.3891864422742799
BENDIGO,LNP,ALP,ALP+LNP,50.6749,Bendigo,LNP,ALP,ALP+LNP,0.5029376758216415,True,True,True,0.3811324178358504
WANNON,LNP,IND,IND+LNP,53.8732,Wannon,LNP,IND,IND+LNP,0.5350020298622633,True,True,True,0.37299701377367
LONGMAN,ON,ALP,ALP+ON,54.2654,Longman,ON,ALP,ALP+ON,0.5462472498621267,True,True,True,0.35932498621266973
PAGE,LNP,ALP,ALP+LNP,61.5702,Page,LNP,ALP,ALP+LNP,0.612247590736199,True,True,True,0.3454409263800926
BANKS,LNP,ALP,ALP+LNP,50.4975,Banks,LNP,ALP,ALP+LNP,0.508329869647022,True,True,True,0.3354869647021985
O'CONNOR,LNP,ON,LNP+ON,50.9127,O'Connor,ON,LNP,LNP+ON,0.5058385381856779,False,False,True,0.3288461814322119
COOK,LNP,ALP,ALP+LNP,60.0113,Cook,LNP,ALP,ALP+LNP,0.5968563799936673,True,True,True,0.32566200063327244
CANNING,LNP,ALP,ALP+LNP,55.9055,Canning,LNP,ALP,ALP+LNP,0.5622430859225662,True,True,True,0.31880859225661595
MARANOA,LNP,ON,LNP+ON,55.6908,Maranoa,LNP,ON,LNP+ON,0.5600634628805576,True,True,True,0.31554628805576357
MOORE,LNP,ALP,ALP+LNP,50.8176,Moore,ALP,LNP,ALP+LNP,0.5052896583965595,False,False,True,0.28863416034405276
HUGHES,LNP,ALP,ALP+LNP,50.4409,Hughes,ALP,LNP,ALP+LNP,0.5015413334319081,False,False,True,0.286766656809192
FORREST,LNP,IND,IND+LNP,50.4318,Forrest,ON,IND,IND+ON,0.5071349055427623,False,True,False,0.28169055427623135
DICKSON,ALP,LNP,ALP+LNP,50.5964,Dickson,LNP,ALP,ALP+LNP,0.5033616456286428,False,False,True,0.2602354371357194
PARRAMATTA,ALP,LNP,ALP+LNP,60.0432,Parramatta,ALP,LNP,ALP+LNP,0.5979808785317754,True,True,True,0.24511214682245708
BONNER,ALP,LNP,ALP+LNP,51.309,Bonner,ALP,LNP,ALP+LNP,0.5155082018888925,True,True,True,0.24182018888924972
REID,ALP,LNP,ALP+LNP,59.6772,Reid,ALP,LNP,ALP+LNP,0.5991793066548501,True,True,True,0.24073066548501032
SCULLIN,ALP,ON,ALP+ON,56.9373,Scullin,ALP,ON,ALP+ON,0.5670694038144147,True,True,True,0.2303596185585306
GRAYNDLER,ALP,GRN,ALP+GRN,60.83,Grayndler,ALP,GRN,ALP+GRN,0.6101743079838149,True,True,True,0.18743079838149157
SOLOMON,ALP,LNP,ALP+LNP,51.0367,Solomon,LNP,ALP,ALP+LNP,0.5121614916460456,False,False,True,0.17944916460456284
MACKELLAR,IND,LNP,IND+LNP,55.3434,Mackellar,IND,LNP,IND+LNP,0.5551901787862318,True,True,True,0.17561787862317857
MENZIES,LNP,ALP,ALP+LNP,50.5668,Menzies,LNP,ALP,ALP+LNP,0.5072293797492222,True,True,True,0.15613797492222403
HUNTER,ALP,ON,ALP+ON,50.8983,Hunter,ALP,ON,ALP+ON,0.507472384910779,True,True,True,0.1510615089221048
ASTON,ALP,LNP,ALP+LNP,50.6575,Aston,ALP,LNP,ALP+LNP,0.5077654172184951,True,True,True,0.11904172184951278
KOOYONG,IND,LNP,IND+LNP,53.6718,Kooyong,IND,LNP,IND+LNP,0.5374732487351992,True,True,True,0.07552487351992454
FOWLER,IND,ALP,ALP+IND,56.3923,Fowler,IND,ALP,ALP+IND,0.5633955070386603,True,True,True,0.05274929613397461
