Seat,Eliminated,ReportedAliveSet,AliveSet,AliveSetSource,AliveSetPositionConflict,RecordedPosition,TopThree
ACT,GRN,ALP+IND+LNP,ALP+IND+LNP,positive_recipients_validated_against_3cp,False,nan,
ACT,IND,ALP+GRN+LNP,ALP+GRN+LNP,positive_recipients_validated_against_3cp,False,nan,
ACT,LNP,ALP+GRN+IND,ALP+GRN+IND,positive_recipients_validated_against_3cp,False,nan,
ACT,OTH,ALP+GRN+IND+LNP,ALP+GRN+IND+LNP,positive_recipients_validated_against_3cp,False,nan,
Adelaide,GRN,ALP+LNP,ALP+LNP,positive_recipients_validated_against_3cp,False,3.0,ALP+LNP+GRN
Adelaide,ON,ALP+GRN+LNP,ALP+GRN+LNP,positive_recipients_validated_against_3cp,False,4.0,ALP+LNP+GRN
Adelaide,OTH,ALP+GRN+LNP+ON,ALP+GRN+LNP+ON,positive_recipients_validated_against_3cp,False,5.0,ALP+LNP+GRN
Aston,GRN,ALP+LNP,ALP+LNP,positive_recipients_validated_against_3cp,False,3.0,ALP+LNP+GRN
Aston,IND,ALP+GRN+LNP+ON,ALP+GRN+LNP+ON,positive_recipients_validated_against_3cp,False,5.0,ALP+LNP+GRN
Aston,ON,ALP+GRN+LNP,ALP+GRN+LNP,positive_recipients_validated_against_3cp,False,4.0,ALP+LNP+GRN
Aston,OTH,ALP+GRN+IND+LNP+ON,ALP+GRN+IND+LNP+ON,positive_recipients_validated_against_3cp,False,6.0,ALP+LNP+GRN
Ballarat,GRN,ALP+LNP,ALP+LNP,positive_recipients_validated_against_3cp,False,3.0,ALP+LNP+GRN
Ballarat,IND,ALP+GRN+LNP+ON+OTH,ALP+GRN+LNP+ON+OTH,positive_recipients_validated_against_3cp,False,5.0,ALP+LNP+GRN
Ballarat,ON,ALP+GRN+LNP,ALP+GRN+LNP,positive_recipients_validated_against_3cp,False,4.0,ALP+LNP+GRN
Ballarat,OTH,ALP+GRN+IND+LNP+ON,ALP+GRN+IND+LNP+ON,positive_recipients_validated_against_3cp,False,6.0,ALP+LNP+GRN
Banks,GRN,ALP+LNP,ALP+LNP,positive_recipients_validated_against_3cp,False,3.0,ALP+LNP+GRN
Banks,IND,ALP+GRN+LNP+ON+OTH,ALP+GRN+LNP+ON+OTH,positive_recipients_validated_against_3cp,False,6.0,ALP+LNP+GRN
Banks,ON,ALP+GRN+LNP,ALP+GRN+LNP,positive_recipients_validated_against_3cp,False,4.0,ALP+LNP+GRN
Banks,OTH,ALP+GRN+LNP+ON,ALP+GRN+LNP+ON,positive_recipients_validated_against_3cp,False,5.0,ALP+LNP+GRN
Barker*(**),GRN,ALP+LNP+ON,ALP+LNP+ON,positive_recipients_validated_against_3cp,False,4.0,LNP+ALP+ON
Barker*(**),IND,ALP+GRN+LNP+ON,ALP+GRN+LNP+ON,positive_recipients_validated_against_3cp,False,5.0,LNP+ALP+ON
Barker*(**),ON,ALP+LNP,ALP+LNP,positive_recipients_validated_against_3cp,False,3.0,LNP+ALP+ON
Barker*(**),OTH,ALP+GRN+IND+LNP+ON,ALP+GRN+IND+LNP+ON,positive_recipients_validated_against_3cp,False,5.0,LNP+ALP+ON
Barton,GRN,ALP+LNP,ALP+LNP,positive_recipients_validated_against_3cp,False,3.0,ALP+LNP+GRN
Barton,ON,ALP+GRN+LNP,ALP+GRN+LNP,positive_recipients_validated_against_3cp,False,4.0,ALP+LNP+GRN
Barton,OTH,ALP+GRN+LNP+ON,ALP+GRN+LNP+ON,positive_recipients_validated_against_3cp,False,5.0,ALP+LNP+GRN
Bass,GRN,ALP+LNP,ALP+LNP,positive_recipients_validated_against_3cp,False,3.0,ALP+LNP+GRN
Bass,IND,ALP+GRN+LNP+ON,ALP+GRN+LNP+ON,positive_recipients_validated_against_3cp,False,4.0,ALP+LNP+GRN
Bass,ON,ALP+GRN+LNP,ALP+GRN+LNP,positive_recipients_validated_against_3cp,False,4.0,ALP+LNP+GRN
Bass,OTH,ALP+GRN+IND+LNP+ON,ALP+GRN+IND+LNP+ON,positive_recipients_validated_against_3cp,False,6.0,ALP+LNP+GRN
Bean,GRN,ALP+IND+LNP,ALP+IND+LNP,positive_recipients_validated_against_3cp,False,4.0,ALP+IND+LNP
Bean,LNP,ALP+IND,ALP+IND,positive_recipients_validated_against_3cp,False,3.0,ALP+IND+LNP
Bendigo**,GRN,ALP+LNP,ALP+LNP,positive_recipients_validated_against_3cp,False,3.0,ALP+LNP+GRN
Bendigo**,ON,ALP+GRN+LNP+OTH,ALP+GRN+LNP+OTH,positive_recipients_validated_against_3cp,False,5.0,ALP+LNP+GRN
Bendigo**,OTH,ALP+GRN+LNP+ON,ALP+GRN+LNP+ON,positive_recipients_validated_against_3cp,False,4.0,ALP+LNP+GRN
Bennelong,GRN,ALP+LNP,ALP+LNP,positive_recipients_validated_against_3cp,False,3.0,ALP+LNP+GRN
Bennelong,ON,ALP+GRN+LNP,ALP+GRN+LNP,positive_recipients_validated_against_3cp,False,4.0,ALP+LNP+GRN
Bennelong,OTH,ALP+GRN+LNP+ON,ALP+GRN+LNP+ON,positive_recipients_validated_against_3cp,False,5.0,ALP+LNP+GRN
Berowra*,GRN,ALP+IND+LNP,ALP+IND+LNP,positive_recipients_validated_against_3cp,False,4.0,LNP+ALP+IND
Berowra*,IND,ALP+LNP,ALP+LNP,positive_recipients_validated_against_3cp,False,3.0,LNP+ALP+IND
Berowra*,ON,ALP+GRN+IND+LNP,ALP+GRN+IND+LNP,positive_recipients_validated_against_3cp,False,5.0,LNP+ALP+IND
Berowra*,OTH,ALP+GRN+IND+LNP+ON,ALP+GRN+IND+LNP+ON,positive_recipients_validated_against_3cp,False,6.0,LNP+ALP+IND
Blair,GRN,ALP+LNP+ON,ALP+LNP+ON,positive_recipients_validated_against_3cp,True,3.0,ALP+LNP+ON
Blair,ON,ALP+LNP,ALP+LNP,positive_recipients_validated_against_3cp,False,3.0,ALP+LNP+ON
Blair,OTH,ALP+GRN+LNP+ON,ALP+GRN+LNP+ON,positive_recipients_validated_against_3cp,False,5.0,ALP+LNP+ON
Blaxland,GRN,ALP+IND+LNP,ALP+IND+LNP,positive_recipients_validated_against_3cp,False,4.0,ALP+LNP+IND
Blaxland,IND,ALP+LNP,ALP+LNP,positive_recipients_validated_against_3cp,False,3.0,ALP+LNP+IND
Blaxland,ON,ALP+GRN+IND+LNP,ALP+GRN+IND+LNP,positive_recipients_validated_against_3cp,False,5.0,ALP+LNP+IND
Blaxland,OTH,ALP+GRN+IND+LNP+ON,ALP+GRN+IND+LNP+ON,positive_recipients_validated_against_3cp,False,6.0,ALP+LNP+IND
Bonner,GRN,ALP+LNP,ALP+LNP,positive_recipients_validated_against_3cp,False,3.0,ALP+LNP+GRN
Bonner,ON,ALP+GRN+LNP,ALP+GRN+LNP,positive_recipients_validated_against_3cp,False,4.0,ALP+LNP+GRN
Bonner,OTH,ALP+GRN+LNP+ON,ALP+GRN+LNP+ON,positive_recipients_validated_against_3cp,False,5.0,ALP+LNP+GRN
Boothby,GRN,ALP+LNP,ALP+LNP,positive_recipients_validated_against_3cp,False,3.0,ALP+LNP+GRN
Boothby,ON,ALP+GRN+LNP,ALP+GRN+LNP,positive_recipients_validated_against_3cp,False,4.0,ALP+LNP+GRN
Boothby,OTH,ALP+GRN+LNP+ON,ALP+GRN+LNP+ON,positive_recipients_validated_against_3cp,False,5.0,ALP+LNP+GRN
Bowman,GRN,ALP+LNP,ALP+LNP,positive_recipients_validated_against_3cp,False,3.0,LNP+ALP+GRN
Bowman,IND,ALP+GRN+LNP+ON+OTH,ALP+GRN+LNP+ON+OTH,positive_recipients_validated_against_3cp,False,6.0,LNP+ALP+GRN
Bowman,ON,ALP+GRN+LNP,ALP+GRN+LNP,positive_recipients_validated_against_3cp,False,4.0,LNP+ALP+GRN
Bowman,OTH,ALP+GRN+LNP+ON,ALP+GRN+LNP+ON,positive_recipients_validated_against_3cp,False,5.0,LNP+ALP+GRN
Braddon,GRN,ALP+LNP+ON,ALP+LNP+ON,positive_recipients_validated_against_3cp,True,3.0,ALP+LNP+ON
Braddon,IND,ALP+GRN+LNP+ON,ALP+GRN+LNP+ON,positive_recipients_validated_against_3cp,False,5.0,ALP+LNP+ON
Braddon,ON,ALP+LNP,ALP+LNP,positive_recipients_validated_against_3cp,False,3.0,ALP+LNP+ON
Braddon,OTH,ALP+GRN+IND+LNP+ON,ALP+GRN+IND+LNP+ON,positive_recipients_validated_against_3cp,False,6.0,ALP+LNP+ON
Bradfield*,ALP,IND+LNP,IND+LNP,positive_recipients_validated_against_3cp,False,3.0,IND+LNP+ALP
Bradfield*,GRN,ALP+IND+LNP,ALP+IND+LNP,positive_recipients_validated_against_3cp,False,4.0,IND+LNP+ALP
Bradfield*,ON,ALP+GRN+IND+LNP+OTH,ALP+GRN+IND+LNP+OTH,positive_recipients_validated_against_3cp,False,5.0,IND+LNP+ALP
Bradfield*,OTH,ALP+GRN+IND+LNP+ON,ALP+GRN+IND+LNP+ON,positive_recipients_validated_against_3cp,False,6.0,IND+LNP+ALP
Brand,GRN,ALP+LNP,ALP+LNP,positive_recipients_validated_against_3cp,False,3.0,ALP+LNP+GRN
Brand,ON,ALP+GRN+LNP,ALP+GRN+LNP,positive_recipients_validated_against_3cp,False,4.0,ALP+LNP+GRN
Brand,OTH,ALP+GRN+LNP+ON,ALP+GRN+LNP+ON,positive_recipients_validated_against_3cp,False,5.0,ALP+LNP+GRN
Brisbane,GRN,ALP+LNP,ALP+LNP,positive_recipients_validated_against_3cp,False,3.0,ALP+LNP+GRN
Brisbane,ON,ALP+GRN+LNP,ALP+GRN+LNP,positive_recipients_validated_against_3cp,False,4.0,ALP+LNP+GRN
Brisbane,OTH,ALP+GRN+LNP+ON,ALP+GRN+LNP+ON,positive_recipients_validated_against_3cp,False,5.0,ALP+LNP+GRN
Bruce,GRN,ALP+LNP,ALP+LNP,positive_recipients_validated_against_3cp,False,3.0,ALP+LNP+GRN
Bruce,ON,ALP+GRN+LNP,ALP+GRN+LNP,positive_recipients_validated_against_3cp,False,4.0,ALP+LNP+GRN
Bruce,OTH,ALP+GRN+LNP+ON,ALP+GRN+LNP+ON,positive_recipients_validated_against_3cp,False,5.0,ALP+LNP+GRN
Bullwinkel**,GRN,ALP+LNP,ALP+LNP,positive_recipients_validated_against_3cp,False,3.0,ALP+LNP+GRN
Bullwinkel**,ON,ALP+GRN+LNP,ALP+GRN+LNP,positive_recipients_validated_against_3cp,False,4.0,ALP+LNP+GRN
Bullwinkel**,OTH,ALP+GRN+LNP+ON,ALP+GRN+LNP+ON,positive_recipients_validated_against_3cp,False,5.0,ALP+LNP+GRN
Burt,GRN,ALP+LNP+ON,ALP+LNP+ON,positive_recipients_validated_against_3cp,False,4.0,ALP+LNP+ON
Burt,IND,ALP+GRN+LNP+ON+OTH,ALP+GRN+LNP+ON+OTH,positive_recipients_validated_against_3cp,False,6.0,ALP+LNP+ON
Burt,ON,ALP+LNP,ALP+LNP,positive_recipients_validated_against_3cp,False,3.0,ALP+LNP+ON
Burt,OTH,ALP+GRN+LNP+ON,ALP+GRN+LNP+ON,positive_recipients_validated_against_3cp,False,5.0,ALP+LNP+ON
Calare*,ALP,IND+LNP+OTH,IND+LNP+OTH,positive_recipients_validated_against_3cp,False,4.0,IND+LNP+IND
Calare*,OTH,IND+LNP,IND+LNP,positive_recipients_validated_against_3cp,True,3.0,IND+LNP+IND
Calwell,GRN,ALP+IND+LNP,ALP+IND+LNP,positive_recipients_validated_against_3cp,False,4.0,ALP+IND+LNP
Calwell,LNP,ALP+IND,ALP+IND,positive_recipients_validated_against_3cp,False,3.0,ALP+IND+LNP
Calwell,ON,ALP+GRN+IND+LNP+OTH,ALP+GRN+IND+LNP+OTH,positive_recipients_validated_against_3cp,False,6.0,ALP+IND+LNP
Calwell,OTH,ALP+GRN+IND+LNP,ALP+GRN+IND+LNP,positive_recipients_validated_against_3cp,False,5.0,ALP+IND+LNP
Calwell*,GRN,ALP+IND+LNP,ALP+IND+LNP,positive_recipients_validated_against_3cp,False,4.0,ALP+IND+LNP
Calwell*,LNP,ALP+IND,ALP+IND,positive_recipients_validated_against_3cp,False,3.0,ALP+IND+LNP
Calwell*,ON,ALP+GRN+IND+LNP+OTH,ALP+GRN+IND+LNP+OTH,positive_recipients_validated_against_3cp,False,5.0,ALP+IND+LNP
Calwell*,OTH,ALP+GRN+IND+LNP+ON,ALP+GRN+IND+LNP+ON,positive_recipients_validated_against_3cp,False,6.0,ALP+IND+LNP
Canberra,IND,ALP+GRN+LNP,ALP+GRN+LNP,positive_recipients_validated_against_3cp,False,4.0,ALP+GRN+LNP
Canberra,LNP,ALP+GRN,ALP+GRN,positive_recipients_validated_against_3cp,False,3.0,ALP+GRN+LNP
Canberra,OTH,ALP+GRN+IND+LNP,ALP+GRN+IND+LNP,positive_recipients_validated_against_3cp,False,5.0,ALP+GRN+LNP
Canning,GRN,ALP+LNP+ON,ALP+LNP+ON,positive_recipients_validated_against_3cp,False,4.0,LNP+ALP+ON
Canning,ON,ALP+LNP,ALP+LNP,positive_recipients_validated_against_3cp,False,3.0,LNP+ALP+ON
Canning,OTH,ALP+GRN+LNP+ON,ALP+GRN+LNP+ON,positive_recipients_validated_against_3cp,False,5.0,LNP+ALP+ON
Capricornia,GRN,ALP+LNP+ON+OTH,ALP+LNP+ON+OTH,positive_recipients_validated_against_3cp,False,5.0,LNP+ALP+ON
Capricornia,ON,ALP+LNP,ALP+LNP,positive_recipients_validated_against_3cp,False,3.0,LNP+ALP+ON
Capricornia,OTH,ALP+LNP+ON,ALP+LNP+ON,positive_recipients_validated_against_3cp,False,4.0,LNP+ALP+ON
Casey,GRN,ALP+IND+LNP,ALP+IND+LNP,positive_recipients_validated_against_3cp,False,4.0,LNP+ALP+IND
Casey,IND,ALP+LNP,ALP+LNP,positive_recipients_validated_against_3cp,False,3.0,LNP+ALP+IND
Casey,ON,ALP+GRN+IND+LNP,ALP+GRN+IND+LNP,positive_recipients_validated_against_3cp,False,5.0,LNP+ALP+IND
Casey,OTH,ALP+GRN+IND+LNP+ON,ALP+GRN+IND+LNP+ON,positive_recipients_validated_against_3cp,False,6.0,LNP+ALP+IND
Chifley,GRN,ALP+LNP,ALP+LNP,positive_recipients_validated_against_3cp,False,3.0,ALP+LNP+GRN
Chifley,IND,ALP+GRN+LNP+ON+OTH,ALP+GRN+LNP+ON+OTH,positive_recipients_validated_against_3cp,False,6.0,ALP+LNP+GRN
Chifley,ON,ALP+GRN+LNP,ALP+GRN+LNP,positive_recipients_validated_against_3cp,False,4.0,ALP+LNP+GRN
Chifley,OTH,ALP+GRN+LNP+ON,ALP+GRN+LNP+ON,positive_recipients_validated_against_3cp,False,5.0,ALP+LNP+GRN
Chisholm,GRN,ALP+LNP,ALP+LNP,positive_recipients_validated_against_3cp,False,3.0,ALP+LNP+GRN
Chisholm,IND,ALP+GRN+LNP,ALP+GRN+LNP,positive_recipients_validated_against_3cp,False,4.0,ALP+LNP+GRN
Chisholm,ON,ALP+GRN+IND+LNP,ALP+GRN+IND+LNP,positive_recipients_validated_against_3cp,False,5.0,ALP+LNP+GRN
Chisholm,OTH,ALP+GRN+IND+LNP+ON,ALP+GRN+IND+LNP+ON,positive_recipients_validated_against_3cp,False,6.0,ALP+LNP+GRN
Clark,GRN,ALP+IND+LNP,ALP+IND+LNP,positive_recipients_validated_against_3cp,False,4.0,IND+ALP+LNP
Clark,LNP,ALP+IND,ALP+IND,positive_recipients_validated_against_3cp,False,3.0,IND+ALP+LNP
Clark,ON,ALP+GRN+IND+LNP,ALP+GRN+IND+LNP,positive_recipients_validated_against_3cp,False,5.0,IND+ALP+LNP
Cook,GRN,ALP+LNP,ALP+LNP,positive_recipients_validated_against_3cp,False,3.0,LNP+ALP+GRN
Cook,ON,ALP+GRN+LNP,ALP+GRN+LNP,positive_recipients_validated_against_3cp,False,4.0,LNP+ALP+GRN
Cook,OTH,ALP+GRN+LNP+ON,ALP+GRN+LNP+ON,positive_recipients_validated_against_3cp,False,5.0,LNP+ALP+GRN
Cooper,LNP,ALP+GRN,ALP+GRN,positive_recipients_validated_against_3cp,False,3.0,ALP+GRN+LNP
Cooper,ON,ALP+GRN+LNP+OTH,ALP+GRN+LNP+OTH,positive_recipients_validated_against_3cp,False,5.0,ALP+GRN+LNP
Cooper,OTH,ALP+GRN+LNP,ALP+GRN+LNP,positive_recipients_validated_against_3cp,True,3.0,ALP+GRN+LNP
Corangamite,GRN,ALP+LNP,ALP+LNP,positive_recipients_validated_against_3cp,False,3.0,ALP+LNP+GRN
Corangamite,IND,ALP+GRN+LNP,ALP+GRN+LNP,positive_recipients_validated_against_3cp,False,4.0,ALP+LNP+GRN
Corangamite,ON,ALP+GRN+IND+LNP,ALP+GRN+IND+LNP,positive_recipients_validated_against_3cp,False,5.0,ALP+LNP+GRN
Corangamite,OTH,ALP+GRN+IND+LNP+ON,ALP+GRN+IND+LNP+ON,positive_recipients_validated_against_3cp,False,6.0,ALP+LNP+GRN
Corio,GRN,ALP+LNP,ALP+LNP,positive_recipients_validated_against_3cp,False,3.0,ALP+LNP+GRN
Corio,IND,ALP+GRN+LNP+ON,ALP+GRN+LNP+ON,positive_recipients_validated_against_3cp,False,5.0,ALP+LNP+GRN
Corio,ON,ALP+GRN+LNP,ALP+GRN+LNP,positive_recipients_validated_against_3cp,False,4.0,ALP+LNP+GRN
Corio,OTH,ALP+GRN+IND+LNP+ON,ALP+GRN+IND+LNP+ON,positive_recipients_validated_against_3cp,False,6.0,ALP+LNP+GRN
Cowan,GRN,ALP+LNP,ALP+LNP,positive_recipients_validated_against_3cp,False,3.0,ALP+LNP+GRN
Cowan,IND,ALP+GRN+LNP+ON+OTH,ALP+GRN+LNP+ON+OTH,positive_recipients_validated_against_3cp,False,6.0,ALP+LNP+GRN
Cowan,ON,ALP+GRN+LNP,ALP+GRN+LNP,positive_recipients_validated_against_3cp,False,4.0,ALP+LNP+GRN
Cowan,OTH,ALP+GRN+LNP+ON,ALP+GRN+LNP+ON,positive_recipients_validated_against_3cp,False,5.0,ALP+LNP+GRN
Cowper*,ALP,IND+LNP,IND+LNP,positive_recipients_validated_against_3cp,False,3.0,LNP+IND+ALP
Cowper*,GRN,ALP+IND+LNP+ON+OTH,ALP+IND+LNP+ON+OTH,positive_recipients_validated_against_3cp,False,6.0,LNP+IND+ALP
Cowper*,ON,ALP+IND+LNP,ALP+IND+LNP,positive_recipients_validated_against_3cp,False,4.0,LNP+IND+ALP
Cowper*,OTH,ALP+IND+LNP+ON,ALP+IND+LNP+ON,positive_recipients_validated_against_3cp,False,5.0,LNP+IND+ALP
Cunningham,GRN,ALP+LNP,ALP+LNP,positive_recipients_validated_against_3cp,False,3.0,ALP+LNP+GRN
Cunningham,ON,ALP+GRN+LNP,ALP+GRN+LNP,positive_recipients_validated_against_3cp,False,4.0,ALP+LNP+GRN
Cunningham,OTH,ALP+GRN+LNP+ON,ALP+GRN+LNP+ON,positive_recipients_validated_against_3cp,False,5.0,ALP+LNP+GRN
Curtin,ALP,IND+LNP,IND+LNP,positive_recipients_validated_against_3cp,False,3.0,IND+LNP+ALP
Curtin,GRN,ALP+IND+LNP,ALP+IND+LNP,positive_recipients_validated_against_3cp,False,4.0,IND+LNP+ALP
Curtin,ON,ALP+GRN+IND+LNP,ALP+GRN+IND+LNP,positive_recipients_validated_against_3cp,False,5.0,IND+LNP+ALP
Curtin,OTH,ALP+GRN+IND+LNP+ON,ALP+GRN+IND+LNP+ON,positive_recipients_validated_against_3cp,False,6.0,IND+LNP+ALP
Dawson,GRN,ALP+LNP+ON+OTH,ALP+LNP+ON+OTH,positive_recipients_validated_against_3cp,False,5.0,LNP+ALP+ON
Dawson,ON,ALP+LNP,ALP+LNP,positive_recipients_validated_against_3cp,False,3.0,LNP+ALP+ON
Dawson,OTH,ALP+LNP+ON,ALP+LNP+ON,positive_recipients_validated_against_3cp,False,4.0,LNP+ALP+ON
Deakin,GRN,ALP+LNP,ALP+LNP,positive_recipients_validated_against_3cp,False,3.0,ALP+LNP+GRN
Deakin,IND,ALP+GRN+LNP,ALP+GRN+LNP,positive_recipients_validated_against_3cp,False,4.0,ALP+LNP+GRN
Deakin,ON,ALP+GRN+IND+LNP,ALP+GRN+IND+LNP,positive_recipients_validated_against_3cp,False,5.0,ALP+LNP+GRN
Deakin,OTH,ALP+GRN+IND+LNP+ON,ALP+GRN+IND+LNP+ON,positive_recipients_validated_against_3cp,False,6.0,ALP+LNP+GRN
Dickson,GRN,ALP+IND+LNP,ALP+IND+LNP,positive_recipients_validated_against_3cp,False,4.0,ALP+LNP+IND
Dickson,IND,ALP+LNP,ALP+LNP,positive_recipients_validated_against_3cp,False,3.0,ALP+LNP+IND
Dickson,ON,ALP+GRN+IND+LNP,ALP+GRN+IND+LNP,positive_recipients_validated_against_3cp,False,5.0,ALP+LNP+IND
Dickson,OTH,ALP+GRN+IND+LNP+ON,ALP+GRN+IND+LNP+ON,positive_recipients_validated_against_3cp,False,6.0,ALP+LNP+IND
Dobell,GRN,ALP+LNP,ALP+LNP,positive_recipients_validated_against_3cp,False,3.0,ALP+LNP+GRN
Dobell,ON,ALP+GRN+LNP,ALP+GRN+LNP,positive_recipients_validated_against_3cp,False,4.0,ALP+LNP+GRN
Dobell,OTH,ALP+GRN+LNP+ON,ALP+GRN+LNP+ON,positive_recipients_validated_against_3cp,False,5.0,ALP+LNP+GRN
Dunkley,GRN,ALP+LNP,ALP+LNP,positive_recipients_validated_against_3cp,False,3.0,ALP+LNP+GRN
Dunkley,IND,ALP+GRN+LNP+ON+OTH,ALP+GRN+LNP+ON+OTH,positive_recipients_validated_against_3cp,False,6.0,ALP+LNP+GRN
Dunkley,ON,ALP+GRN+LNP,ALP+GRN+LNP,positive_recipients_validated_against_3cp,False,4.0,ALP+LNP+GRN
Dunkley,OTH,ALP+GRN+LNP+ON,ALP+GRN+LNP+ON,positive_recipients_validated_against_3cp,False,5.0,ALP+LNP+GRN
Durack,GRN,ALP+LNP+ON,ALP+LNP+ON,positive_recipients_validated_against_3cp,False,4.0,LNP+ALP+ON
Durack,ON,ALP+LNP,ALP+LNP,positive_recipients_validated_against_3cp,False,3.0,LNP+ALP+ON
Durack,OTH,ALP+GRN+LNP+ON,ALP+GRN+LNP+ON,positive_recipients_validated_against_3cp,False,5.0,LNP+ALP+ON
Eden-Monaro*,GRN,ALP+LNP,ALP+LNP,positive_recipients_validated_against_3cp,False,3.0,ALP+LNP+GRN
Eden-Monaro*,IND,ALP+GRN+LNP+ON,ALP+GRN+LNP+ON,positive_recipients_validated_against_3cp,False,5.0,ALP+LNP+GRN
Eden-Monaro*,ON,ALP+GRN+LNP,ALP+GRN+LNP,positive_recipients_validated_against_3cp,False,4.0,ALP+LNP+GRN
Eden-Monaro*,OTH,ALP+GRN+IND+LNP+ON,ALP+GRN+IND+LNP+ON,positive_recipients_validated_against_3cp,False,6.0,ALP+LNP+GRN
Fadden,GRN,ALP+LNP+ON,ALP+LNP+ON,positive_recipients_validated_against_3cp,False,4.0,LNP+ALP+ON
Fadden,IND,ALP+GRN+LNP+ON+OTH,ALP+GRN+LNP+ON+OTH,positive_recipients_validated_against_3cp,False,6.0,LNP+ALP+ON
Fadden,ON,ALP+LNP,ALP+LNP,positive_recipients_validated_against_3cp,False,3.0,LNP+ALP+ON
Fadden,OTH,ALP+GRN+LNP+ON,ALP+GRN+LNP+ON,positive_recipients_validated_against_3cp,False,5.0,LNP+ALP+ON
Fairfax,GRN,ALP+IND+LNP+ON,ALP+IND+LNP+ON,positive_recipients_validated_against_3cp,False,5.0,LNP+ALP+IND
Fairfax,IND,ALP+LNP,ALP+LNP,positive_recipients_validated_against_3cp,False,3.0,LNP+ALP+IND
Fairfax,ON,ALP+IND+LNP,ALP+IND+LNP,positive_recipients_validated_against_3cp,False,4.0,LNP+ALP+IND
Fairfax,OTH,ALP+GRN+IND+LNP+ON,ALP+GRN+IND+LNP+ON,positive_recipients_validated_against_3cp,False,6.0,LNP+ALP+IND
Farrer,ALP,IND+LNP,IND+LNP,positive_recipients_validated_against_3cp,False,3.0,LNP+IND+ALP
Farrer,GRN,ALP+IND+LNP+ON,ALP+IND+LNP+ON,positive_recipients_validated_against_3cp,False,5.0,LNP+IND+ALP
Farrer,ON,ALP+IND+LNP,ALP+IND+LNP,positive_recipients_validated_against_3cp,False,4.0,LNP+IND+ALP
Farrer,OTH,ALP+GRN+IND+LNP+ON,ALP+GRN+IND+LNP+ON,positive_recipients_validated_against_3cp,False,6.0,LNP+IND+ALP
Fenner,GRN,ALP+LNP,ALP+LNP,positive_recipients_validated_against_3cp,False,3.0,ALP+LNP+GRN
Fenner,OTH,ALP+GRN+LNP,ALP+GRN+LNP,positive_recipients_validated_against_3cp,False,4.0,ALP+LNP+GRN
Fisher,GRN,ALP+IND+LNP+ON,ALP+IND+LNP+ON,positive_recipients_validated_against_3cp,False,5.0,LNP+ALP+IND
Fisher,IND,ALP+LNP,ALP+LNP,positive_recipients_validated_against_3cp,False,3.0,LNP+ALP+IND
Fisher,ON,ALP+IND+LNP,ALP+IND+LNP,positive_recipients_validated_against_3cp,False,4.0,LNP+ALP+IND
Fisher,OTH,ALP+GRN+IND+LNP+ON,ALP+GRN+IND+LNP+ON,positive_recipients_validated_against_3cp,False,6.0,LNP+ALP+IND
Flinders*,ALP,IND+LNP,IND+LNP,positive_recipients_validated_against_3cp,False,3.0,LNP+IND+ALP
Flinders*,GRN,ALP+IND+LNP,ALP+IND+LNP,positive_recipients_validated_against_3cp,False,4.0,LNP+IND+ALP
Flinders*,ON,ALP+GRN+IND+LNP,ALP+GRN+IND+LNP,positive_recipients_validated_against_3cp,False,5.0,LNP+IND+ALP
Flinders*,OTH,ALP+GRN+IND+LNP+ON,ALP+GRN+IND+LNP+ON,positive_recipients_validated_against_3cp,False,6.0,LNP+IND+ALP
Flynn,GRN,ALP+LNP+ON+OTH,ALP+LNP+ON+OTH,positive_recipients_validated_against_3cp,False,5.0,LNP+ALP+ON
Flynn,IND,ALP+GRN+LNP+ON+OTH,ALP+GRN+LNP+ON+OTH,positive_recipients_validated_against_3cp,False,6.0,LNP+ALP+ON
Flynn,ON,ALP+LNP,ALP+LNP,positive_recipients_validated_against_3cp,False,3.0,LNP+ALP+ON
Flynn,OTH,ALP+LNP+ON,ALP+LNP+ON,positive_recipients_validated_against_3cp,False,4.0,LNP+ALP+ON
Forde,GRN,ALP+LNP+ON,ALP+LNP+ON,positive_recipients_validated_against_3cp,False,4.0,LNP+ALP+ON
Forde,IND,ALP+GRN+LNP+ON+OTH,ALP+GRN+LNP+ON+OTH,positive_recipients_validated_against_3cp,False,6.0,LNP+ALP+ON
Forde,ON,ALP+LNP,ALP+LNP,positive_recipients_validated_against_3cp,False,3.0,LNP+ALP+ON
Forde,OTH,ALP+GRN+LNP+ON,ALP+GRN+LNP+ON,positive_recipients_validated_against_3cp,False,5.0,LNP+ALP+ON
Forrest,GRN,ALP+IND+LNP+ON,ALP+IND+LNP+ON,positive_recipients_validated_against_3cp,False,5.0,LNP+ALP+IND
Forrest,IND,ALP+LNP,ALP+LNP,positive_recipients_validated_against_3cp,False,3.0,LNP+ALP+IND
Forrest,ON,ALP+IND+LNP,ALP+IND+LNP,positive_recipients_validated_against_3cp,False,4.0,LNP+ALP+IND
Forrest,OTH,ALP+GRN+IND+LNP+ON,ALP+GRN+IND+LNP+ON,positive_recipients_validated_against_3cp,False,6.0,LNP+ALP+IND
Fowler,GRN,ALP+IND+LNP,ALP+IND+LNP,positive_recipients_validated_against_3cp,True,3.0,IND+ALP+LNP
Fowler,LNP,ALP+IND,ALP+IND,positive_recipients_validated_against_3cp,False,3.0,IND+ALP+LNP
Fowler,ON,ALP+GRN+IND+LNP+OTH,ALP+GRN+IND+LNP+OTH,positive_recipients_validated_against_3cp,False,6.0,IND+ALP+LNP
Fowler,OTH,ALP+GRN+IND+LNP,ALP+GRN+IND+LNP,positive_recipients_validated_against_3cp,False,5.0,IND+ALP+LNP
Franklin,GRN,ALP+IND+LNP,ALP+IND+LNP,positive_recipients_validated_against_3cp,False,4.0,ALP+IND+LNP
Franklin,LNP,ALP+IND,ALP+IND,positive_recipients_validated_against_3cp,False,3.0,ALP+IND+LNP
Franklin,ON,ALP+GRN+IND+LNP+OTH,ALP+GRN+IND+LNP+OTH,positive_recipients_validated_against_3cp,False,6.0,ALP+IND+LNP
Franklin,OTH,ALP+GRN+IND+LNP,ALP+GRN+IND+LNP,positive_recipients_validated_against_3cp,False,5.0,ALP+IND+LNP
Fraser,LNP,ALP+GRN,ALP+GRN,positive_recipients_validated_against_3cp,False,3.0,ALP+GRN+LNP
Fraser,ON,ALP+GRN+LNP+OTH,ALP+GRN+LNP+OTH,positive_recipients_validated_against_3cp,False,5.0,ALP+GRN+LNP
Fraser,OTH,ALP+GRN+LNP+ON,ALP+GRN+LNP+ON,positive_recipients_validated_against_3cp,False,4.0,ALP+GRN+LNP
Fremantle,GRN,ALP+IND+LNP,ALP+IND+LNP,positive_recipients_validated_against_3cp,False,4.0,ALP+IND+LNP
Fremantle,LNP,ALP+IND,ALP+IND,positive_recipients_validated_against_3cp,False,3.0,ALP+IND+LNP
Fremantle,ON,ALP+GRN+IND+LNP,ALP+GRN+IND+LNP,positive_recipients_validated_against_3cp,False,5.0,ALP+IND+LNP
Fremantle,OTH,ALP+GRN+IND+LNP+ON,ALP+GRN+IND+LNP+ON,positive_recipients_validated_against_3cp,False,6.0,ALP+IND+LNP
Gellibrand,GRN,ALP+LNP,ALP+LNP,positive_recipients_validated_against_3cp,False,3.0,ALP+LNP+GRN
Gellibrand,ON,ALP+GRN+LNP,ALP+GRN+LNP,positive_recipients_validated_against_3cp,False,4.0,ALP+LNP+GRN
Gellibrand,OTH,ALP+GRN+LNP+ON,ALP+GRN+LNP+ON,positive_recipients_validated_against_3cp,False,5.0,ALP+LNP+GRN
Gilmore,GRN,ALP+IND+LNP,ALP+IND+LNP,positive_recipients_validated_against_3cp,False,4.0,ALP+LNP+IND
Gilmore,IND,ALP+LNP,ALP+LNP,positive_recipients_validated_against_3cp,False,3.0,ALP+LNP+IND
Gilmore,ON,ALP+GRN+IND+LNP,ALP+GRN+IND+LNP,positive_recipients_validated_against_3cp,False,4.0,ALP+LNP+IND
Gilmore,OTH,ALP+GRN+IND+LNP+ON,ALP+GRN+IND+LNP+ON,positive_recipients_validated_against_3cp,False,6.0,ALP+LNP+IND
Gippsland,GRN,ALP+LNP+ON,ALP+LNP+ON,positive_recipients_validated_against_3cp,False,4.0,LNP+ALP+ON
Gippsland,ON,ALP+LNP,ALP+LNP,positive_recipients_validated_against_3cp,False,3.0,LNP+ALP+ON
Gippsland,OTH,ALP+GRN+LNP+ON,ALP+GRN+LNP+ON,positive_recipients_validated_against_3cp,False,5.0,LNP+ALP+ON
Goldstein,ALP,IND+LNP,IND+LNP,positive_recipients_validated_against_3cp,False,3.0,LNP+IND+ALP
Goldstein,GRN,ALP+IND+LNP,ALP+IND+LNP,positive_recipients_validated_against_3cp,False,4.0,LNP+IND+ALP
Goldstein,ON,ALP+GRN+IND+LNP,ALP+GRN+IND+LNP,positive_recipients_validated_against_3cp,False,5.0,LNP+IND+ALP
Goldstein,OTH,ALP+GRN+IND+LNP+ON,ALP+GRN+IND+LNP+ON,positive_recipients_validated_against_3cp,False,6.0,LNP+IND+ALP
Gorton,GRN,ALP+LNP,ALP+LNP,positive_recipients_validated_against_3cp,False,3.0,ALP+LNP+GRN
Gorton,ON,ALP+GRN+LNP,ALP+GRN+LNP,positive_recipients_validated_against_3cp,False,4.0,ALP+LNP+GRN
Gorton,OTH,ALP+GRN+LNP+ON,ALP+GRN+LNP+ON,positive_recipients_validated_against_3cp,False,5.0,ALP+LNP+GRN
Grayndler,IND,ALP+GRN+LNP+ON,ALP+GRN+LNP+ON,positive_recipients_validated_against_3cp,False,5.0,ALP+GRN+LNP
Grayndler,LNP,ALP+GRN,ALP+GRN,positive_recipients_validated_against_3cp,False,3.0,ALP+GRN+LNP
Grayndler,ON,ALP+GRN+LNP,ALP+GRN+LNP,positive_recipients_validated_against_3cp,False,4.0,ALP+GRN+LNP
Grayndler,OTH,ALP+GRN+IND+LNP+ON,ALP+GRN+IND+LNP+ON,positive_recipients_validated_against_3cp,False,6.0,ALP+GRN+LNP
Greenway,GRN,ALP+LNP,ALP+LNP,positive_recipients_validated_against_3cp,False,3.0,ALP+LNP+GRN
Greenway,IND,ALP+GRN+LNP+ON,ALP+GRN+LNP+ON,positive_recipients_validated_against_3cp,False,5.0,ALP+LNP+GRN
Greenway,ON,ALP+GRN+LNP,ALP+GRN+LNP,positive_recipients_validated_against_3cp,False,4.0,ALP+LNP+GRN
Greenway,OTH,ALP+GRN+IND+LNP+ON,ALP+GRN+IND+LNP+ON,positive_recipients_validated_against_3cp,False,6.0,ALP+LNP+GRN
Grey**,GRN,ALP+IND+LNP+ON,ALP+IND+LNP+ON,positive_recipients_validated_against_3cp,False,5.0,LNP+ALP+IND
Grey**,IND,ALP+LNP,ALP+LNP,positive_recipients_validated_against_3cp,False,3.0,LNP+ALP+IND
Grey**,ON,ALP+IND+LNP,ALP+IND+LNP,positive_recipients_validated_against_3cp,False,4.0,LNP+ALP+IND
Grey**,OTH,ALP+GRN+IND+LNP+ON,ALP+GRN+IND+LNP+ON,positive_recipients_validated_against_3cp,False,5.0,LNP+ALP+IND
Griffith,LNP,ALP+GRN,ALP+GRN,positive_recipients_validated_against_3cp,False,3.0,ALP+GRN+LNP
Griffith,ON,ALP+GRN+LNP,ALP+GRN+LNP,positive_recipients_validated_against_3cp,False,4.0,ALP+GRN+LNP
Griffith,OTH,ALP+GRN+LNP+ON,ALP+GRN+LNP+ON,positive_recipients_validated_against_3cp,False,5.0,ALP+GRN+LNP
Groom,ALP,IND+LNP,IND+LNP,positive_recipients_validated_against_3cp,False,3.0,LNP+IND+ALP
Groom,GRN,ALP+IND+LNP+ON,ALP+IND+LNP+ON,positive_recipients_validated_against_3cp,False,5.0,LNP+IND+ALP
Groom,ON,ALP+IND+LNP,ALP+IND+LNP,positive_recipients_validated_against_3cp,False,4.0,LNP+IND+ALP
Groom,OTH,ALP+GRN+IND+LNP+ON,ALP+GRN+IND+LNP+ON,positive_recipients_validated_against_3cp,False,6.0,LNP+IND+ALP
Hasluck,GRN,ALP+LNP,ALP+LNP,positive_recipients_validated_against_3cp,False,3.0,ALP+LNP+GRN
Hasluck,ON,ALP+GRN+LNP,ALP+GRN+LNP,positive_recipients_validated_against_3cp,False,4.0,ALP+LNP+GRN
Hasluck,OTH,ALP+GRN+LNP+ON,ALP+GRN+LNP+ON,positive_recipients_validated_against_3cp,False,5.0,ALP+LNP+GRN
Hawke,GRN,ALP+LNP,ALP+LNP,positive_recipients_validated_against_3cp,False,3.0,ALP+LNP+GRN
Hawke,ON,ALP+GRN+LNP,ALP+GRN+LNP,positive_recipients_validated_against_3cp,False,4.0,ALP+LNP+GRN
Hawke,OTH,ALP+GRN+LNP+ON,ALP+GRN+LNP+ON,positive_recipients_validated_against_3cp,False,5.0,ALP+LNP+GRN
Herbert,GRN,ALP+LNP+OTH,ALP+LNP+OTH,positive_recipients_validated_against_3cp,False,4.0,LNP+ALP+OTH
Herbert,ON,ALP+GRN+LNP+OTH,ALP+GRN+LNP+OTH,positive_recipients_validated_against_3cp,False,5.0,LNP+ALP+OTH
Herbert,OTH,ALP+LNP,ALP+LNP,positive_recipients_validated_against_3cp,False,3.0,LNP+ALP+OTH
Hindmarsh,GRN,ALP+LNP,ALP+LNP,positive_recipients_validated_against_3cp,False,3.0,ALP+LNP+GRN
Hindmarsh,IND,ALP+GRN+LNP+ON+OTH,ALP+GRN+LNP+ON+OTH,positive_recipients_validated_against_3cp,False,6.0,ALP+LNP+GRN
Hindmarsh,ON,ALP+GRN+LNP,ALP+GRN+LNP,positive_recipients_validated_against_3cp,False,4.0,ALP+LNP+GRN
Hindmarsh,OTH,ALP+GRN+IND+LNP+ON,ALP+GRN+IND+LNP+ON,positive_recipients_validated_against_3cp,False,5.0,ALP+LNP+GRN
Hinkler,GRN,ALP+LNP+ON,ALP+LNP+ON,positive_recipients_validated_against_3cp,False,4.0,LNP+ALP+ON
Hinkler,IND,ALP+GRN+LNP+ON+OTH,ALP+GRN+LNP+ON+OTH,positive_recipients_validated_against_3cp,False,6.0,LNP+ALP+ON
Hinkler,ON,ALP+LNP,ALP+LNP,positive_recipients_validated_against_3cp,False,3.0,LNP+ALP+ON
Hinkler,OTH,ALP+GRN+LNP+ON,ALP+GRN+LNP+ON,positive_recipients_validated_against_3cp,False,5.0,LNP+ALP+ON
Holt,GRN,ALP+LNP,ALP+LNP,positive_recipients_validated_against_3cp,False,3.0,ALP+LNP+GRN
Holt,ON,ALP+GRN+LNP,ALP+GRN+LNP,positive_recipients_validated_against_3cp,False,4.0,ALP+LNP+GRN
Holt,OTH,ALP+GRN+LNP+ON,ALP+GRN+LNP+ON,positive_recipients_validated_against_3cp,False,5.0,ALP+LNP+GRN
Hotham,GRN,ALP+LNP,ALP+LNP,positive_recipients_validated_against_3cp,False,3.0,ALP+LNP+GRN
Hotham,ON,ALP+GRN+LNP,ALP+GRN+LNP,positive_recipients_validated_against_3cp,False,4.0,ALP+LNP+GRN
Hotham,OTH,ALP+GRN+LNP+ON,ALP+GRN+LNP+ON,positive_recipients_validated_against_3cp,False,5.0,ALP+LNP+GRN
Hughes,GRN,ALP+LNP,ALP+LNP,positive_recipients_validated_against_3cp,False,3.0,ALP+LNP+GRN
Hughes,ON,ALP+GRN+LNP,ALP+GRN+LNP,positive_recipients_validated_against_3cp,False,4.0,ALP+LNP+GRN
Hughes,OTH,ALP+GRN+LNP+ON,ALP+GRN+LNP+ON,positive_recipients_validated_against_3cp,False,5.0,ALP+LNP+GRN
Hume,GRN,ALP+LNP+ON,ALP+LNP+ON,positive_recipients_validated_against_3cp,False,4.0,LNP+ALP+ON
Hume,IND,ALP+GRN+LNP+ON,ALP+GRN+LNP+ON,positive_recipients_validated_against_3cp,False,5.0,LNP+ALP+ON
Hume,ON,ALP+LNP,ALP+LNP,positive_recipients_validated_against_3cp,False,3.0,LNP+ALP+ON
Hume,OTH,ALP+GRN+IND+LNP+ON,ALP+GRN+IND+LNP+ON,positive_recipients_validated_against_3cp,False,6.0,LNP+ALP+ON
Hunter,GRN,ALP+LNP+ON,ALP+LNP+ON,positive_recipients_validated_against_3cp,False,4.0,ALP+ON+LNP
Hunter,LNP,ALP+ON,ALP+ON,positive_recipients_validated_against_3cp,False,3.0,ALP+ON+LNP
Hunter,OTH,ALP+GRN+LNP+ON,ALP+GRN+LNP+ON,positive_recipients_validated_against_3cp,False,5.0,ALP+ON+LNP
Indi*,ALP,IND+LNP+ON,IND+LNP+ON,positive_recipients_validated_against_3cp,False,4.0,IND+LNP+ON
Indi*,GRN,ALP+IND+LNP+ON,ALP+IND+LNP+ON,positive_recipients_validated_against_3cp,False,5.0,IND+LNP+ON
Indi*,ON,IND+LNP,IND+LNP,positive_recipients_validated_against_3cp,False,3.0,IND+LNP+ON
Indi*,OTH,ALP+GRN+IND+LNP+ON,ALP+GRN+IND+LNP+ON,positive_recipients_validated_against_3cp,False,6.0,IND+LNP+ON
Isaacs,GRN,ALP+LNP,ALP+LNP,positive_recipients_validated_against_3cp,False,3.0,ALP+LNP+GRN
Isaacs,ON,ALP+GRN+LNP,ALP+GRN+LNP,positive_recipients_validated_against_3cp,False,4.0,ALP+LNP+GRN
Isaacs,OTH,ALP+GRN+LNP+ON,ALP+GRN+LNP+ON,positive_recipients_validated_against_3cp,False,5.0,ALP+LNP+GRN
Jagajaga,GRN,ALP+LNP,ALP+LNP,positive_recipients_validated_against_3cp,False,3.0,ALP+LNP+GRN
Jagajaga,IND,ALP+GRN+LNP,ALP+GRN+LNP,positive_recipients_validated_against_3cp,False,4.0,ALP+LNP+GRN
Jagajaga,ON,ALP+GRN+IND+LNP,ALP+GRN+IND+LNP,positive_recipients_validated_against_3cp,False,5.0,ALP+LNP+GRN
Jagajaga,OTH,ALP+GRN+IND+LNP+ON,ALP+GRN+IND+LNP+ON,positive_recipients_validated_against_3cp,False,6.0,ALP+LNP+GRN
Kennedy,ALP,LNP+OTH,LNP+OTH,positive_recipients_validated_against_3cp,False,3.0,OTH+LNP+ALP
Kennedy,GRN,ALP+LNP+ON+OTH,ALP+LNP+ON+OTH,positive_recipients_validated_against_3cp,False,5.0,OTH+LNP+ALP
Kennedy,ON,ALP+LNP+OTH,ALP+LNP+OTH,positive_recipients_validated_against_3cp,False,4.0,OTH+LNP+ALP
Kingsford Smith,GRN,ALP+LNP,ALP+LNP,positive_recipients_validated_against_3cp,False,3.0,ALP+LNP+GRN
Kingsford Smith,IND,ALP+GRN+LNP+ON,ALP+GRN+LNP+ON,positive_recipients_validated_against_3cp,False,5.0,ALP+LNP+GRN
Kingsford Smith,ON,ALP+GRN+LNP,ALP+GRN+LNP,positive_recipients_validated_against_3cp,False,4.0,ALP+LNP+GRN
Kingston,GRN,ALP+LNP,ALP+LNP,positive_recipients_validated_against_3cp,False,3.0,ALP+LNP+GRN
Kingston,ON,ALP+GRN+LNP,ALP+GRN+LNP,positive_recipients_validated_against_3cp,False,4.0,ALP+LNP+GRN
Kingston,OTH,ALP+GRN+LNP+ON,ALP+GRN+LNP+ON,positive_recipients_validated_against_3cp,False,5.0,ALP+LNP+GRN
Kooyong,ALP,IND+LNP,IND+LNP,positive_recipients_validated_against_3cp,False,3.0,IND+LNP+ALP
Kooyong,GRN,ALP+IND+LNP,ALP+IND+LNP,positive_recipients_validated_against_3cp,False,4.0,IND+LNP+ALP
Kooyong,ON,ALP+GRN+IND+LNP,ALP+GRN+IND+LNP,positive_recipients_validated_against_3cp,False,5.0,IND+LNP+ALP
Kooyong,OTH,ALP+GRN+IND+LNP+ON,ALP+GRN+IND+LNP+ON,positive_recipients_validated_against_3cp,False,6.0,IND+LNP+ALP
La Trobe,GRN,ALP+LNP,ALP+LNP,positive_recipients_validated_against_3cp,False,3.0,LNP+ALP+GRN
La Trobe,ON,ALP+GRN+LNP,ALP+GRN+LNP,positive_recipients_validated_against_3cp,False,4.0,LNP+ALP+GRN
La Trobe,OTH,ALP+GRN+LNP+ON,ALP+GRN+LNP+ON,positive_recipients_validated_against_3cp,False,5.0,LNP+ALP+GRN
Lalor,GRN,ALP+LNP,ALP+LNP,positive_recipients_validated_against_3cp,False,3.0,ALP+LNP+GRN
Lalor,IND,ALP+GRN+LNP+ON+OTH,ALP+GRN+LNP+ON+OTH,positive_recipients_validated_against_3cp,False,6.0,ALP+LNP+GRN
Lalor,ON,ALP+GRN+LNP,ALP+GRN+LNP,positive_recipients_validated_against_3cp,False,4.0,ALP+LNP+GRN
Lalor,OTH,ALP+GRN+IND+LNP+ON,ALP+GRN+IND+LNP+ON,positive_recipients_validated_against_3cp,False,5.0,ALP+LNP+GRN
Leichhardt,GRN,ALP+LNP+ON,ALP+LNP+ON,positive_recipients_validated_against_3cp,False,4.0,ALP+LNP+ON
Leichhardt,IND,ALP+GRN+LNP+ON+OTH,ALP+GRN+LNP+ON+OTH,positive_recipients_validated_against_3cp,False,6.0,ALP+LNP+ON
Leichhardt,ON,ALP+LNP,ALP+LNP,positive_recipients_validated_against_3cp,False,3.0,ALP+LNP+ON
Leichhardt,OTH,ALP+GRN+LNP+ON,ALP+GRN+LNP+ON,positive_recipients_validated_against_3cp,False,5.0,ALP+LNP+ON
Lilley,GRN,ALP+LNP,ALP+LNP,positive_recipients_validated_against_3cp,False,3.0,ALP+LNP+GRN
Lilley,ON,ALP+GRN+LNP,ALP+GRN+LNP,positive_recipients_validated_against_3cp,False,4.0,ALP+LNP+GRN
Lilley,OTH,ALP+GRN+LNP+ON,ALP+GRN+LNP+ON,positive_recipients_validated_against_3cp,False,5.0,ALP+LNP+GRN
Lindsay,GRN,ALP+LNP+ON,ALP+LNP+ON,positive_recipients_validated_against_3cp,False,4.0,LNP+ALP+ON
Lindsay,IND,ALP+GRN+LNP+ON+OTH,ALP+GRN+LNP+ON+OTH,positive_recipients_validated_against_3cp,False,6.0,LNP+ALP+ON
Lindsay,ON,ALP+LNP,ALP+LNP,positive_recipients_validated_against_3cp,False,3.0,LNP+ALP+ON
Lindsay,OTH,ALP+GRN+LNP+ON,ALP+GRN+LNP+ON,positive_recipients_validated_against_3cp,False,5.0,LNP+ALP+ON
Lingiari,GRN,ALP+LNP,ALP+LNP,positive_recipients_validated_against_3cp,False,3.0,ALP+GRN
Lingiari,ON,ALP+GRN+LNP,ALP+GRN+LNP,positive_recipients_validated_against_3cp,False,4.0,ALP+GRN
Lingiari,OTH,ALP+GRN+LNP+ON,ALP+GRN+LNP+ON,positive_recipients_validated_against_3cp,False,5.0,ALP+GRN
Longman,GRN,ALP+LNP+ON,ALP+LNP+ON,positive_recipients_validated_against_3cp,False,4.0,LNP+ALP+ON
Longman,ON,ALP+LNP,ALP+LNP,positive_recipients_validated_against_3cp,False,3.0,LNP+ALP+ON
Longman,OTH,ALP+GRN+LNP+ON,ALP+GRN+LNP+ON,positive_recipients_validated_against_3cp,False,5.0,LNP+ALP+ON
Lyne,GRN,ALP+IND+LNP+ON,ALP+IND+LNP+ON,positive_recipients_validated_against_3cp,False,5.0,LNP+ALP+IND
Lyne,IND,ALP+LNP,ALP+LNP,positive_recipients_validated_against_3cp,False,3.0,LNP+ALP+IND
Lyne,ON,ALP+IND+LNP,ALP+IND+LNP,positive_recipients_validated_against_3cp,False,4.0,LNP+ALP+IND
Lyne,OTH,ALP+GRN+IND+LNP+ON,ALP+GRN+IND+LNP+ON,positive_recipients_validated_against_3cp,False,6.0,LNP+ALP+IND
Lyons,GRN,ALP+LNP,ALP+LNP,positive_recipients_validated_against_3cp,False,3.0,ALP+LNP+GRN
Lyons,IND,ALP+GRN+LNP+ON+OTH,ALP+GRN+LNP+ON+OTH,positive_recipients_validated_against_3cp,False,6.0,ALP+LNP+GRN
Lyons,ON,ALP+GRN+LNP,ALP+GRN+LNP,positive_recipients_validated_against_3cp,False,4.0,ALP+LNP+GRN
Lyons,OTH,ALP+GRN+LNP+ON,ALP+GRN+LNP+ON,positive_recipients_validated_against_3cp,False,5.0,ALP+LNP+GRN
Macarthur,GRN,ALP+LNP,ALP+LNP,positive_recipients_validated_against_3cp,False,3.0,ALP+LNP+GRN
Macarthur,ON,ALP+GRN+LNP,ALP+GRN+LNP,positive_recipients_validated_against_3cp,False,4.0,ALP+LNP+GRN
Macarthur,OTH,ALP+GRN+LNP+ON,ALP+GRN+LNP+ON,positive_recipients_validated_against_3cp,False,5.0,ALP+LNP+GRN
Mackellar*,ALP,IND+LNP,IND+LNP,positive_recipients_validated_against_3cp,False,3.0,IND+LNP+ALP
Mackellar*,GRN,ALP+IND+LNP,ALP+IND+LNP,positive_recipients_validated_against_3cp,False,4.0,IND+LNP+ALP
Mackellar*,ON,ALP+GRN+IND+LNP,ALP+GRN+IND+LNP,positive_recipients_validated_against_3cp,False,5.0,IND+LNP+ALP
Mackellar*,OTH,ALP+GRN+IND+LNP+ON,ALP+GRN+IND+LNP+ON,positive_recipients_validated_against_3cp,False,6.0,IND+LNP+ALP
Macnamara,GRN,ALP+LNP,ALP+LNP,positive_recipients_validated_against_3cp,False,3.0,ALP+LNP+GRN
Macnamara,IND,ALP+GRN+LNP+ON,ALP+GRN+LNP+ON,positive_recipients_validated_against_3cp,False,5.0,ALP+LNP+GRN
Macnamara,ON,ALP+GRN+LNP,ALP+GRN+LNP,positive_recipients_validated_against_3cp,False,4.0,ALP+LNP+GRN
Macnamara,OTH,ALP+GRN+IND+LNP+ON,ALP+GRN+IND+LNP+ON,positive_recipients_validated_against_3cp,False,6.0,ALP+LNP+GRN
Macquarie,GRN,ALP+LNP,ALP+LNP,positive_recipients_validated_against_3cp,False,3.0,ALP+LNP+GRN
Macquarie,ON,ALP+GRN+LNP,ALP+GRN+LNP,positive_recipients_validated_against_3cp,False,4.0,ALP+LNP+GRN
Macquarie,OTH,ALP+GRN+LNP+ON,ALP+GRN+LNP+ON,positive_recipients_validated_against_3cp,False,5.0,ALP+LNP+GRN
Makin,GRN,ALP+LNP,ALP+LNP,positive_recipients_validated_against_3cp,False,3.0,ALP+LNP+GRN
Makin,ON,ALP+GRN+LNP,ALP+GRN+LNP,positive_recipients_validated_against_3cp,False,4.0,ALP+LNP+GRN
Makin,OTH,ALP+GRN+LNP+ON,ALP+GRN+LNP+ON,positive_recipients_validated_against_3cp,False,5.0,ALP+LNP+GRN
Mallee,GRN,ALP+LNP+ON,ALP+LNP+ON,positive_recipients_validated_against_3cp,False,4.0,LNP+ALP+ON
Mallee,ON,ALP+LNP,ALP+LNP,positive_recipients_validated_against_3cp,False,3.0,LNP+ALP+ON
Mallee,OTH,ALP+GRN+LNP+ON,ALP+GRN+LNP+ON,positive_recipients_validated_against_3cp,False,5.0,LNP+ALP+ON
Maranoa,ALP,LNP+ON,LNP+ON,positive_recipients_validated_against_3cp,False,3.0,LNP+ON+ALP
Maranoa,GRN,ALP+LNP+ON+OTH,ALP+LNP+ON+OTH,positive_recipients_validated_against_3cp,False,5.0,LNP+ON+ALP
Maranoa,OTH,ALP+GRN+LNP+ON,ALP+GRN+LNP+ON,positive_recipients_validated_against_3cp,False,4.0,LNP+ON+ALP
Maribyrnong,GRN,ALP+LNP,ALP+LNP,positive_recipients_validated_against_3cp,False,3.0,ALP+LNP+GRN
Maribyrnong,ON,ALP+GRN+LNP,ALP+GRN+LNP,positive_recipients_validated_against_3cp,False,4.0,ALP+LNP+GRN
Mayo,GRN,ALP+LNP+OTH,ALP+LNP+OTH,positive_recipients_validated_against_3cp,False,4.0,OTH+ALP+LNP
Mayo,LNP,ALP+OTH,ALP+OTH,positive_recipients_validated_against_3cp,False,3.0,OTH+ALP+LNP
Mayo,ON,ALP+GRN+LNP+OTH,ALP+GRN+LNP+OTH,positive_recipients_validated_against_3cp,False,5.0,OTH+ALP+LNP
McEwen,GRN,ALP+LNP,ALP+LNP,positive_recipients_validated_against_3cp,False,3.0,ALP+LNP+GRN
McEwen,ON,ALP+GRN+LNP,ALP+GRN+LNP,positive_recipients_validated_against_3cp,False,4.0,ALP+LNP+GRN
McEwen,OTH,ALP+GRN+LNP+ON,ALP+GRN+LNP+ON,positive_recipients_validated_against_3cp,False,5.0,ALP+LNP+GRN
McMahon,GRN,ALP+IND+LNP,ALP+IND+LNP,positive_recipients_validated_against_3cp,False,4.0,ALP+LNP+IND
McMahon,IND,ALP+LNP,ALP+LNP,positive_recipients_validated_against_3cp,False,3.0,ALP+LNP+IND
McMahon,ON,ALP+GRN+IND+LNP,ALP+GRN+IND+LNP,positive_recipients_validated_against_3cp,False,5.0,ALP+LNP+IND
McPherson,GRN,ALP+IND+LNP,ALP+IND+LNP,positive_recipients_validated_against_3cp,False,4.0,LNP+ALP+IND
McPherson,IND,ALP+LNP,ALP+LNP,positive_recipients_validated_against_3cp,False,3.0,LNP+ALP+IND
McPherson,ON,ALP+GRN+IND+LNP,ALP+GRN+IND+LNP,positive_recipients_validated_against_3cp,False,5.0,LNP+ALP+IND
McPherson,OTH,ALP+GRN+IND+LNP+ON,ALP+GRN+IND+LNP+ON,positive_recipients_validated_against_3cp,False,6.0,LNP+ALP+IND
Melbourne,IND,ALP+GRN+LNP,ALP+GRN+LNP,positive_recipients_validated_against_3cp,False,4.0,ALP+GRN+LNP
Melbourne,LNP,ALP+GRN,ALP+GRN,positive_recipients_validated_against_3cp,False,3.0,ALP+GRN+LNP
Melbourne,ON,ALP+GRN+IND+LNP,ALP+GRN+IND+LNP,positive_recipients_validated_against_3cp,False,5.0,ALP+GRN+LNP
Melbourne,OTH,ALP+GRN+IND+LNP+ON,ALP+GRN+IND+LNP+ON,positive_recipients_validated_against_3cp,False,6.0,ALP+GRN+LNP
Menzies,GRN,ALP+LNP,ALP+LNP,positive_recipients_validated_against_3cp,False,3.0,ALP+LNP+GRN
Menzies,IND,ALP+GRN+LNP,ALP+GRN+LNP,positive_recipients_validated_against_3cp,False,4.0,ALP+LNP+GRN
Menzies,ON,ALP+GRN+IND+LNP,ALP+GRN+IND+LNP,positive_recipients_validated_against_3cp,False,5.0,ALP+LNP+GRN
Menzies,OTH,ALP+GRN+IND+LNP+ON,ALP+GRN+IND+LNP+ON,positive_recipients_validated_against_3cp,False,6.0,ALP+LNP+GRN
Mitchell,GRN,ALP+LNP,ALP+LNP,positive_recipients_validated_against_3cp,False,3.0,LNP+ALP+GRN
Mitchell,ON,ALP+GRN+LNP,ALP+GRN+LNP,positive_recipients_validated_against_3cp,False,4.0,LNP+ALP+GRN
Mitchell,OTH,ALP+GRN+LNP+ON,ALP+GRN+LNP+ON,positive_recipients_validated_against_3cp,False,5.0,LNP+ALP+GRN
Monash*,GRN,ALP+IND+LNP+ON+OTH,ALP+IND+LNP+ON+OTH,positive_recipients_validated_against_3cp,False,6.0,LNP+ALP+IND
Monash*,ON,ALP+IND+LNP+OTH,ALP+IND+LNP+OTH,positive_recipients_validated_against_3cp,False,5.0,LNP+ALP+IND
Monash*,OTH,ALP+GRN+IND+LNP+ON,ALP+GRN+IND+LNP+ON,positive_recipients_validated_against_3cp,True,3.0,LNP+ALP+IND
Moncrieff,GRN,ALP+LNP,ALP+LNP,positive_recipients_validated_against_3cp,False,3.0,LNP+ALP+GRN
Moncrieff,IND,ALP+GRN+LNP+ON,ALP+GRN+LNP+ON,positive_recipients_validated_against_3cp,False,5.0,LNP+ALP+GRN
Moncrieff,ON,ALP+GRN+LNP,ALP+GRN+LNP,positive_recipients_validated_against_3cp,False,4.0,LNP+ALP+GRN
Moncrieff,OTH,ALP+GRN+IND+LNP+ON,ALP+GRN+IND+LNP+ON,positive_recipients_validated_against_3cp,False,6.0,LNP+ALP+GRN
Moore,GRN,ALP+IND+LNP,ALP+IND+LNP,positive_recipients_validated_against_3cp,False,4.0,ALP+LNP+IND
Moore,IND,ALP+LNP,ALP+LNP,positive_recipients_validated_against_3cp,False,3.0,ALP+LNP+IND
Moore,ON,ALP+GRN+IND+LNP+OTH,ALP+GRN+IND+LNP+OTH,positive_recipients_validated_against_3cp,False,6.0,ALP+LNP+IND
Moore,OTH,ALP+GRN+IND+LNP+ON,ALP+GRN+IND+LNP+ON,positive_recipients_validated_against_3cp,False,5.0,ALP+LNP+IND
Moreton,GRN,ALP+LNP,ALP+LNP,positive_recipients_validated_against_3cp,False,3.0,ALP+LNP+GRN
Moreton,ON,ALP+GRN+LNP,ALP+GRN+LNP,positive_recipients_validated_against_3cp,False,4.0,ALP+LNP+GRN
Moreton,OTH,ALP+GRN+LNP+ON,ALP+GRN+LNP+ON,positive_recipients_validated_against_3cp,False,5.0,ALP+LNP+GRN
New England,GRN,ALP+LNP+ON,ALP+LNP+ON,positive_recipients_validated_against_3cp,False,4.0,LNP+ALP+ON
New England,IND,ALP+GRN+LNP+ON,ALP+GRN+LNP+ON,positive_recipients_validated_against_3cp,False,5.0,LNP+ALP+ON
New England,ON,ALP+LNP,ALP+LNP,positive_recipients_validated_against_3cp,False,3.0,LNP+ALP+ON
New England,OTH,ALP+GRN+IND+LNP+ON,ALP+GRN+IND+LNP+ON,positive_recipients_validated_against_3cp,False,6.0,LNP+ALP+ON
New South Wales,ALP,IND+LNP+OTH,IND+LNP+OTH,positive_recipients_validated_against_3cp,False,nan,
New South Wales,GRN,ALP+IND+LNP+ON+OTH,ALP+IND+LNP+ON+OTH,positive_recipients_validated_against_3cp,False,nan,
New South Wales,IND,ALP+GRN+LNP+ON+OTH,ALP+GRN+LNP+ON+OTH,positive_recipients_validated_against_3cp,False,nan,
New South Wales,LNP,ALP+GRN+IND+ON,ALP+GRN+IND+ON,positive_recipients_validated_against_3cp,False,nan,
New South Wales,ON,ALP+GRN+IND+LNP+OTH,ALP+GRN+IND+LNP+OTH,positive_recipients_validated_against_3cp,False,nan,
New South Wales,OTH,ALP+GRN+IND+LNP+ON,ALP+GRN+IND+LNP+ON,positive_recipients_validated_against_3cp,False,nan,
Newcastle,IND,ALP+GRN+LNP+ON+OTH,ALP+GRN+LNP+ON+OTH,positive_recipients_validated_against_3cp,False,6.0,ALP+GRN+LNP
Newcastle,LNP,ALP+GRN,ALP+GRN,positive_recipients_validated_against_3cp,False,3.0,ALP+GRN+LNP
Newcastle,ON,ALP+GRN+LNP,ALP+GRN+LNP,positive_recipients_validated_against_3cp,False,4.0,ALP+GRN+LNP
Newcastle,OTH,ALP+GRN+LNP+ON,ALP+GRN+LNP+ON,positive_recipients_validated_against_3cp,False,6.0,ALP+GRN+LNP
Nicholls,GRN,ALP+LNP+ON,ALP+LNP+ON,positive_recipients_validated_against_3cp,False,4.0,LNP+ALP+ON
Nicholls,ON,ALP+LNP,ALP+LNP,positive_recipients_validated_against_3cp,False,3.0,LNP+ALP+ON
Nicholls,OTH,ALP+GRN+LNP+ON,ALP+GRN+LNP+ON,positive_recipients_validated_against_3cp,False,5.0,LNP+ALP+ON
Northern Territory,GRN,ALP+IND+LNP,ALP+IND+LNP,positive_recipients_validated_against_3cp,False,nan,
Northern Territory,IND,ALP+LNP,ALP+LNP,positive_recipients_validated_against_3cp,False,nan,
Northern Territory,ON,ALP+GRN+IND+LNP,ALP+GRN+IND+LNP,positive_recipients_validated_against_3cp,False,nan,
Northern Territory,OTH,ALP+GRN+IND+LNP+ON,ALP+GRN+IND+LNP+ON,positive_recipients_validated_against_3cp,False,nan,
O'Connor,GRN,ALP+LNP+ON,ALP+LNP+ON,positive_recipients_validated_against_3cp,False,4.0,LNP+ALP+ON
O'Connor,ON,ALP+LNP,ALP+LNP,positive_recipients_validated_against_3cp,False,3.0,LNP+ALP+ON
O'Connor,OTH,ALP+GRN+LNP+ON,ALP+GRN+LNP+ON,positive_recipients_validated_against_3cp,False,5.0,LNP+ALP+ON
Oxley,GRN,ALP+LNP,ALP+LNP,positive_recipients_validated_against_3cp,False,3.0,ALP+LNP+GRN
Oxley,IND,ALP+GRN+LNP+ON+OTH,ALP+GRN+LNP+ON+OTH,positive_recipients_validated_against_3cp,False,6.0,ALP+LNP+GRN
Oxley,ON,ALP+GRN+LNP,ALP+GRN+LNP,positive_recipients_validated_against_3cp,False,4.0,ALP+LNP+GRN
Oxley,OTH,ALP+GRN+LNP+ON,ALP+GRN+LNP+ON,positive_recipients_validated_against_3cp,False,5.0,ALP+LNP+GRN
Page*,GRN,ALP+LNP,ALP+LNP,positive_recipients_validated_against_3cp,False,3.0,LNP+ALP+GRN
Page*,IND,ALP+GRN+LNP+ON+OTH,ALP+GRN+LNP+ON+OTH,positive_recipients_validated_against_3cp,False,6.0,LNP+ALP+GRN
Page*,ON,ALP+GRN+LNP,ALP+GRN+LNP,positive_recipients_validated_against_3cp,False,4.0,LNP+ALP+GRN
Page*,OTH,ALP+GRN+LNP+ON,ALP+GRN+LNP+ON,positive_recipients_validated_against_3cp,False,5.0,LNP+ALP+GRN
Parkes,GRN,ALP+LNP+ON+OTH,ALP+LNP+ON+OTH,positive_recipients_validated_against_3cp,False,5.0,LNP+ALP+ON
Parkes,IND,ALP+GRN+LNP+ON+OTH,ALP+GRN+LNP+ON+OTH,positive_recipients_validated_against_3cp,False,6.0,LNP+ALP+ON
Parkes,ON,ALP+LNP,ALP+LNP,positive_recipients_validated_against_3cp,False,3.0,LNP+ALP+ON
Parkes,OTH,ALP+GRN+LNP+ON,ALP+GRN+LNP+ON,positive_recipients_validated_against_3cp,False,4.0,LNP+ALP+ON
Parramatta*,GRN,ALP+LNP,ALP+LNP,positive_recipients_validated_against_3cp,False,3.0,ALP+LNP+GRN
Parramatta*,IND,ALP+GRN+LNP+ON+OTH,ALP+GRN+LNP+ON+OTH,positive_recipients_validated_against_3cp,False,5.0,ALP+LNP+GRN
Parramatta*,ON,ALP+GRN+LNP,ALP+GRN+LNP,positive_recipients_validated_against_3cp,False,4.0,ALP+LNP+GRN
Parramatta*,OTH,ALP+GRN+IND+LNP+ON,ALP+GRN+IND+LNP+ON,positive_recipients_validated_against_3cp,False,6.0,ALP+LNP+GRN
Paterson*,GRN,ALP+IND+LNP+ON,ALP+IND+LNP+ON,positive_recipients_validated_against_3cp,False,5.0,ALP+LNP+IND
Paterson*,IND,ALP+LNP,ALP+LNP,positive_recipients_validated_against_3cp,False,3.0,ALP+LNP+IND
Paterson*,ON,ALP+IND+LNP,ALP+IND+LNP,positive_recipients_validated_against_3cp,False,4.0,ALP+LNP+IND
Paterson*,OTH,ALP+GRN+IND+LNP+ON,ALP+GRN+IND+LNP+ON,positive_recipients_validated_against_3cp,False,6.0,ALP+LNP+IND
Pearce,GRN,ALP+LNP,ALP+LNP,positive_recipients_validated_against_3cp,False,3.0,ALP+LNP+GRN
Pearce,ON,ALP+GRN+LNP,ALP+GRN+LNP,positive_recipients_validated_against_3cp,False,4.0,ALP+LNP+GRN
Pearce,OTH,ALP+GRN+LNP+ON,ALP+GRN+LNP+ON,positive_recipients_validated_against_3cp,False,5.0,ALP+LNP+GRN
Perth,GRN,ALP+LNP,ALP+LNP,positive_recipients_validated_against_3cp,False,3.0,ALP+LNP+GRN
Perth,ON,ALP+GRN+LNP,ALP+GRN+LNP,positive_recipients_validated_against_3cp,False,4.0,ALP+LNP+GRN
Petrie,GRN,ALP+LNP,ALP+LNP,positive_recipients_validated_against_3cp,False,3.0,ALP+LNP+GRN
Petrie,ON,ALP+GRN+LNP,ALP+GRN+LNP,positive_recipients_validated_against_3cp,False,4.0,ALP+LNP+GRN
Petrie,OTH,ALP+GRN+LNP+ON,ALP+GRN+LNP+ON,positive_recipients_validated_against_3cp,False,5.0,ALP+LNP+GRN
Queensland,ALP,GRN+IND+LNP+ON+OTH,GRN+IND+LNP+ON+OTH,positive_recipients_validated_against_3cp,False,nan,
Queensland,GRN,ALP+IND+LNP+ON+OTH,ALP+IND+LNP+ON+OTH,positive_recipients_validated_against_3cp,False,nan,
Queensland,IND,ALP+GRN+LNP+ON+OTH,ALP+GRN+LNP+ON+OTH,positive_recipients_validated_against_3cp,False,nan,
Queensland,LNP,ALP+GRN,ALP+GRN,positive_recipients_validated_against_3cp,False,nan,
Queensland,ON,ALP+GRN+IND+LNP+OTH,ALP+GRN+IND+LNP+OTH,positive_recipients_validated_against_3cp,False,nan,
Queensland,OTH,ALP+GRN+IND+LNP+ON,ALP+GRN+IND+LNP+ON,positive_recipients_validated_against_3cp,False,nan,
Rankin,GRN,ALP+LNP,ALP+LNP,positive_recipients_validated_against_3cp,False,3.0,ALP+LNP+GRN
Rankin,ON,ALP+GRN+LNP,ALP+GRN+LNP,positive_recipients_validated_against_3cp,False,4.0,ALP+LNP+GRN
Rankin,OTH,ALP+GRN+LNP+ON,ALP+GRN+LNP+ON,positive_recipients_validated_against_3cp,False,5.0,ALP+LNP+GRN
Reid,GRN,ALP+LNP,ALP+LNP,positive_recipients_validated_against_3cp,False,3.0,ALP+LNP+GRN
Reid,IND,ALP+GRN+LNP+ON,ALP+GRN+LNP+ON,positive_recipients_validated_against_3cp,False,4.0,ALP+LNP+GRN
Reid,ON,ALP+GRN+LNP,ALP+GRN+LNP,positive_recipients_validated_against_3cp,False,4.0,ALP+LNP+GRN
Reid,OTH,ALP+GRN+IND+LNP+ON,ALP+GRN+IND+LNP+ON,positive_recipients_validated_against_3cp,False,6.0,ALP+LNP+GRN
Richmond*,GRN,ALP+LNP,ALP+LNP,positive_recipients_validated_against_3cp,False,3.0,ALP+LNP+GRN
Richmond*,IND,ALP+GRN+LNP+ON+OTH,ALP+GRN+LNP+ON+OTH,positive_recipients_validated_against_3cp,False,6.0,ALP+LNP+GRN
Richmond*,ON,ALP+GRN+LNP,ALP+GRN+LNP,positive_recipients_validated_against_3cp,False,4.0,ALP+LNP+GRN
Richmond*,OTH,ALP+GRN+LNP+ON,ALP+GRN+LNP+ON,positive_recipients_validated_against_3cp,False,5.0,ALP+LNP+GRN
Riverina,GRN,ALP+IND+LNP+ON+OTH,ALP+IND+LNP+ON+OTH,positive_recipients_validated_against_3cp,False,6.0,LNP+ALP+ON
Riverina,IND,ALP+LNP+ON,ALP+LNP+ON,positive_recipients_validated_against_3cp,False,4.0,LNP+ALP+ON
Riverina,ON,ALP+LNP,ALP+LNP,positive_recipients_validated_against_3cp,False,3.0,LNP+ALP+ON
Riverina,OTH,ALP+GRN+IND+LNP+ON,ALP+GRN+IND+LNP+ON,positive_recipients_validated_against_3cp,False,5.0,LNP+ALP+ON
Robertson,GRN,ALP+LNP,ALP+LNP,positive_recipients_validated_against_3cp,False,3.0,ALP+LNP+GRN
Robertson,IND,ALP+GRN+LNP+ON+OTH,ALP+GRN+LNP+ON+OTH,positive_recipients_validated_against_3cp,False,6.0,ALP+LNP+GRN
Robertson,ON,ALP+GRN+LNP,ALP+GRN+LNP,positive_recipients_validated_against_3cp,False,4.0,ALP+LNP+GRN
Robertson,OTH,ALP+GRN+LNP+ON,ALP+GRN+LNP+ON,positive_recipients_validated_against_3cp,False,5.0,ALP+LNP+GRN
Ryan,ALP,GRN+LNP,GRN+LNP,positive_recipients_validated_against_3cp,False,3.0,GRN+LNP+ALP
Ryan,ON,ALP+GRN+LNP,ALP+GRN+LNP,positive_recipients_validated_against_3cp,False,4.0,GRN+LNP+ALP
Ryan,OTH,ALP+GRN+LNP+ON,ALP+GRN+LNP+ON,positive_recipients_validated_against_3cp,False,5.0,GRN+LNP+ALP
Scullin,GRN,ALP+LNP,ALP+LNP,positive_recipients_validated_against_3cp,False,3.0,ALP+LNP+GRN
Scullin,ON,ALP+GRN+LNP,ALP+GRN+LNP,positive_recipients_validated_against_3cp,False,4.0,ALP+LNP+GRN
Scullin,OTH,ALP+GRN+LNP+ON,ALP+GRN+LNP+ON,positive_recipients_validated_against_3cp,False,5.0,ALP+LNP+GRN
Shortland,GRN,ALP+LNP,ALP+LNP,positive_recipients_validated_against_3cp,False,3.0,ALP+LNP+GRN
Shortland,IND,ALP+GRN+LNP+ON,ALP+GRN+LNP+ON,positive_recipients_validated_against_3cp,False,4.0,ALP+LNP+GRN
Shortland,ON,ALP+GRN+LNP,ALP+GRN+LNP,positive_recipients_validated_against_3cp,False,4.0,ALP+LNP+GRN
Shortland,OTH,ALP+GRN+IND+LNP+ON,ALP+GRN+IND+LNP+ON,positive_recipients_validated_against_3cp,False,6.0,ALP+LNP+GRN
Solomon*,GRN,ALP+IND+LNP,ALP+IND+LNP,positive_recipients_validated_against_3cp,False,4.0,ALP+IND
Solomon*,IND,ALP+LNP,ALP+LNP,positive_recipients_validated_against_3cp,False,3.0,ALP+IND
Solomon*,ON,ALP+GRN+IND+LNP,ALP+GRN+IND+LNP,positive_recipients_validated_against_3cp,False,5.0,ALP+IND
Solomon*,OTH,ALP+GRN+IND+LNP+ON,ALP+GRN+IND+LNP+ON,positive_recipients_validated_against_3cp,False,6.0,ALP+IND
South Australia,GRN,ALP+IND+LNP+ON+OTH,ALP+IND+LNP+ON+OTH,positive_recipients_validated_against_3cp,False,nan,
South Australia,IND,ALP+GRN+LNP+ON+OTH,ALP+GRN+LNP+ON+OTH,positive_recipients_validated_against_3cp,False,nan,
South Australia,LNP,ALP+OTH,ALP+OTH,positive_recipients_validated_against_3cp,False,nan,
South Australia,ON,ALP+GRN+IND+LNP+OTH,ALP+GRN+IND+LNP+OTH,positive_recipients_validated_against_3cp,False,nan,
South Australia,OTH,ALP+GRN+IND+LNP+ON,ALP+GRN+IND+LNP+ON,positive_recipients_validated_against_3cp,False,nan,
Spence,GRN,ALP+LNP,ALP+LNP,positive_recipients_validated_against_3cp,False,3.0,ALP+LNP+GRN
Spence,IND,ALP+GRN+LNP+ON+OTH,ALP+GRN+LNP+ON+OTH,positive_recipients_validated_against_3cp,False,6.0,ALP+LNP+GRN
Spence,ON,ALP+GRN+LNP,ALP+GRN+LNP,positive_recipients_validated_against_3cp,False,4.0,ALP+LNP+GRN
Spence,OTH,ALP+GRN+LNP+ON,ALP+GRN+LNP+ON,positive_recipients_validated_against_3cp,False,5.0,ALP+LNP+GRN
Sturt,GRN,ALP+LNP,ALP+LNP,positive_recipients_validated_against_3cp,False,3.0,ALP+LNP+GRN
Sturt,IND,ALP+GRN+LNP,ALP+GRN+LNP,positive_recipients_validated_against_3cp,False,4.0,ALP+LNP+GRN
Sturt,ON,ALP+GRN+IND+LNP,ALP+GRN+IND+LNP,positive_recipients_validated_against_3cp,False,5.0,ALP+LNP+GRN
Sturt,OTH,ALP+GRN+IND+LNP+ON,ALP+GRN+IND+LNP+ON,positive_recipients_validated_against_3cp,False,6.0,ALP+LNP+GRN
Swan,GRN,ALP+LNP,ALP+LNP,positive_recipients_validated_against_3cp,False,3.0,ALP+LNP+GRN
Swan,ON,ALP+GRN+LNP,ALP+GRN+LNP,positive_recipients_validated_against_3cp,False,4.0,ALP+LNP+GRN
Swan,OTH,ALP+GRN+LNP+ON,ALP+GRN+LNP+ON,positive_recipients_validated_against_3cp,False,5.0,ALP+LNP+GRN
Sydney,LNP,ALP+GRN,ALP+GRN,positive_recipients_validated_against_3cp,False,3.0,ALP+GRN+LNP
Sydney,ON,ALP+GRN+LNP,ALP+GRN+LNP,positive_recipients_validated_against_3cp,False,4.0,ALP+GRN+LNP
Sydney,OTH,ALP+GRN+LNP+ON,ALP+GRN+LNP+ON,positive_recipients_validated_against_3cp,False,5.0,ALP+GRN+LNP
Tangney,GRN,ALP+LNP,ALP+LNP,positive_recipients_validated_against_3cp,False,3.0,ALP+LNP+GRN
Tangney,ON,ALP+GRN+LNP,ALP+GRN+LNP,positive_recipients_validated_against_3cp,False,4.0,ALP+LNP+GRN
Tangney,OTH,ALP+GRN+LNP+ON,ALP+GRN+LNP+ON,positive_recipients_validated_against_3cp,False,5.0,ALP+LNP+GRN
Tasmania,GRN,ALP+IND+LNP+ON,ALP+IND+LNP+ON,positive_recipients_validated_against_3cp,False,nan,
Tasmania,IND,ALP+GRN+LNP+ON+OTH,ALP+GRN+LNP+ON+OTH,positive_recipients_validated_against_3cp,False,nan,
Tasmania,LNP,ALP+IND,ALP+IND,positive_recipients_validated_against_3cp,False,nan,
Tasmania,ON,ALP+GRN+IND+LNP+OTH,ALP+GRN+IND+LNP+OTH,positive_recipients_validated_against_3cp,False,nan,
Tasmania,OTH,ALP+GRN+IND+LNP+ON,ALP+GRN+IND+LNP+ON,positive_recipients_validated_against_3cp,False,nan,
Victoria,ALP,IND+LNP+ON,IND+LNP+ON,positive_recipients_validated_against_3cp,False,nan,
Victoria,GRN,ALP+IND+LNP+ON+OTH,ALP+IND+LNP+ON+OTH,positive_recipients_validated_against_3cp,False,nan,
Victoria,IND,ALP+GRN+LNP+ON+OTH,ALP+GRN+LNP+ON+OTH,positive_recipients_validated_against_3cp,False,nan,
Victoria,LNP,ALP+GRN+IND,ALP+GRN+IND,positive_recipients_validated_against_3cp,False,nan,
Victoria,ON,ALP+GRN+IND+LNP+OTH,ALP+GRN+IND+LNP+OTH,positive_recipients_validated_against_3cp,False,nan,
Victoria,OTH,ALP+GRN+IND+LNP+ON,ALP+GRN+IND+LNP+ON,positive_recipients_validated_against_3cp,False,nan,
Wannon,ALP,IND+LNP,IND+LNP,positive_recipients_validated_against_3cp,False,3.0,LNP+IND+ALP
Wannon,GRN,ALP+IND+LNP+ON,ALP+IND+LNP+ON,positive_recipients_validated_against_3cp,False,5.0,LNP+IND+ALP
Wannon,ON,ALP+IND+LNP,ALP+IND+LNP,positive_recipients_validated_against_3cp,False,4.0,LNP+IND+ALP
Wannon,OTH,ALP+GRN+IND+LNP+ON,ALP+GRN+IND+LNP+ON,positive_recipients_validated_against_3cp,False,6.0,LNP+IND+ALP
Warringah*,ALP,IND+LNP,IND+LNP,positive_recipients_validated_against_3cp,False,3.0,IND+LNP+ALP
Warringah*,GRN,ALP+IND+LNP,ALP+IND+LNP,positive_recipients_validated_against_3cp,False,4.0,IND+LNP+ALP
Warringah*,ON,ALP+GRN+IND+LNP,ALP+GRN+IND+LNP,positive_recipients_validated_against_3cp,False,5.0,IND+LNP+ALP
Warringah*,OTH,ALP+GRN+IND+LNP+ON,ALP+GRN+IND+LNP+ON,positive_recipients_validated_against_3cp,False,6.0,IND+LNP+ALP
Watson*,GRN,ALP+IND+LNP,ALP+IND+LNP,positive_recipients_validated_against_3cp,False,4.0,ALP+IND+LNP
Watson*,LNP,ALP+IND,ALP+IND,positive_recipients_validated_against_3cp,False,3.0,ALP+IND+LNP
Watson*,ON,ALP+GRN+IND+LNP+OTH,ALP+GRN+IND+LNP+OTH,positive_recipients_validated_against_3cp,False,6.0,ALP+IND+LNP
Watson*,OTH,ALP+GRN+IND+LNP,ALP+GRN+IND+LNP,positive_recipients_validated_against_3cp,False,5.0,ALP+IND+LNP
Wentworth*,ALP,IND+LNP,IND+LNP,positive_recipients_validated_against_3cp,False,3.0,IND+LNP+ALP
Wentworth*,GRN,ALP+IND+LNP,ALP+IND+LNP,positive_recipients_validated_against_3cp,False,4.0,IND+LNP+ALP
Wentworth*,ON,ALP+GRN+IND+LNP,ALP+GRN+IND+LNP,positive_recipients_validated_against_3cp,False,5.0,IND+LNP+ALP
Wentworth*,OTH,ALP+GRN+IND+LNP+ON,ALP+GRN+IND+LNP+ON,positive_recipients_validated_against_3cp,False,6.0,IND+LNP+ALP
Werriwa,GRN,ALP+LNP,ALP+LNP,positive_recipients_validated_against_3cp,False,3.0,ALP+LNP+GRN
Werriwa,IND,ALP+GRN+LNP+ON+OTH,ALP+GRN+LNP+ON+OTH,positive_recipients_validated_against_3cp,False,6.0,ALP+LNP+GRN
Werriwa,ON,ALP+GRN+LNP,ALP+GRN+LNP,positive_recipients_validated_against_3cp,False,4.0,ALP+LNP+GRN
Werriwa,OTH,ALP+GRN+LNP+ON,ALP+GRN+LNP+ON,positive_recipients_validated_against_3cp,False,5.0,ALP+LNP+GRN
Western Australia,ALP,IND+LNP,IND+LNP,positive_recipients_validated_against_3cp,False,nan,
Western Australia,GRN,ALP+IND+LNP+ON,ALP+IND+LNP+ON,positive_recipients_validated_against_3cp,False,nan,
Western Australia,IND,ALP+GRN+LNP+ON+OTH,ALP+GRN+LNP+ON+OTH,positive_recipients_validated_against_3cp,False,nan,
Western Australia,LNP,ALP+IND,ALP+IND,positive_recipients_validated_against_3cp,False,nan,
Western Australia,ON,ALP+GRN+IND+LNP+OTH,ALP+GRN+IND+LNP+OTH,positive_recipients_validated_against_3cp,False,nan,
Western Australia,OTH,ALP+GRN+IND+LNP+ON,ALP+GRN+IND+LNP+ON,positive_recipients_validated_against_3cp,False,nan,
Whitlam*,GRN,ALP+LNP,ALP+LNP,positive_recipients_validated_against_3cp,False,3.0,ALP+LNP+GRN
Whitlam*,IND,ALP+GRN+LNP+ON,ALP+GRN+LNP+ON,positive_recipients_validated_against_3cp,False,4.0,ALP+LNP+GRN
Whitlam*,ON,ALP+GRN+LNP,ALP+GRN+LNP,positive_recipients_validated_against_3cp,False,4.0,ALP+LNP+GRN
Whitlam*,OTH,ALP+GRN+IND+LNP+ON,ALP+GRN+IND+LNP+ON,positive_recipients_validated_against_3cp,False,6.0,ALP+LNP+GRN
Wide Bay,GRN,ALP+LNP+ON,ALP+LNP+ON,positive_recipients_validated_against_3cp,True,3.0,LNP+ALP+ON
Wide Bay,IND,ALP+GRN+LNP+ON+OTH,ALP+GRN+LNP+ON+OTH,positive_recipients_validated_against_3cp,False,6.0,LNP+ALP+ON
Wide Bay,ON,ALP+LNP,ALP+LNP,positive_recipients_validated_against_3cp,False,3.0,LNP+ALP+ON
Wide Bay,OTH,ALP+GRN+LNP+ON,ALP+GRN+LNP+ON,positive_recipients_validated_against_3cp,False,5.0,LNP+ALP+ON
Wills,LNP,ALP+GRN,ALP+GRN,positive_recipients_validated_against_3cp,False,3.0,ALP+GRN+LNP
Wills,ON,ALP+GRN+LNP+OTH,ALP+GRN+LNP+OTH,positive_recipients_validated_against_3cp,False,5.0,ALP+GRN+LNP
Wills,OTH,ALP+GRN+LNP,ALP+GRN+LNP,positive_recipients_validated_against_3cp,False,4.0,ALP+GRN+LNP
Wright,GRN,ALP+LNP+ON,ALP+LNP+ON,positive_recipients_validated_against_3cp,False,4.0,LNP+ALP+ON
Wright,ON,ALP+LNP,ALP+LNP,positive_recipients_validated_against_3cp,False,3.0,LNP+ALP+ON
Wright,OTH,ALP+GRN+LNP+ON,ALP+GRN+LNP+ON,positive_recipients_validated_against_3cp,False,5.0,LNP+ALP+ON
