stage,division_key,actual_winner,actual_runner_up,actual_final_two,actual_winner_share,division,winner,runner_up,final_two,winner_pct,elimination_order,winner_match,runner_up_match,final_two_match,absolute_winner_error_pp
1_pass_through_original_fallback,ADELAIDE,ALP,ON,ALP+ON,0.6488339999999999,Adelaide,ALP,ON,ALP+ON,0.6488339115438818,OTH>LNP>GRN,True,True,True,8.845611809693565e-06
1_pass_through_original_fallback,ASTON,ALP,LNP,ALP+LNP,0.506575,Aston,ALP,LNP,ALP+LNP,0.5127926243601023,IND>OTH>GRN>ON,True,True,True,0.6217624360102314
1_pass_through_original_fallback,BALLARAT,ALP,ON,ALP+ON,0.57424,Ballarat,ALP,ON,ALP+ON,0.573956382576287,IND>OTH>GRN>LNP,True,True,True,0.02836174237129674
1_pass_through_original_fallback,BANKS,LNP,ALP,ALP+LNP,0.5049750000000001,Banks,LNP,ALP,ALP+LNP,0.5017399378927809,IND>OTH>GRN>ON,True,True,True,0.3235062107219133
1_pass_through_original_fallback,BARKER,LNP,ON,LNP+ON,0.584741,Barker,LNP,ON,LNP+ON,0.5751361404402966,IND>OTH>GRN>ALP,True,True,True,0.960485955970336
1_pass_through_original_fallback,BARTON,ALP,ON,ALP+ON,0.608743,Barton,ALP,ON,ALP+ON,0.6087426909050562,OTH>LNP>GRN,True,True,True,3.0909494386222036e-05
1_pass_through_original_fallback,BASS,ALP,ON,ALP+ON,0.527818,Bass,ALP,ON,ALP+ON,0.5630243823364803,OTH>IND>GRN>LNP,True,True,True,3.5206382336480324
1_pass_through_original_fallback,BENDIGO,LNP,ALP,ALP+LNP,0.506749,Bendigo,ALP,LNP,ALP+LNP,0.508448758600625,OTH>GRN>ON,False,False,True,0.16997586006249898
1_pass_through_original_fallback,BENNELONG,ALP,LNP,ALP+LNP,0.5638559999999999,Bennelong,ALP,LNP,ALP+LNP,0.5638377079423411,OTH>GRN>ON,True,True,True,0.001829205765879749
1_pass_through_original_fallback,BEROWRA,LNP,ALP,ALP+LNP,0.5455570000000001,Berowra,LNP,ALP,ALP+LNP,0.5449569431771092,OTH>IND>GRN>ON,True,True,True,0.0600056822890882
1_pass_through_original_fallback,BLAIR,ON,ALP,ALP+ON,0.525598,Blair,ON,ALP,ALP+ON,0.5236328434723251,GRN>OTH>LNP,True,True,True,0.19651565276749272
1_pass_through_original_fallback,BLAXLAND,ALP,ON,ALP+ON,0.672059,Blaxland,ALP,ON,ALP+ON,0.6720590460196805,OTH>GRN>LNP>IND,True,True,True,4.60196805107671e-06
1_pass_through_original_fallback,BONNER,ALP,LNP,ALP+LNP,0.5130899999999999,Bonner,ALP,LNP,ALP+LNP,0.5164719206934866,OTH>GRN>ON,True,True,True,0.33819206934866397
1_pass_through_original_fallback,BOOTHBY,ALP,LNP,ALP+LNP,0.620564,Boothby,ALP,LNP,ALP+LNP,0.6198374986207079,OTH>IND>ON>GRN,True,True,True,0.07265013792920882
1_pass_through_original_fallback,BOWMAN,LNP,ALP,ALP+LNP,0.551023,Bowman,LNP,ALP,ALP+LNP,0.5500182687493307,OTH>GRN>ON,True,True,True,0.10047312506693551
1_pass_through_original_fallback,BRADDON,ON,ALP,ALP+ON,0.5079910000000001,Braddon,ALP,ON,ALP+ON,0.5255917892814526,OTH>IND>GRN>LNP,False,False,True,1.7600789281452478
1_pass_through_original_fallback,BRADFIELD,IND,LNP,IND+LNP,0.501668,Bradfield,IND,LNP,IND+LNP,0.5023869915914566,OTH>GRN>ON>ALP,True,True,True,0.07189915914566081
1_pass_through_original_fallback,BRAND,ALP,ON,ALP+ON,0.602546,Brand,ALP,ON,ALP+ON,0.602546046934246,OTH>LNP>GRN,True,True,True,4.69342459341604e-06
1_pass_through_original_fallback,BRISBANE,GRN,LNP,GRN+LNP,0.549148,Brisbane,GRN,LNP,GRN+LNP,0.5491484473221717,OTH>ON>ALP,True,True,True,4.473221717482545e-05
1_pass_through_original_fallback,BRUCE,ALP,ON,ALP+ON,0.567583,Bruce,ALP,ON,ALP+ON,0.5769018331115487,OTH>GRN>LNP,True,True,True,0.9318833111548797
1_pass_through_original_fallback,BULLWINKEL,LNP,ALP,ALP+LNP,0.542462,Bullwinkel,LNP,ALP,ALP+LNP,0.5424899949499056,OTH>GRN>ON,True,True,True,0.0027994949905574273
1_pass_through_original_fallback,BURT,ALP,ON,ALP+ON,0.60589,Burt,ALP,ON,ALP+ON,0.6058900042576681,IND>LNP>OTH>GRN,True,True,True,4.2576681069661504e-07
1_pass_through_original_fallback,CALARE,ON,IND,IND+ON,0.506838,Calare,IND,LNP,IND+LNP,0.5323205892358123,ALP>GRN>OTH>ON,False,False,False,2.548258923581226
1_pass_through_original_fallback,CALWELL,ALP,ON,ALP+ON,0.6165550000000001,Calwell,ALP,ON,ALP+ON,0.6165551627239251,LNP>GRN>OTH>IND,True,True,True,1.6272392500127353e-05
1_pass_through_original_fallback,CANBERRA,ALP,GRN,ALP+GRN,0.638042,Canberra,ALP,GRN,ALP+GRN,0.6324897303802225,OTH>ON>LNP>IND,True,True,True,0.5552269619777506
1_pass_through_original_fallback,CANNING,LNP,ALP,ALP+LNP,0.5590550000000001,Canning,LNP,ALP,ALP+LNP,0.5624082077362892,OTH>GRN>ON,True,True,True,0.335320773628911
1_pass_through_original_fallback,CAPRICORNIA,ON,ALP,ALP+ON,0.600421,Capricornia,ON,ALP,ALP+ON,0.6104503684027068,GRN>OTH>LNP,True,True,True,1.002936840270685
1_pass_through_original_fallback,CASEY,LNP,ALP,ALP+LNP,0.543802,Casey,LNP,ALP,ALP+LNP,0.5431015275218753,OTH>IND>GRN>ON,True,True,True,0.07004724781246585
1_pass_through_original_fallback,CHIFLEY,ALP,ON,ALP+ON,0.64268,Chifley,ALP,ON,ALP+ON,0.6426797196654187,LNP>GRN>OTH,True,True,True,2.803345813262581e-05
1_pass_through_original_fallback,CHISHOLM,ALP,LNP,ALP+LNP,0.550457,Chisholm,ALP,LNP,ALP+LNP,0.5501522639732689,OTH>IND>ON>GRN,True,True,True,0.030473602673108946
1_pass_through_original_fallback,CLARK,IND,GRN,GRN+IND,0.688768,Clark,IND,GRN,GRN+IND,0.697065389116186,LNP>ALP>ON,True,True,True,0.8297389116185938
1_pass_through_original_fallback,COOK,LNP,ALP,ALP+LNP,0.600113,Cook,LNP,ALP,ALP+LNP,0.6001528183714723,OTH>GRN>ON,True,True,True,0.003981837147226663
1_pass_through_original_fallback,COOPER,ALP,GRN,ALP+GRN,0.583818,Cooper,ALP,GRN,ALP+GRN,0.5838182401471897,LNP>OTH>ON,True,True,True,2.4014718980058802e-05
1_pass_through_original_fallback,CORANGAMITE,ALP,LNP,ALP+LNP,0.583531,Corangamite,ALP,LNP,ALP+LNP,0.5619646769692015,IND>OTH>GRN>ON,True,True,True,2.156632303079853
1_pass_through_original_fallback,CORIO,ALP,ON,ALP+ON,0.594903,Corio,ALP,ON,ALP+ON,0.5895627309364384,IND>OTH>LNP>GRN,True,True,True,0.5340269063561554
1_pass_through_original_fallback,COWAN,ALP,ON,ALP+ON,0.599485,Cowan,ALP,ON,ALP+ON,0.5999168129549998,IND>OTH>GRN>LNP,True,True,True,0.04318129549997218
1_pass_through_original_fallback,COWPER,LNP,IND,IND+LNP,0.512441,Cowper,LNP,IND,IND+LNP,0.5092085833789592,ALP>GRN>OTH>ON,True,True,True,0.323241662104079
1_pass_through_original_fallback,CUNNINGHAM,ALP,ON,ALP+ON,0.6159490000000001,Cunningham,ALP,ON,ALP+ON,0.6159487920202863,OTH>LNP>GRN,True,True,True,2.0797971378438973e-05
1_pass_through_original_fallback,CURTIN,IND,LNP,IND+LNP,0.551373,Curtin,IND,LNP,IND+LNP,0.5513729032066135,OTH>ALP>GRN>ON,True,True,True,9.679338652812675e-06
1_pass_through_original_fallback,DAWSON,LNP,ON,LNP+ON,0.517289,Dawson,LNP,ON,LNP+ON,0.5139841381610434,GRN>OTH>ALP,True,True,True,0.33048618389566187
1_pass_through_original_fallback,DEAKIN,ALP,LNP,ALP+LNP,0.505546,Deakin,ALP,LNP,ALP+LNP,0.5059269583546283,OTH>IND>GRN>ON,True,True,True,0.0380958354628258
1_pass_through_original_fallback,DICKSON,ALP,LNP,ALP+LNP,0.5059640000000001,Dickson,ALP,LNP,ALP+LNP,0.5254817819480364,OTH>IND>GRN>ON,True,True,True,1.9517781948036328
1_pass_through_original_fallback,DOBELL,ALP,ON,ALP+ON,0.537111,Dobell,ALP,ON,ALP+ON,0.5300905066771293,OTH>GRN>LNP,True,True,True,0.7020493322870691
1_pass_through_original_fallback,DUNKLEY,ALP,ON,ALP+ON,0.552569,Dunkley,ALP,ON,ALP+ON,0.5410793920519047,IND>OTH>GRN>LNP,True,True,True,1.1489607948095282
1_pass_through_original_fallback,DURACK,LNP,ON,LNP+ON,0.503651,Durack,LNP,ON,LNP+ON,0.5047613419507456,GRN>OTH>ALP,True,True,True,0.11103419507456636
1_pass_through_original_fallback,EDEN-MONARO,ALP,ON,ALP+ON,0.539163,Eden-Monaro,ALP,ON,ALP+ON,0.5283346572767885,IND>OTH>GRN>LNP,True,True,True,1.0828342723211426
1_pass_through_original_fallback,FADDEN,LNP,ON,LNP+ON,0.534754,Fadden,LNP,ON,LNP+ON,0.5377599375169408,IND>OTH>GRN>ALP,True,True,True,0.3005937516940893
1_pass_through_original_fallback,FAIRFAX,LNP,ALP,ALP+LNP,0.576867,Fairfax,LNP,ALP,ALP+LNP,0.56901066557593,OTH>GRN>IND>ON,True,True,True,0.7856334424069966
1_pass_through_original_fallback,FARRER,LNP,IND,IND+LNP,0.528772,Farrer,LNP,IND,IND+LNP,0.5287718930608596,GRN>OTH>ALP>ON,True,True,True,1.0693914043180541e-05
1_pass_through_original_fallback,FISHER,LNP,IND,IND+LNP,0.515051,Fisher,IND,LNP,IND+LNP,0.5238495047471383,OTH>GRN>ALP>ON,False,False,True,0.879850474713828
1_pass_through_original_fallback,FLINDERS,LNP,IND,IND+LNP,0.624925,Flinders,LNP,IND,IND+LNP,0.6249245062694125,OTH>GRN>ALP>ON,True,True,True,4.937305874141984e-05
1_pass_through_original_fallback,FLYNN,ON,ALP,ALP+ON,0.619371,Flynn,ON,ALP,ALP+ON,0.6219070940337605,IND>GRN>OTH>LNP,True,True,True,0.25360940337605387
1_pass_through_original_fallback,FORDE,ON,ALP,ALP+ON,0.5394570000000001,Forde,ON,ALP,ALP+ON,0.5384138942146128,IND>OTH>GRN>LNP,True,True,True,0.10431057853872439
1_pass_through_original_fallback,FORREST,LNP,IND,IND+LNP,0.504318,Forrest,ON,IND,IND+ON,0.5241684797918948,OTH>GRN>ALP>LNP,False,True,False,1.9850479791894804
1_pass_through_original_fallback,FOWLER,IND,ALP,ALP+IND,0.563923,Fowler,IND,ALP,ALP+IND,0.5639234824776246,LNP>OTH>GRN>ON,True,True,True,4.824776246303841e-05
1_pass_through_original_fallback,FRANKLIN,ALP,IND,ALP+IND,0.5589580000000001,Franklin,IND,ALP,ALP+IND,0.5005982893615215,OTH>LNP>GRN>ON,False,False,True,5.835971063847856
1_pass_through_original_fallback,FRASER,ALP,GRN,ALP+GRN,0.53302,Fraser,ALP,GRN,ALP+GRN,0.5330195128198036,LNP>OTH>ON,True,True,True,4.871801964068112e-05
1_pass_through_original_fallback,FREMANTLE,IND,ALP,ALP+IND,0.545318,Fremantle,IND,ALP,ALP+IND,0.5477552856029039,OTH>LNP>GRN>ON,True,True,True,0.24372856029039047
1_pass_through_original_fallback,GELLIBRAND,ALP,ON,ALP+ON,0.6200209999999999,Gellibrand,ALP,ON,ALP+ON,0.620020745983046,OTH>LNP>GRN,True,True,True,2.540169539155812e-05
1_pass_through_original_fallback,GILMORE,ALP,LNP,ALP+LNP,0.52827,Gilmore,ALP,LNP,ALP+LNP,0.5287437452309269,OTH>IND>GRN>ON,True,True,True,0.04737452309269141
1_pass_through_original_fallback,GIPPSLAND,LNP,ON,LNP+ON,0.579957,Gippsland,LNP,ON,LNP+ON,0.5799572937654724,OTH>GRN>ALP,True,True,True,2.9376547250326013e-05
1_pass_through_original_fallback,GOLDSTEIN,IND,LNP,IND+LNP,0.516357,Goldstein,IND,LNP,IND+LNP,0.5163569281952162,OTH>ALP>GRN>ON,True,True,True,7.180478378554511e-06
1_pass_through_original_fallback,GORTON,ALP,ON,ALP+ON,0.560268,Gorton,ALP,ON,ALP+ON,0.5692002950552915,OTH>GRN>LNP,True,True,True,0.8932295055291473
1_pass_through_original_fallback,GRAYNDLER,ALP,GRN,ALP+GRN,0.6083,Grayndler,ALP,GRN,ALP+GRN,0.6082995522703467,OTH>IND>LNP>ON,True,True,True,4.477296532412467e-05
1_pass_through_original_fallback,GREENWAY,ALP,ON,ALP+ON,0.5965050000000001,Greenway,ALP,ON,ALP+ON,0.6085557913390494,IND>OTH>GRN>LNP,True,True,True,1.2050791339049294
1_pass_through_original_fallback,GREY,LNP,IND,IND+LNP,0.522261,Grey,ON,IND,IND+ON,0.5734991425872176,OTH>GRN>ALP>LNP,False,True,False,5.12381425872176
1_pass_through_original_fallback,GRIFFITH,GRN,ALP,ALP+GRN,0.514899,Griffith,GRN,ALP,ALP+GRN,0.5148986558730513,OTH>LNP>ON,True,True,True,3.4412694871477356e-05
1_pass_through_original_fallback,GROOM,LNP,IND,IND+LNP,0.534071,Groom,LNP,IND,IND+LNP,0.5219095063107788,OTH>GRN>ALP>ON,True,True,True,1.2161493689221148
1_pass_through_original_fallback,HASLUCK,ALP,ON,ALP+ON,0.608702,Hasluck,ALP,ON,ALP+ON,0.6087017537528149,OTH>LNP>GRN,True,True,True,2.4624718508725607e-05
1_pass_through_original_fallback,HAWKE,ON,ALP,ALP+ON,0.500249,Hawke,ALP,ON,ALP+ON,0.5027207409042119,GRN>OTH>LNP,False,False,True,0.2471740904211872
1_pass_through_original_fallback,HERBERT,LNP,ALP,ALP+LNP,0.6442659999999999,Herbert,LNP,ALP,ALP+LNP,0.6426126986848967,GRN>OTH>ON,True,True,True,0.16533013151032172
1_pass_through_original_fallback,HINDMARSH,ALP,ON,ALP+ON,0.623821,Hindmarsh,ALP,ON,ALP+ON,0.6152893788495815,OTH>LNP>GRN,True,True,True,0.85316211504185
1_pass_through_original_fallback,HINKLER,ON,LNP,LNP+ON,0.511697,Hinkler,ON,LNP,LNP+ON,0.5111296040509057,IND>GRN>OTH>ALP,True,True,True,0.05673959490942737
1_pass_through_original_fallback,HOLT,ALP,ON,ALP+ON,0.5707450000000001,Holt,ALP,ON,ALP+ON,0.5758393834226883,OTH>GRN>LNP,True,True,True,0.5094383422688198
1_pass_through_original_fallback,HOTHAM,ALP,ON,ALP+ON,0.633213,Hotham,ALP,ON,ALP+ON,0.633212547718207,OTH>LNP>GRN,True,True,True,4.5228179301748384e-05
1_pass_through_original_fallback,HUGHES,LNP,ALP,ALP+LNP,0.504409,Hughes,LNP,ALP,ALP+LNP,0.5044331879783714,OTH>GRN>ON,True,True,True,0.002418797837144826
1_pass_through_original_fallback,HUME,LNP,ON,LNP+ON,0.54362,Hume,LNP,ON,LNP+ON,0.5443437756230713,IND>GRN>OTH>ALP,True,True,True,0.07237756230713543
1_pass_through_original_fallback,HUNTER,ALP,ON,ALP+ON,0.508983,Hunter,ALP,ON,ALP+ON,0.5089829266515445,LNP>GRN>OTH,True,True,True,7.334845542050772e-06
1_pass_through_original_fallback,INDI,IND,ON,IND+ON,0.550648,Indi,IND,ON,IND+ON,0.5507025364756084,ALP>GRN>OTH>LNP,True,True,True,0.005453647560837993
1_pass_through_original_fallback,ISAACS,ALP,ON,ALP+ON,0.617935,Isaacs,ALP,ON,ALP+ON,0.6072149212710017,OTH>GRN>LNP,True,True,True,1.0720078728998272
1_pass_through_original_fallback,JAGAJAGA,ALP,LNP,ALP+LNP,0.626059,Jagajaga,ALP,LNP,ALP+LNP,0.6254258020571644,OTH>IND>ON>GRN,True,True,True,0.06331979428356727
1_pass_through_original_fallback,KENNEDY,OTH,ON,ON+OTH,0.695107,Kennedy,OTH,ON,ON+OTH,0.6951069221003443,GRN>LNP>ALP,True,True,True,7.789965572602142e-06
1_pass_through_original_fallback,KINGSFORD SMITH,ALP,ON,ALP+ON,0.6354270000000001,Kingsford Smith,ALP,ON,ALP+ON,0.6354270981381978,IND>LNP>GRN,True,True,True,9.813819767945375e-06
1_pass_through_original_fallback,KINGSTON,ALP,ON,ALP+ON,0.6447620000000001,Kingston,ALP,ON,ALP+ON,0.6432011527149756,IND>OTH>LNP>GRN,True,True,True,0.15608472850244803
1_pass_through_original_fallback,KOOYONG,IND,LNP,IND+LNP,0.536718,Kooyong,IND,LNP,IND+LNP,0.5367180965697974,OTH>ALP>ON>GRN,True,True,True,9.656979738092986e-06
1_pass_through_original_fallback,LA TROBE,LNP,ALP,ALP+LNP,0.555296,La Trobe,LNP,ALP,ALP+LNP,0.5553236520989328,OTH>GRN>ON,True,True,True,0.002765209893274001
1_pass_through_original_fallback,LALOR,ALP,ON,ALP+ON,0.588128,Lalor,ALP,ON,ALP+ON,0.5918599233784466,IND>OTH>LNP>GRN,True,True,True,0.3731923378446633
1_pass_through_original_fallback,LEICHHARDT,ON,ALP,ALP+ON,0.539568,Leichhardt,ON,ALP,ALP+ON,0.5457913681095021,GRN>OTH>LNP,True,True,True,0.6223368109502081
1_pass_through_original_fallback,LILLEY,ALP,ON,ALP+ON,0.6143719999999999,Lilley,ALP,ON,ALP+ON,0.614372335202539,OTH>LNP>GRN,True,True,True,3.3520253905905406e-05
1_pass_through_original_fallback,LINDSAY,LNP,ALP,ALP+LNP,0.543576,Lindsay,LNP,ALP,ALP+LNP,0.5321508100059948,OTH>GRN>ON,True,True,True,1.1425189994005103
1_pass_through_original_fallback,LINGIARI,ALP,ON,ALP+ON,0.557702,Lingiari,ALP,ON,ALP+ON,0.5647950461266601,IND>OTH>GRN>LNP,True,True,True,0.7093046126660063
1_pass_through_original_fallback,LONGMAN,ON,ALP,ALP+ON,0.542654,Longman,ON,ALP,ALP+ON,0.5432183369516016,OTH>GRN>LNP,True,True,True,0.056433695160162944
1_pass_through_original_fallback,LYNE,LNP,IND,IND+LNP,0.553836,Lyne,LNP,IND,IND+LNP,0.5190064722256549,GRN>OTH>ALP>ON,True,True,True,3.4829527774345115
1_pass_through_original_fallback,LYONS,ALP,ON,ALP+ON,0.540679,Lyons,ALP,ON,ALP+ON,0.5711456925121969,IND>OTH>GRN>LNP,True,True,True,3.0466692512196913
1_pass_through_original_fallback,MACARTHUR,ALP,ON,ALP+ON,0.5908059999999999,Macarthur,ALP,ON,ALP+ON,0.5908062028919843,OTH>LNP>GRN,True,True,True,2.028919843244381e-05
1_pass_through_original_fallback,MACKELLAR,IND,LNP,IND+LNP,0.553434,Mackellar,IND,LNP,IND+LNP,0.5534340084822501,OTH>ALP>GRN>ON,True,True,True,8.482250124508539e-07
1_pass_through_original_fallback,MACNAMARA,ALP,LNP,ALP+LNP,0.6336229999999999,Macnamara,ALP,LNP,ALP+LNP,0.6354002471651481,OTH>ON>GRN,True,True,True,0.17772471651481547
1_pass_through_original_fallback,MACQUARIE,ALP,ON,ALP+ON,0.542699,Macquarie,ALP,ON,ALP+ON,0.5313459106549351,OTH>GRN>LNP,True,True,True,1.135308934506496
1_pass_through_original_fallback,MAKIN,ALP,ON,ALP+ON,0.604618,Makin,ALP,ON,ALP+ON,0.6046182542753366,OTH>LNP>GRN,True,True,True,2.5427533656419143e-05
1_pass_through_original_fallback,MALLEE,LNP,ON,LNP+ON,0.5508310000000001,Mallee,LNP,ON,LNP+ON,0.5299254886427053,GRN>ALP>IND>OTH,True,True,True,2.0905511357294793
1_pass_through_original_fallback,MARANOA,LNP,ON,LNP+ON,0.5569080000000001,Maranoa,LNP,ON,LNP+ON,0.5569967496972485,GRN>OTH>ALP,True,True,True,0.008874969724848025
1_pass_through_original_fallback,MARIBYRNONG,ALP,ON,ALP+ON,0.6027170000000001,Maribyrnong,ALP,ON,ALP+ON,0.6031708864649199,OTH>LNP>GRN,True,True,True,0.04538864649198393
1_pass_through_original_fallback,MAYO,OTH,ALP,ALP+OTH,0.6541849999999999,Mayo,OTH,ON,ON+OTH,0.6684528360913845,LNP>GRN>ALP,True,False,False,1.42678360913846
1_pass_through_original_fallback,MCEWEN,ALP,ON,ALP+ON,0.524378,McEwen,ALP,ON,ALP+ON,0.5185217491129226,OTH>GRN>LNP,True,True,True,0.5856250887077419
1_pass_through_original_fallback,MCMAHON,ALP,ON,ALP+ON,0.56845,McMahon,ALP,ON,ALP+ON,0.5679711999552184,OTH>IND>GRN>LNP,True,True,True,0.04788000447816243
1_pass_through_original_fallback,MCPHERSON,LNP,ALP,ALP+LNP,0.57182,McPherson,LNP,ALP,ALP+LNP,0.5767981769051319,OTH>GRN>IND>ON,True,True,True,0.49781769051319147
1_pass_through_original_fallback,MELBOURNE,GRN,ALP,ALP+GRN,0.52065,Melbourne,GRN,ALP,ALP+GRN,0.5207407524579373,OTH>IND>LNP>ON,True,True,True,0.009075245793732645
1_pass_through_original_fallback,MENZIES,LNP,ALP,ALP+LNP,0.505668,Menzies,LNP,ALP,ALP+LNP,0.5053334061716661,OTH>IND>GRN>ON,True,True,True,0.03345938283338956
1_pass_through_original_fallback,MITCHELL,LNP,ALP,ALP+LNP,0.569098,Mitchell,LNP,ALP,ALP+LNP,0.5691191178174285,OTH>GRN>ON,True,True,True,0.0021117817428528696
1_pass_through_original_fallback,MONASH,IND,LNP,IND+LNP,0.50139,Monash,ON,IND,IND+ON,0.501037685947545,OTH>GRN>ALP>LNP,False,False,False,0.03523140524549495
1_pass_through_original_fallback,MONCRIEFF,LNP,ALP,ALP+LNP,0.601565,Moncrieff,LNP,ON,LNP+ON,0.5704866931739566,IND>OTH>GRN>ALP,True,False,False,3.10783068260434
1_pass_through_original_fallback,MOORE,LNP,ALP,ALP+LNP,0.508176,Moore,LNP,ALP,ALP+LNP,0.5081979794438198,OTH>GRN>IND>ON,True,True,True,0.0021979443819875044
1_pass_through_original_fallback,MORETON,ALP,ON,ALP+ON,0.632397,Moreton,ALP,ON,ALP+ON,0.6323965340806427,OTH>LNP>GRN,True,True,True,4.6591935731754575e-05
1_pass_through_original_fallback,NEW ENGLAND,LNP,ON,LNP+ON,0.580524,New England,LNP,ON,LNP+ON,0.5849012641315131,IND>OTH>GRN>ALP,True,True,True,0.437726413151307
1_pass_through_original_fallback,NEWCASTLE,ALP,GRN,ALP+GRN,0.585974,Newcastle,ALP,GRN,ALP+GRN,0.5866582874305579,OTH>LNP>ON,True,True,True,0.06842874305579283
1_pass_through_original_fallback,NICHOLLS,LNP,IND,IND+LNP,0.604812,Nicholls,LNP,IND,IND+LNP,0.5730023429317911,GRN>OTH>ALP>ON,True,True,True,3.180965706820893
1_pass_through_original_fallback,O'CONNOR,LNP,ON,LNP+ON,0.509127,O'Connor,LNP,ON,LNP+ON,0.5101231596602485,GRN>OTH>ALP,True,True,True,0.09961596602484635
1_pass_through_original_fallback,OXLEY,ALP,ON,ALP+ON,0.6371370000000001,Oxley,ALP,ON,ALP+ON,0.6393387639667425,OTH>LNP>GRN,True,True,True,0.22017639667424316
1_pass_through_original_fallback,PAGE,LNP,ALP,ALP+LNP,0.615702,Page,LNP,ALP,ALP+LNP,0.6130611290252481,IND>OTH>GRN>ON,True,True,True,0.2640870974751852
1_pass_through_original_fallback,PARKES,ON,LNP,LNP+ON,0.518501,Parkes,ON,LNP,LNP+ON,0.5185007907135473,IND>GRN>ALP>OTH,True,True,True,2.0928645272366708e-05
1_pass_through_original_fallback,PARRAMATTA,ALP,LNP,ALP+LNP,0.600432,Parramatta,ALP,LNP,ALP+LNP,0.6036205863566747,OTH>GRN>ON,True,True,True,0.31885863566747386
1_pass_through_original_fallback,PATERSON,ALP,ON,ALP+ON,0.531524,Paterson,ALP,ON,ALP+ON,0.5283816101686907,OTH>GRN>IND>LNP,True,True,True,0.31423898313093224
1_pass_through_original_fallback,PEARCE,ALP,ON,ALP+ON,0.531457,Pearce,ALP,ON,ALP+ON,0.5373240407276729,OTH>GRN>LNP,True,True,True,0.5867040727672967
1_pass_through_original_fallback,PERTH,ALP,ON,ALP+ON,0.632414,Perth,ALP,ON,ALP+ON,0.6326986734915869,OTH>LNP>GRN,True,True,True,0.028467349158689537
1_pass_through_original_fallback,PETRIE,LNP,ALP,ALP+LNP,0.520378,Petrie,LNP,ALP,ALP+LNP,0.5234104622730307,OTH>GRN>ON,True,True,True,0.3032462273030667
1_pass_through_original_fallback,RANKIN,ALP,ON,ALP+ON,0.606254,Rankin,ALP,ON,ALP+ON,0.6062538110303927,LNP>OTH>GRN,True,True,True,1.8896960729541945e-05
1_pass_through_original_fallback,REID,ALP,LNP,ALP+LNP,0.596772,Reid,ALP,LNP,ALP+LNP,0.603337978635297,IND>OTH>GRN>ON,True,True,True,0.6565978635297065
1_pass_through_original_fallback,RICHMOND,GRN,ON,GRN+ON,0.646215,Richmond,GRN,ON,GRN+ON,0.6468211545985927,OTH>LNP>ALP,True,True,True,0.06061545985927008
1_pass_through_original_fallback,RIVERINA,LNP,IND,IND+LNP,0.617066,Riverina,ON,IND,IND+ON,0.5898130847380274,GRN>OTH>ALP>LNP,False,True,False,2.72529152619726
1_pass_through_original_fallback,ROBERTSON,ALP,ON,ALP+ON,0.5484559999999999,Robertson,ALP,ON,ALP+ON,0.5307181819068142,IND>OTH>GRN>LNP,True,True,True,1.7737818093185753
1_pass_through_original_fallback,RYAN,GRN,LNP,GRN+LNP,0.5444559999999999,Ryan,GRN,LNP,GRN+LNP,0.5444557840733005,OTH>ON>ALP,True,True,True,2.159266994095077e-05
1_pass_through_original_fallback,SCULLIN,ALP,ON,ALP+ON,0.569373,Scullin,ALP,ON,ALP+ON,0.5693727977201994,LNP>GRN>OTH,True,True,True,2.0227980057629935e-05
1_pass_through_original_fallback,SHORTLAND,ALP,ON,ALP+ON,0.549604,Shortland,ALP,ON,ALP+ON,0.5620413867729797,IND>OTH>GRN>LNP,True,True,True,1.2437386772979675
1_pass_through_original_fallback,SOLOMON,ALP,LNP,ALP+LNP,0.510367,Solomon,ALP,LNP,ALP+LNP,0.5080449808848034,OTH>GRN>IND>ON,True,True,True,0.2322019115196583
1_pass_through_original_fallback,SPENCE,ALP,ON,ALP+ON,0.586643,Spence,ALP,ON,ALP+ON,0.586643162663963,IND>LNP>OTH>GRN,True,True,True,1.6266396296593655e-05
1_pass_through_original_fallback,STURT,ALP,LNP,ALP+LNP,0.547999,Sturt,ALP,LNP,ALP+LNP,0.5467835869227479,OTH>IND>ON>GRN,True,True,True,0.12154130772521476
1_pass_through_original_fallback,SWAN,ALP,ON,ALP+ON,0.610995,Swan,ALP,ON,ALP+ON,0.6109954682113711,OTH>LNP>GRN,True,True,True,4.6821137111852096e-05
1_pass_through_original_fallback,SYDNEY,ALP,GRN,ALP+GRN,0.6356,Sydney,ALP,GRN,ALP+GRN,0.6356002327399555,OTH>LNP>ON,True,True,True,2.3273995541917003e-05
1_pass_through_original_fallback,TANGNEY,ALP,LNP,ALP+LNP,0.547348,Tangney,ALP,LNP,ALP+LNP,0.5473277029257051,OTH>GRN>ON,True,True,True,0.0020297074294850503
1_pass_through_original_fallback,WANNON,LNP,IND,IND+LNP,0.538732,Wannon,LNP,IND,IND+LNP,0.5262889368352928,GRN>OTH>ALP>ON,True,True,True,1.2443063164707224
1_pass_through_original_fallback,WARRINGAH,IND,LNP,IND+LNP,0.608459,Warringah,IND,LNP,IND+LNP,0.6084591076403167,OTH>ALP>GRN>ON,True,True,True,1.0764031677101826e-05
1_pass_through_original_fallback,WATSON,ALP,IND,ALP+IND,0.636178,Watson,ALP,IND,ALP+IND,0.6361778939394057,LNP>OTH>GRN>ON,True,True,True,1.0606059430706694e-05
1_pass_through_original_fallback,WENTWORTH,IND,LNP,IND+LNP,0.598899,Wentworth,IND,LNP,IND+LNP,0.5988988379481364,ALP>ON>GRN,True,True,True,1.6205186359474766e-05
1_pass_through_original_fallback,WERRIWA,ALP,LNP,ALP+LNP,0.547276,Werriwa,ALP,LNP,ALP+LNP,0.54962593837152,IND>OTH>GRN>ON,True,True,True,0.23499383715199773
1_pass_through_original_fallback,WHITLAM,ALP,ON,ALP+ON,0.51883,Whitlam,ALP,ON,ALP+ON,0.5190691629368319,OTH>IND>GRN>LNP,True,True,True,0.02391629368319048
1_pass_through_original_fallback,WIDE BAY,LNP,ON,LNP+ON,0.500814,Wide Bay,LNP,ON,LNP+ON,0.5061243740838679,IND>OTH>GRN>ALP,True,True,True,0.5310374083867919
1_pass_through_original_fallback,WILLS,GRN,ALP,ALP+GRN,0.5321779999999999,Wills,GRN,ALP,ALP+GRN,0.5321784432806355,LNP>OTH>ON,True,True,True,4.4328063553145114e-05
1_pass_through_original_fallback,WRIGHT,ON,LNP,LNP+ON,0.550105,Wright,ON,LNP,LNP+ON,0.5537930899722447,GRN>OTH>ALP,True,True,True,0.368808997224479
2_add_evidence_shrinkage,ADELAIDE,ALP,ON,ALP+ON,0.6488339999999999,Adelaide,ALP,ON,ALP+ON,0.6488339115438818,OTH>LNP>GRN,True,True,True,8.845611809693565e-06
2_add_evidence_shrinkage,ASTON,ALP,LNP,ALP+LNP,0.506575,Aston,ALP,LNP,ALP+LNP,0.5064343619734358,IND>OTH>GRN>ON,True,True,True,0.014063802656416602
2_add_evidence_shrinkage,BALLARAT,ALP,ON,ALP+ON,0.57424,Ballarat,ALP,ON,ALP+ON,0.5455476304518526,IND>OTH>GRN>LNP,True,True,True,2.8692369548147356
2_add_evidence_shrinkage,BANKS,LNP,ALP,ALP+LNP,0.5049750000000001,Banks,LNP,ALP,ALP+LNP,0.5087084485667583,IND>OTH>GRN>ON,True,True,True,0.37334485667582795
2_add_evidence_shrinkage,BARKER,LNP,ON,LNP+ON,0.584741,Barker,LNP,ON,LNP+ON,0.5846348691034542,IND>OTH>GRN>ALP,True,True,True,0.010613089654576413
2_add_evidence_shrinkage,BARTON,ALP,ON,ALP+ON,0.608743,Barton,ALP,ON,ALP+ON,0.6087426909050562,OTH>LNP>GRN,True,True,True,3.0909494386222036e-05
2_add_evidence_shrinkage,BASS,ALP,ON,ALP+ON,0.527818,Bass,ON,ALP,ALP+ON,0.5038668459677624,OTH>IND>GRN>LNP,False,False,True,2.3951154032237576
2_add_evidence_shrinkage,BENDIGO,LNP,ALP,ALP+LNP,0.506749,Bendigo,ALP,LNP,ALP+LNP,0.5046450513639,OTH>GRN>ON,False,False,True,0.21039486360999726
2_add_evidence_shrinkage,BENNELONG,ALP,LNP,ALP+LNP,0.5638559999999999,Bennelong,ALP,LNP,ALP+LNP,0.5538552897904265,OTH>GRN>ON,True,True,True,1.0000710209573382
2_add_evidence_shrinkage,BEROWRA,LNP,ALP,ALP+LNP,0.5455570000000001,Berowra,LNP,ALP,ALP+LNP,0.5666177579518952,OTH>IND>GRN>ON,True,True,True,2.1060757951895104
2_add_evidence_shrinkage,BLAIR,ON,ALP,ALP+ON,0.525598,Blair,ON,ALP,ALP+ON,0.5477286817955772,GRN>OTH>LNP,True,True,True,2.21306817955772
2_add_evidence_shrinkage,BLAXLAND,ALP,ON,ALP+ON,0.672059,Blaxland,ALP,ON,ALP+ON,0.6742859538105423,OTH>GRN>LNP>IND,True,True,True,0.2226953810542387
2_add_evidence_shrinkage,BONNER,ALP,LNP,ALP+LNP,0.5130899999999999,Bonner,ALP,LNP,ALP+LNP,0.5103297630654147,OTH>GRN>ON,True,True,True,0.27602369345852695
2_add_evidence_shrinkage,BOOTHBY,ALP,LNP,ALP+LNP,0.620564,Boothby,ALP,LNP,ALP+LNP,0.6218341774305235,OTH>IND>ON>GRN,True,True,True,0.12701774305234892
2_add_evidence_shrinkage,BOWMAN,LNP,ALP,ALP+LNP,0.551023,Bowman,LNP,ALP,ALP+LNP,0.54552809440507,OTH>GRN>ON,True,True,True,0.5494905594930044
2_add_evidence_shrinkage,BRADDON,ON,ALP,ALP+ON,0.5079910000000001,Braddon,ON,ALP,ALP+ON,0.5350533255976563,OTH>IND>GRN>LNP,True,True,True,2.70623255976562
2_add_evidence_shrinkage,BRADFIELD,IND,LNP,IND+LNP,0.501668,Bradfield,IND,LNP,IND+LNP,0.530266940679271,OTH>GRN>ON>ALP,True,True,True,2.8598940679271045
2_add_evidence_shrinkage,BRAND,ALP,ON,ALP+ON,0.602546,Brand,ALP,ON,ALP+ON,0.602546046934246,OTH>LNP>GRN,True,True,True,4.69342459341604e-06
2_add_evidence_shrinkage,BRISBANE,GRN,LNP,GRN+LNP,0.549148,Brisbane,GRN,LNP,GRN+LNP,0.5641257225530797,OTH>ON>ALP,True,True,True,1.497772255307972
2_add_evidence_shrinkage,BRUCE,ALP,ON,ALP+ON,0.567583,Bruce,ALP,ON,ALP+ON,0.5406944227860385,OTH>GRN>LNP,True,True,True,2.688857721396143
2_add_evidence_shrinkage,BULLWINKEL,LNP,ALP,ALP+LNP,0.542462,Bullwinkel,LNP,ALP,ALP+LNP,0.5221288699970309,OTH>GRN>ON,True,True,True,2.03331300029691
2_add_evidence_shrinkage,BURT,ALP,ON,ALP+ON,0.60589,Burt,ALP,ON,ALP+ON,0.6058900042576681,IND>LNP>OTH>GRN,True,True,True,4.2576681069661504e-07
2_add_evidence_shrinkage,CALARE,ON,IND,IND+ON,0.506838,Calare,IND,LNP,IND+LNP,0.5207612617210073,ALP>GRN>OTH>ON,False,False,False,1.392326172100733
2_add_evidence_shrinkage,CALWELL,ALP,ON,ALP+ON,0.6165550000000001,Calwell,ALP,ON,ALP+ON,0.6165551627239251,LNP>GRN>OTH>IND,True,True,True,1.6272392500127353e-05
2_add_evidence_shrinkage,CANBERRA,ALP,GRN,ALP+GRN,0.638042,Canberra,ALP,GRN,ALP+GRN,0.6333096968689977,OTH>ON>LNP>IND,True,True,True,0.4732303131002258
2_add_evidence_shrinkage,CANNING,LNP,ALP,ALP+LNP,0.5590550000000001,Canning,LNP,ALP,ALP+LNP,0.5624082077362892,OTH>GRN>ON,True,True,True,0.335320773628911
2_add_evidence_shrinkage,CAPRICORNIA,ON,ALP,ALP+ON,0.600421,Capricornia,ON,ALP,ALP+ON,0.6287889441063379,GRN>OTH>LNP,True,True,True,2.8367944106337917
2_add_evidence_shrinkage,CASEY,LNP,ALP,ALP+LNP,0.543802,Casey,LNP,ALP,ALP+LNP,0.5685387894035957,OTH>IND>GRN>ON,True,True,True,2.4736789403595694
2_add_evidence_shrinkage,CHIFLEY,ALP,ON,ALP+ON,0.64268,Chifley,ALP,ON,ALP+ON,0.6426797196654187,LNP>GRN>OTH,True,True,True,2.803345813262581e-05
2_add_evidence_shrinkage,CHISHOLM,ALP,LNP,ALP+LNP,0.550457,Chisholm,ALP,LNP,ALP+LNP,0.5622962362155031,OTH>IND>ON>GRN,True,True,True,1.183923621550309
2_add_evidence_shrinkage,CLARK,IND,GRN,GRN+IND,0.688768,Clark,IND,GRN,GRN+IND,0.697065389116186,LNP>ALP>ON,True,True,True,0.8297389116185938
2_add_evidence_shrinkage,COOK,LNP,ALP,ALP+LNP,0.600113,Cook,LNP,ALP,ALP+LNP,0.59960744544804,OTH>GRN>ON,True,True,True,0.05055545519599969
2_add_evidence_shrinkage,COOPER,ALP,GRN,ALP+GRN,0.583818,Cooper,ALP,GRN,ALP+GRN,0.5838182401471897,LNP>OTH>ON,True,True,True,2.4014718980058802e-05
2_add_evidence_shrinkage,CORANGAMITE,ALP,LNP,ALP+LNP,0.583531,Corangamite,ALP,LNP,ALP+LNP,0.5915519629525672,IND>OTH>ON>GRN,True,True,True,0.8020962952567157
2_add_evidence_shrinkage,CORIO,ALP,ON,ALP+ON,0.594903,Corio,ALP,ON,ALP+ON,0.5895627309364384,IND>OTH>LNP>GRN,True,True,True,0.5340269063561554
2_add_evidence_shrinkage,COWAN,ALP,ON,ALP+ON,0.599485,Cowan,ALP,ON,ALP+ON,0.5832027996457243,IND>OTH>GRN>LNP,True,True,True,1.6282200354275744
2_add_evidence_shrinkage,COWPER,LNP,IND,IND+LNP,0.512441,Cowper,LNP,IND,IND+LNP,0.5018417004827664,ALP>GRN>OTH>ON,True,True,True,1.0599299517233596
2_add_evidence_shrinkage,CUNNINGHAM,ALP,ON,ALP+ON,0.6159490000000001,Cunningham,ALP,ON,ALP+ON,0.6159487920202863,OTH>LNP>GRN,True,True,True,2.0797971378438973e-05
2_add_evidence_shrinkage,CURTIN,IND,LNP,IND+LNP,0.551373,Curtin,IND,LNP,IND+LNP,0.552585812373302,OTH>ALP>GRN>ON,True,True,True,0.12128123733019525
2_add_evidence_shrinkage,DAWSON,LNP,ON,LNP+ON,0.517289,Dawson,LNP,ON,LNP+ON,0.5240545314630841,GRN>OTH>ALP,True,True,True,0.6765531463084118
2_add_evidence_shrinkage,DEAKIN,ALP,LNP,ALP+LNP,0.505546,Deakin,LNP,ALP,ALP+LNP,0.5050005567548143,OTH>IND>GRN>ON,False,False,True,0.05454432451857949
2_add_evidence_shrinkage,DICKSON,ALP,LNP,ALP+LNP,0.5059640000000001,Dickson,LNP,ALP,ALP+LNP,0.5044228947145177,OTH>IND>GRN>ON,False,False,True,0.1541105285482347
2_add_evidence_shrinkage,DOBELL,ALP,ON,ALP+ON,0.537111,Dobell,ALP,ON,ALP+ON,0.5173062124494533,OTH>GRN>LNP,True,True,True,1.980478755054671
2_add_evidence_shrinkage,DUNKLEY,ALP,ON,ALP+ON,0.552569,Dunkley,ALP,ON,ALP+ON,0.5165353532523317,IND>OTH>GRN>LNP,True,True,True,3.603364674766829
2_add_evidence_shrinkage,DURACK,LNP,ON,LNP+ON,0.503651,Durack,OTH,ON,ON+OTH,0.5000934474339774,GRN>LNP>ALP,False,True,False,0.3557552566022526
2_add_evidence_shrinkage,EDEN-MONARO,ALP,ON,ALP+ON,0.539163,Eden-Monaro,ALP,ON,ALP+ON,0.5055826040883695,IND>OTH>GRN>LNP,True,True,True,3.3580395911630423
2_add_evidence_shrinkage,FADDEN,LNP,ON,LNP+ON,0.534754,Fadden,LNP,ON,LNP+ON,0.5497546123375657,IND>OTH>GRN>ALP,True,True,True,1.5000612337565777
2_add_evidence_shrinkage,FAIRFAX,LNP,ALP,ALP+LNP,0.576867,Fairfax,LNP,ALP,ALP+LNP,0.5839738225133818,OTH>GRN>IND>ON,True,True,True,0.7106822513381794
2_add_evidence_shrinkage,FARRER,LNP,IND,IND+LNP,0.528772,Farrer,LNP,IND,IND+LNP,0.5729358836415779,GRN>OTH>ALP>ON,True,True,True,4.416388364157786
2_add_evidence_shrinkage,FISHER,LNP,IND,IND+LNP,0.515051,Fisher,LNP,IND,IND+LNP,0.5353957883402536,OTH>GRN>ALP>ON,True,True,True,2.034478834025355
2_add_evidence_shrinkage,FLINDERS,LNP,IND,IND+LNP,0.624925,Flinders,LNP,IND,IND+LNP,0.522054251521402,OTH>GRN>ALP>ON,True,True,True,10.2870748478598
2_add_evidence_shrinkage,FLYNN,ON,ALP,ALP+ON,0.619371,Flynn,ON,ALP,ALP+ON,0.6427109132433344,IND>GRN>OTH>LNP,True,True,True,2.33399132433344
2_add_evidence_shrinkage,FORDE,ON,ALP,ALP+ON,0.5394570000000001,Forde,ON,ALP,ALP+ON,0.5621528718985952,IND>OTH>GRN>LNP,True,True,True,2.269587189859512
2_add_evidence_shrinkage,FORREST,LNP,IND,IND+LNP,0.504318,Forrest,ON,IND,IND+ON,0.538948714651184,OTH>GRN>ALP>LNP,False,True,False,3.4630714651183947
2_add_evidence_shrinkage,FOWLER,IND,ALP,ALP+IND,0.563923,Fowler,IND,ALP,ALP+IND,0.5639234824776246,LNP>OTH>GRN>ON,True,True,True,4.824776246303841e-05
2_add_evidence_shrinkage,FRANKLIN,ALP,IND,ALP+IND,0.5589580000000001,Franklin,IND,ALP,ALP+IND,0.5004904829030495,OTH>LNP>GRN>ON,False,False,True,5.846751709695052
2_add_evidence_shrinkage,FRASER,ALP,GRN,ALP+GRN,0.53302,Fraser,ALP,GRN,ALP+GRN,0.5330195128198036,LNP>OTH>ON,True,True,True,4.871801964068112e-05
2_add_evidence_shrinkage,FREMANTLE,IND,ALP,ALP+IND,0.545318,Fremantle,IND,ALP,ALP+IND,0.5477552856029039,OTH>LNP>GRN>ON,True,True,True,0.24372856029039047
2_add_evidence_shrinkage,GELLIBRAND,ALP,ON,ALP+ON,0.6200209999999999,Gellibrand,ALP,ON,ALP+ON,0.620020745983046,OTH>LNP>GRN,True,True,True,2.540169539155812e-05
2_add_evidence_shrinkage,GILMORE,ALP,LNP,ALP+LNP,0.52827,Gilmore,ALP,LNP,ALP+LNP,0.5135417333050272,OTH>IND>GRN>ON,True,True,True,1.4728266694972847
2_add_evidence_shrinkage,GIPPSLAND,LNP,ON,LNP+ON,0.579957,Gippsland,LNP,ON,LNP+ON,0.5883633862926525,OTH>GRN>ALP,True,True,True,0.8406386292652557
2_add_evidence_shrinkage,GOLDSTEIN,IND,LNP,IND+LNP,0.516357,Goldstein,IND,LNP,IND+LNP,0.5340999464007689,OTH>ALP>GRN>ON,True,True,True,1.77429464007689
2_add_evidence_shrinkage,GORTON,ALP,ON,ALP+ON,0.560268,Gorton,ALP,ON,ALP+ON,0.5427487994452639,OTH>GRN>LNP,True,True,True,1.7519200554736103
2_add_evidence_shrinkage,GRAYNDLER,ALP,GRN,ALP+GRN,0.6083,Grayndler,ALP,GRN,ALP+GRN,0.6086456054229678,OTH>IND>LNP>ON,True,True,True,0.03456054229677985
2_add_evidence_shrinkage,GREENWAY,ALP,ON,ALP+ON,0.5965050000000001,Greenway,ALP,ON,ALP+ON,0.5800704855636485,IND>OTH>GRN>LNP,True,True,True,1.6434514436351577
2_add_evidence_shrinkage,GREY,LNP,IND,IND+LNP,0.522261,Grey,ON,IND,IND+ON,0.5862294557305352,OTH>GRN>ALP>LNP,False,True,False,6.396845573053522
2_add_evidence_shrinkage,GRIFFITH,GRN,ALP,ALP+GRN,0.514899,Griffith,GRN,ALP,ALP+GRN,0.5148986558730513,OTH>LNP>ON,True,True,True,3.4412694871477356e-05
2_add_evidence_shrinkage,GROOM,LNP,IND,IND+LNP,0.534071,Groom,LNP,IND,IND+LNP,0.5591623910144004,OTH>GRN>ALP>ON,True,True,True,2.509139101440039
2_add_evidence_shrinkage,HASLUCK,ALP,ON,ALP+ON,0.608702,Hasluck,ALP,ON,ALP+ON,0.6087017537528149,OTH>LNP>GRN,True,True,True,2.4624718508725607e-05
2_add_evidence_shrinkage,HAWKE,ON,ALP,ALP+ON,0.500249,Hawke,ON,ALP,ALP+ON,0.5350277849545819,GRN>OTH>LNP,True,True,True,3.4778784954581865
2_add_evidence_shrinkage,HERBERT,LNP,ALP,ALP+LNP,0.6442659999999999,Herbert,LNP,ON,LNP+ON,0.5895438308775781,GRN>OTH>ALP,True,False,False,5.472216912242178
2_add_evidence_shrinkage,HINDMARSH,ALP,ON,ALP+ON,0.623821,Hindmarsh,ALP,ON,ALP+ON,0.6152893788495815,OTH>LNP>GRN,True,True,True,0.85316211504185
2_add_evidence_shrinkage,HINKLER,ON,LNP,LNP+ON,0.511697,Hinkler,LNP,ON,LNP+ON,0.5118980330514106,IND>GRN>OTH>ALP,False,False,True,0.02010330514106151
2_add_evidence_shrinkage,HOLT,ALP,ON,ALP+ON,0.5707450000000001,Holt,ALP,ON,ALP+ON,0.5447995581245434,OTH>GRN>LNP,True,True,True,2.5945441875456665
2_add_evidence_shrinkage,HOTHAM,ALP,ON,ALP+ON,0.633213,Hotham,ALP,ON,ALP+ON,0.633212547718207,OTH>LNP>GRN,True,True,True,4.5228179301748384e-05
2_add_evidence_shrinkage,HUGHES,LNP,ALP,ALP+LNP,0.504409,Hughes,LNP,ALP,ALP+LNP,0.5059504755833542,OTH>GRN>ON,True,True,True,0.1541475583354157
2_add_evidence_shrinkage,HUME,LNP,ON,LNP+ON,0.54362,Hume,LNP,ON,LNP+ON,0.5558835189477626,IND>GRN>OTH>ALP,True,True,True,1.2263518947762564
2_add_evidence_shrinkage,HUNTER,ALP,ON,ALP+ON,0.508983,Hunter,ALP,ON,ALP+ON,0.5089829266515445,LNP>GRN>OTH,True,True,True,7.334845542050772e-06
2_add_evidence_shrinkage,INDI,IND,ON,IND+ON,0.550648,Indi,IND,ON,IND+ON,0.5507025364756084,ALP>GRN>OTH>LNP,True,True,True,0.005453647560837993
2_add_evidence_shrinkage,ISAACS,ALP,ON,ALP+ON,0.617935,Isaacs,ALP,ON,ALP+ON,0.5868214356085607,OTH>GRN>LNP,True,True,True,3.111356439143931
2_add_evidence_shrinkage,JAGAJAGA,ALP,LNP,ALP+LNP,0.626059,Jagajaga,ALP,LNP,ALP+LNP,0.5935173583827106,OTH>IND>GRN>ON,True,True,True,3.254164161728945
2_add_evidence_shrinkage,KENNEDY,OTH,ON,ON+OTH,0.695107,Kennedy,OTH,ON,ON+OTH,0.6951069221003443,GRN>LNP>ALP,True,True,True,7.789965572602142e-06
2_add_evidence_shrinkage,KINGSFORD SMITH,ALP,ON,ALP+ON,0.6354270000000001,Kingsford Smith,ALP,ON,ALP+ON,0.6325348783652922,IND>LNP>GRN,True,True,True,0.2892121634707867
2_add_evidence_shrinkage,KINGSTON,ALP,ON,ALP+ON,0.6447620000000001,Kingston,ALP,ON,ALP+ON,0.6432011527149756,IND>OTH>LNP>GRN,True,True,True,0.15608472850244803
2_add_evidence_shrinkage,KOOYONG,IND,LNP,IND+LNP,0.536718,Kooyong,IND,LNP,IND+LNP,0.5367180965697974,OTH>ALP>ON>GRN,True,True,True,9.656979738092986e-06
2_add_evidence_shrinkage,LA TROBE,LNP,ALP,ALP+LNP,0.555296,La Trobe,LNP,ALP,ALP+LNP,0.5504869526840522,OTH>GRN>ON,True,True,True,0.48090473159477787
2_add_evidence_shrinkage,LALOR,ALP,ON,ALP+ON,0.588128,Lalor,ALP,ON,ALP+ON,0.5918599233784466,IND>OTH>LNP>GRN,True,True,True,0.3731923378446633
2_add_evidence_shrinkage,LEICHHARDT,ON,ALP,ALP+ON,0.539568,Leichhardt,ON,ALP,ALP+ON,0.5634711500554602,GRN>OTH>LNP,True,True,True,2.3903150055460176
2_add_evidence_shrinkage,LILLEY,ALP,ON,ALP+ON,0.6143719999999999,Lilley,ALP,ON,ALP+ON,0.614372335202539,OTH>LNP>GRN,True,True,True,3.3520253905905406e-05
2_add_evidence_shrinkage,LINDSAY,LNP,ALP,ALP+LNP,0.543576,Lindsay,LNP,ALP,ALP+LNP,0.5321508100059948,OTH>GRN>ON,True,True,True,1.1425189994005103
2_add_evidence_shrinkage,LINGIARI,ALP,ON,ALP+ON,0.557702,Lingiari,ALP,ON,ALP+ON,0.5282629560337316,IND>OTH>GRN>LNP,True,True,True,2.9439043966268397
2_add_evidence_shrinkage,LONGMAN,ON,ALP,ALP+ON,0.542654,Longman,ON,ALP,ALP+ON,0.5708708294618925,OTH>GRN>LNP,True,True,True,2.8216829461892523
2_add_evidence_shrinkage,LYNE,LNP,IND,IND+LNP,0.553836,Lyne,LNP,IND,IND+LNP,0.549105465936337,GRN>OTH>ALP>ON,True,True,True,0.4730534063662972
2_add_evidence_shrinkage,LYONS,ALP,ON,ALP+ON,0.540679,Lyons,ALP,ON,ALP+ON,0.5184038395240546,IND>OTH>GRN>LNP,True,True,True,2.2275160475945466
2_add_evidence_shrinkage,MACARTHUR,ALP,ON,ALP+ON,0.5908059999999999,Macarthur,ALP,ON,ALP+ON,0.5908062028919843,OTH>LNP>GRN,True,True,True,2.028919843244381e-05
2_add_evidence_shrinkage,MACKELLAR,IND,LNP,IND+LNP,0.553434,Mackellar,IND,LNP,IND+LNP,0.5658707939403111,OTH>ALP>GRN>ON,True,True,True,1.2436793940311164
2_add_evidence_shrinkage,MACNAMARA,ALP,LNP,ALP+LNP,0.6336229999999999,Macnamara,ALP,LNP,ALP+LNP,0.6354002471651481,OTH>ON>GRN,True,True,True,0.17772471651481547
2_add_evidence_shrinkage,MACQUARIE,ALP,ON,ALP+ON,0.542699,Macquarie,ALP,ON,ALP+ON,0.5083895280694959,OTH>GRN>LNP,True,True,True,3.4309471930504154
2_add_evidence_shrinkage,MAKIN,ALP,ON,ALP+ON,0.604618,Makin,ALP,ON,ALP+ON,0.6046182542753366,OTH>LNP>GRN,True,True,True,2.5427533656419143e-05
2_add_evidence_shrinkage,MALLEE,LNP,ON,LNP+ON,0.5508310000000001,Mallee,LNP,ON,LNP+ON,0.5266827700187169,GRN>ALP>IND>OTH,True,True,True,2.4148229981283187
2_add_evidence_shrinkage,MARANOA,LNP,ON,LNP+ON,0.5569080000000001,Maranoa,LNP,ON,LNP+ON,0.5569967496972485,GRN>OTH>ALP,True,True,True,0.008874969724848025
2_add_evidence_shrinkage,MARIBYRNONG,ALP,ON,ALP+ON,0.6027170000000001,Maribyrnong,ALP,ON,ALP+ON,0.6031670570451543,OTH>LNP>GRN,True,True,True,0.04500570451542174
2_add_evidence_shrinkage,MAYO,OTH,ALP,ALP+OTH,0.6541849999999999,Mayo,OTH,ON,ON+OTH,0.6684528360913845,LNP>GRN>ALP,True,False,False,1.42678360913846
2_add_evidence_shrinkage,MCEWEN,ALP,ON,ALP+ON,0.524378,McEwen,ON,ALP,ALP+ON,0.5011628606959695,OTH>GRN>LNP,False,False,True,2.321513930403052
2_add_evidence_shrinkage,MCMAHON,ALP,ON,ALP+ON,0.56845,McMahon,ALP,ON,ALP+ON,0.542191477050711,OTH>IND>GRN>LNP,True,True,True,2.6258522949288987
2_add_evidence_shrinkage,MCPHERSON,LNP,ALP,ALP+LNP,0.57182,McPherson,LNP,ALP,ALP+LNP,0.5758747464635244,OTH>GRN>IND>ON,True,True,True,0.4054746463524439
2_add_evidence_shrinkage,MELBOURNE,GRN,ALP,ALP+GRN,0.52065,Melbourne,GRN,ALP,ALP+GRN,0.5174545173686408,OTH>IND>LNP>ON,True,True,True,0.3195482631359159
2_add_evidence_shrinkage,MENZIES,LNP,ALP,ALP+LNP,0.505668,Menzies,LNP,ALP,ALP+LNP,0.5122892633804776,OTH>IND>GRN>ON,True,True,True,0.6621263380477638
2_add_evidence_shrinkage,MITCHELL,LNP,ALP,ALP+LNP,0.569098,Mitchell,LNP,ALP,ALP+LNP,0.5680149295198946,OTH>GRN>ON,True,True,True,0.10830704801053637
2_add_evidence_shrinkage,MONASH,IND,LNP,IND+LNP,0.50139,Monash,ON,IND,IND+ON,0.5130375214161349,OTH>GRN>ALP>LNP,False,False,False,1.1647521416134898
2_add_evidence_shrinkage,MONCRIEFF,LNP,ALP,ALP+LNP,0.601565,Moncrieff,LNP,ALP,ALP+LNP,0.5885956836179534,IND>OTH>GRN>ON,True,True,True,1.296931638204657
2_add_evidence_shrinkage,MOORE,LNP,ALP,ALP+LNP,0.508176,Moore,ALP,LNP,ALP+LNP,0.5417297313420883,OTH>GRN>ON>IND,False,False,True,3.355373134208839
2_add_evidence_shrinkage,MORETON,ALP,ON,ALP+ON,0.632397,Moreton,ALP,ON,ALP+ON,0.6323965340806427,OTH>LNP>GRN,True,True,True,4.6591935731754575e-05
2_add_evidence_shrinkage,NEW ENGLAND,LNP,ON,LNP+ON,0.580524,New England,LNP,ON,LNP+ON,0.5938296526884812,IND>OTH>GRN>ALP,True,True,True,1.3305652688481162
2_add_evidence_shrinkage,NEWCASTLE,ALP,GRN,ALP+GRN,0.585974,Newcastle,ALP,GRN,ALP+GRN,0.5866582874305579,OTH>LNP>ON,True,True,True,0.06842874305579283
2_add_evidence_shrinkage,NICHOLLS,LNP,IND,IND+LNP,0.604812,Nicholls,LNP,IND,IND+LNP,0.528155266542903,GRN>OTH>ALP>ON,True,True,True,7.665673345709701
2_add_evidence_shrinkage,O'CONNOR,LNP,ON,LNP+ON,0.509127,O'Connor,ON,LNP,LNP+ON,0.506152937681437,GRN>OTH>ALP,False,False,True,0.2974062318563009
2_add_evidence_shrinkage,OXLEY,ALP,ON,ALP+ON,0.6371370000000001,Oxley,ALP,ON,ALP+ON,0.6393387639667425,OTH>LNP>GRN,True,True,True,0.22017639667424316
2_add_evidence_shrinkage,PAGE,LNP,ALP,ALP+LNP,0.615702,Page,LNP,ALP,ALP+LNP,0.6069200059051849,IND>OTH>GRN>ON,True,True,True,0.878199409481506
2_add_evidence_shrinkage,PARKES,ON,LNP,LNP+ON,0.518501,Parkes,ON,LNP,LNP+ON,0.5185007907135473,IND>GRN>ALP>OTH,True,True,True,2.0928645272366708e-05
2_add_evidence_shrinkage,PARRAMATTA,ALP,LNP,ALP+LNP,0.600432,Parramatta,ALP,LNP,ALP+LNP,0.5970271254513906,OTH>GRN>ON,True,True,True,0.34048745486093823
2_add_evidence_shrinkage,PATERSON,ALP,ON,ALP+ON,0.531524,Paterson,ALP,ON,ALP+ON,0.5039962903887537,OTH>GRN>IND>LNP,True,True,True,2.7527709611246287
2_add_evidence_shrinkage,PEARCE,ALP,ON,ALP+ON,0.531457,Pearce,ALP,ON,ALP+ON,0.5162404703971131,OTH>GRN>LNP,True,True,True,1.5216529602886886
2_add_evidence_shrinkage,PERTH,ALP,ON,ALP+ON,0.632414,Perth,ALP,ON,ALP+ON,0.6326962691916499,OTH>LNP>GRN,True,True,True,0.02822691916498643
2_add_evidence_shrinkage,PETRIE,LNP,ALP,ALP+LNP,0.520378,Petrie,LNP,ALP,ALP+LNP,0.5217197272058897,OTH>GRN>ON,True,True,True,0.13417272058896534
2_add_evidence_shrinkage,RANKIN,ALP,ON,ALP+ON,0.606254,Rankin,ALP,ON,ALP+ON,0.6062538110303927,LNP>OTH>GRN,True,True,True,1.8896960729541945e-05
2_add_evidence_shrinkage,REID,ALP,LNP,ALP+LNP,0.596772,Reid,ALP,LNP,ALP+LNP,0.5988804317600016,IND>OTH>GRN>ON,True,True,True,0.2108431760001639
2_add_evidence_shrinkage,RICHMOND,GRN,ON,GRN+ON,0.646215,Richmond,GRN,ON,GRN+ON,0.6468211545985927,OTH>LNP>ALP,True,True,True,0.06061545985927008
2_add_evidence_shrinkage,RIVERINA,LNP,IND,IND+LNP,0.617066,Riverina,LNP,ON,LNP+ON,0.529711171911523,GRN>OTH>ALP>IND,True,False,False,8.735482808847706
2_add_evidence_shrinkage,ROBERTSON,ALP,ON,ALP+ON,0.5484559999999999,Robertson,ALP,ON,ALP+ON,0.5228858248831385,IND>OTH>GRN>LNP,True,True,True,2.5570175116861438
2_add_evidence_shrinkage,RYAN,GRN,LNP,GRN+LNP,0.5444559999999999,Ryan,GRN,LNP,GRN+LNP,0.5444557840733005,OTH>ON>ALP,True,True,True,2.159266994095077e-05
2_add_evidence_shrinkage,SCULLIN,ALP,ON,ALP+ON,0.569373,Scullin,ALP,ON,ALP+ON,0.5693727977201994,LNP>GRN>OTH,True,True,True,2.0227980057629935e-05
2_add_evidence_shrinkage,SHORTLAND,ALP,ON,ALP+ON,0.549604,Shortland,ALP,ON,ALP+ON,0.5360315242770859,IND>OTH>GRN>LNP,True,True,True,1.357247572291409
2_add_evidence_shrinkage,SOLOMON,ALP,LNP,ALP+LNP,0.510367,Solomon,ALP,LNP,ALP+LNP,0.5059051437240298,OTH>GRN>IND>ON,True,True,True,0.44618562759701774
2_add_evidence_shrinkage,SPENCE,ALP,ON,ALP+ON,0.586643,Spence,ALP,ON,ALP+ON,0.586643162663963,IND>LNP>OTH>GRN,True,True,True,1.6266396296593655e-05
2_add_evidence_shrinkage,STURT,ALP,LNP,ALP+LNP,0.547999,Sturt,ALP,LNP,ALP+LNP,0.5169722235879667,OTH>IND>GRN>ON,True,True,True,3.102677641203333
2_add_evidence_shrinkage,SWAN,ALP,ON,ALP+ON,0.610995,Swan,ALP,ON,ALP+ON,0.6109954682113711,OTH>LNP>GRN,True,True,True,4.6821137111852096e-05
2_add_evidence_shrinkage,SYDNEY,ALP,GRN,ALP+GRN,0.6356,Sydney,ALP,GRN,ALP+GRN,0.6356002327399555,OTH>LNP>ON,True,True,True,2.3273995541917003e-05
2_add_evidence_shrinkage,TANGNEY,ALP,LNP,ALP+LNP,0.547348,Tangney,ALP,LNP,ALP+LNP,0.5489411634074657,OTH>GRN>ON,True,True,True,0.15931634074657364
2_add_evidence_shrinkage,WANNON,LNP,IND,IND+LNP,0.538732,Wannon,LNP,IND,IND+LNP,0.525376375299049,GRN>OTH>ALP>ON,True,True,True,1.3355624700950974
2_add_evidence_shrinkage,WARRINGAH,IND,LNP,IND+LNP,0.608459,Warringah,IND,LNP,IND+LNP,0.6273033387300015,OTH>ALP>GRN>ON,True,True,True,1.8844338730001575
2_add_evidence_shrinkage,WATSON,ALP,IND,ALP+IND,0.636178,Watson,ALP,IND,ALP+IND,0.6361778939394057,LNP>OTH>GRN>ON,True,True,True,1.0606059430706694e-05
2_add_evidence_shrinkage,WENTWORTH,IND,LNP,IND+LNP,0.598899,Wentworth,IND,LNP,IND+LNP,0.5988988379481364,ALP>ON>GRN,True,True,True,1.6205186359474766e-05
2_add_evidence_shrinkage,WERRIWA,ALP,LNP,ALP+LNP,0.547276,Werriwa,ALP,LNP,ALP+LNP,0.5583462241856113,IND>OTH>GRN>ON,True,True,True,1.1070224185611321
2_add_evidence_shrinkage,WHITLAM,ALP,ON,ALP+ON,0.51883,Whitlam,ALP,ON,ALP+ON,0.5163060845454653,OTH>IND>GRN>LNP,True,True,True,0.25239154545346754
2_add_evidence_shrinkage,WIDE BAY,LNP,ON,LNP+ON,0.500814,Wide Bay,LNP,ON,LNP+ON,0.5174067113469097,IND>OTH>GRN>ALP,True,True,True,1.659271134690976
2_add_evidence_shrinkage,WILLS,GRN,ALP,ALP+GRN,0.5321779999999999,Wills,GRN,ALP,ALP+GRN,0.5321784432806355,LNP>OTH>ON,True,True,True,4.4328063553145114e-05
2_add_evidence_shrinkage,WRIGHT,ON,LNP,LNP+ON,0.550105,Wright,ON,LNP,LNP+ON,0.5259497946525679,GRN>OTH>ALP,True,True,True,2.4155205347432096
3_add_nearest_field,ADELAIDE,ALP,ON,ALP+ON,0.6488339999999999,Adelaide,ALP,ON,ALP+ON,0.6330216776634452,OTH>LNP>GRN,True,True,True,1.5812322336554718
3_add_nearest_field,ASTON,ALP,LNP,ALP+LNP,0.506575,Aston,ALP,LNP,ALP+LNP,0.5064343619734358,IND>OTH>GRN>ON,True,True,True,0.014063802656416602
3_add_nearest_field,BALLARAT,ALP,ON,ALP+ON,0.57424,Ballarat,ALP,ON,ALP+ON,0.5455476304518526,IND>OTH>GRN>LNP,True,True,True,2.8692369548147356
3_add_nearest_field,BANKS,LNP,ALP,ALP+LNP,0.5049750000000001,Banks,LNP,ALP,ALP+LNP,0.5087084485667583,IND>OTH>GRN>ON,True,True,True,0.37334485667582795
3_add_nearest_field,BARKER,LNP,ON,LNP+ON,0.584741,Barker,LNP,ON,LNP+ON,0.5846348691034542,IND>OTH>GRN>ALP,True,True,True,0.010613089654576413
3_add_nearest_field,BARTON,ALP,ON,ALP+ON,0.608743,Barton,ALP,ON,ALP+ON,0.5967276177623003,OTH>LNP>GRN,True,True,True,1.2015382237699712
3_add_nearest_field,BASS,ALP,ON,ALP+ON,0.527818,Bass,ON,ALP,ALP+ON,0.5038668459677624,OTH>IND>GRN>LNP,False,False,True,2.3951154032237576
3_add_nearest_field,BENDIGO,LNP,ALP,ALP+LNP,0.506749,Bendigo,ALP,LNP,ALP+LNP,0.5046450513639,OTH>GRN>ON,False,False,True,0.21039486360999726
3_add_nearest_field,BENNELONG,ALP,LNP,ALP+LNP,0.5638559999999999,Bennelong,ALP,LNP,ALP+LNP,0.5538552897904265,OTH>GRN>ON,True,True,True,1.0000710209573382
3_add_nearest_field,BEROWRA,LNP,ALP,ALP+LNP,0.5455570000000001,Berowra,LNP,ALP,ALP+LNP,0.5666177579518952,OTH>IND>GRN>ON,True,True,True,2.1060757951895104
3_add_nearest_field,BLAIR,ON,ALP,ALP+ON,0.525598,Blair,ON,ALP,ALP+ON,0.5477286817955772,GRN>OTH>LNP,True,True,True,2.21306817955772
3_add_nearest_field,BLAXLAND,ALP,ON,ALP+ON,0.672059,Blaxland,ALP,ON,ALP+ON,0.6357102512129738,OTH>GRN>LNP>IND,True,True,True,3.634874878702621
3_add_nearest_field,BONNER,ALP,LNP,ALP+LNP,0.5130899999999999,Bonner,ALP,LNP,ALP+LNP,0.5103297630654147,OTH>GRN>ON,True,True,True,0.27602369345852695
3_add_nearest_field,BOOTHBY,ALP,LNP,ALP+LNP,0.620564,Boothby,ALP,LNP,ALP+LNP,0.6218341774305235,OTH>IND>ON>GRN,True,True,True,0.12701774305234892
3_add_nearest_field,BOWMAN,LNP,ALP,ALP+LNP,0.551023,Bowman,LNP,ALP,ALP+LNP,0.54552809440507,OTH>GRN>ON,True,True,True,0.5494905594930044
3_add_nearest_field,BRADDON,ON,ALP,ALP+ON,0.5079910000000001,Braddon,ON,ALP,ALP+ON,0.5350533255976563,OTH>IND>GRN>LNP,True,True,True,2.70623255976562
3_add_nearest_field,BRADFIELD,IND,LNP,IND+LNP,0.501668,Bradfield,IND,LNP,IND+LNP,0.530266940679271,OTH>GRN>ON>ALP,True,True,True,2.8598940679271045
3_add_nearest_field,BRAND,ALP,ON,ALP+ON,0.602546,Brand,ALP,ON,ALP+ON,0.5909275691196658,OTH>LNP>GRN,True,True,True,1.1618430880334207
3_add_nearest_field,BRISBANE,GRN,LNP,GRN+LNP,0.549148,Brisbane,GRN,LNP,GRN+LNP,0.5641257225530797,OTH>ON>ALP,True,True,True,1.497772255307972
3_add_nearest_field,BRUCE,ALP,ON,ALP+ON,0.567583,Bruce,ALP,ON,ALP+ON,0.5406944227860385,OTH>GRN>LNP,True,True,True,2.688857721396143
3_add_nearest_field,BULLWINKEL,LNP,ALP,ALP+LNP,0.542462,Bullwinkel,LNP,ALP,ALP+LNP,0.5221288699970309,OTH>GRN>ON,True,True,True,2.03331300029691
3_add_nearest_field,BURT,ALP,ON,ALP+ON,0.60589,Burt,ALP,ON,ALP+ON,0.59559872352237,IND>LNP>OTH>GRN,True,True,True,1.0291276477630062
3_add_nearest_field,CALARE,ON,IND,IND+ON,0.506838,Calare,ON,IND,IND+ON,0.5052635509656281,ALP>GRN>OTH>LNP,True,True,True,0.1574449034371872
3_add_nearest_field,CALWELL,ALP,ON,ALP+ON,0.6165550000000001,Calwell,ALP,ON,ALP+ON,0.5942096798517571,LNP>GRN>OTH>IND,True,True,True,2.2345320148242975
3_add_nearest_field,CANBERRA,ALP,GRN,ALP+GRN,0.638042,Canberra,ALP,GRN,ALP+GRN,0.6210572845232708,OTH>ON>LNP>IND,True,True,True,1.6984715476729195
3_add_nearest_field,CANNING,LNP,ALP,ALP+LNP,0.5590550000000001,Canning,LNP,ALP,ALP+LNP,0.5624082077362892,OTH>GRN>ON,True,True,True,0.335320773628911
3_add_nearest_field,CAPRICORNIA,ON,ALP,ALP+ON,0.600421,Capricornia,ON,ALP,ALP+ON,0.6287889441063379,GRN>OTH>LNP,True,True,True,2.8367944106337917
3_add_nearest_field,CASEY,LNP,ALP,ALP+LNP,0.543802,Casey,LNP,ALP,ALP+LNP,0.5685387894035957,OTH>IND>GRN>ON,True,True,True,2.4736789403595694
3_add_nearest_field,CHIFLEY,ALP,ON,ALP+ON,0.64268,Chifley,ALP,ON,ALP+ON,0.6023965787663526,LNP>GRN>OTH,True,True,True,4.028342123364748
3_add_nearest_field,CHISHOLM,ALP,LNP,ALP+LNP,0.550457,Chisholm,ALP,LNP,ALP+LNP,0.5622962362155031,OTH>IND>ON>GRN,True,True,True,1.183923621550309
3_add_nearest_field,CLARK,IND,GRN,GRN+IND,0.688768,Clark,IND,GRN,GRN+IND,0.697065389116186,LNP>ALP>ON,True,True,True,0.8297389116185938
3_add_nearest_field,COOK,LNP,ALP,ALP+LNP,0.600113,Cook,LNP,ALP,ALP+LNP,0.59960744544804,OTH>GRN>ON,True,True,True,0.05055545519599969
3_add_nearest_field,COOPER,ALP,GRN,ALP+GRN,0.583818,Cooper,ALP,GRN,ALP+GRN,0.5366195997544032,LNP>OTH>ON,True,True,True,4.719840024559674
3_add_nearest_field,CORANGAMITE,ALP,LNP,ALP+LNP,0.583531,Corangamite,ALP,LNP,ALP+LNP,0.5915519629525672,IND>OTH>ON>GRN,True,True,True,0.8020962952567157
3_add_nearest_field,CORIO,ALP,ON,ALP+ON,0.594903,Corio,ALP,ON,ALP+ON,0.5757093576396686,IND>OTH>LNP>GRN,True,True,True,1.9193642360331387
3_add_nearest_field,COWAN,ALP,ON,ALP+ON,0.599485,Cowan,ALP,ON,ALP+ON,0.5832027996457243,IND>OTH>GRN>LNP,True,True,True,1.6282200354275744
3_add_nearest_field,COWPER,LNP,IND,IND+LNP,0.512441,Cowper,LNP,IND,IND+LNP,0.511214170065246,ALP>GRN>OTH>ON,True,True,True,0.12268299347539813
3_add_nearest_field,CUNNINGHAM,ALP,ON,ALP+ON,0.6159490000000001,Cunningham,ALP,ON,ALP+ON,0.6001188036457368,OTH>LNP>GRN,True,True,True,1.5830196354263304
3_add_nearest_field,CURTIN,IND,LNP,IND+LNP,0.551373,Curtin,IND,LNP,IND+LNP,0.5411580200073418,OTH>ALP>GRN>ON,True,True,True,1.021497999265819
3_add_nearest_field,DAWSON,LNP,ON,LNP+ON,0.517289,Dawson,LNP,ON,LNP+ON,0.5240545314630841,GRN>OTH>ALP,True,True,True,0.6765531463084118
3_add_nearest_field,DEAKIN,ALP,LNP,ALP+LNP,0.505546,Deakin,LNP,ALP,ALP+LNP,0.5050005567548143,OTH>IND>GRN>ON,False,False,True,0.05454432451857949
3_add_nearest_field,DICKSON,ALP,LNP,ALP+LNP,0.5059640000000001,Dickson,LNP,ALP,ALP+LNP,0.5044228947145177,OTH>IND>GRN>ON,False,False,True,0.1541105285482347
3_add_nearest_field,DOBELL,ALP,ON,ALP+ON,0.537111,Dobell,ALP,ON,ALP+ON,0.5173062124494533,OTH>GRN>LNP,True,True,True,1.980478755054671
3_add_nearest_field,DUNKLEY,ALP,ON,ALP+ON,0.552569,Dunkley,ALP,ON,ALP+ON,0.5165353532523317,IND>OTH>GRN>LNP,True,True,True,3.603364674766829
3_add_nearest_field,DURACK,LNP,ON,LNP+ON,0.503651,Durack,OTH,ON,ON+OTH,0.5000934474339774,GRN>LNP>ALP,False,True,False,0.3557552566022526
3_add_nearest_field,EDEN-MONARO,ALP,ON,ALP+ON,0.539163,Eden-Monaro,ALP,ON,ALP+ON,0.5055826040883695,IND>OTH>GRN>LNP,True,True,True,3.3580395911630423
3_add_nearest_field,FADDEN,LNP,ON,LNP+ON,0.534754,Fadden,LNP,ON,LNP+ON,0.5497546123375657,IND>OTH>GRN>ALP,True,True,True,1.5000612337565777
3_add_nearest_field,FAIRFAX,LNP,ALP,ALP+LNP,0.576867,Fairfax,LNP,ALP,ALP+LNP,0.5839738225133818,OTH>GRN>IND>ON,True,True,True,0.7106822513381794
3_add_nearest_field,FARRER,LNP,IND,IND+LNP,0.528772,Farrer,LNP,IND,IND+LNP,0.5729358836415779,GRN>OTH>ALP>ON,True,True,True,4.416388364157786
3_add_nearest_field,FISHER,LNP,IND,IND+LNP,0.515051,Fisher,LNP,IND,IND+LNP,0.5353957883402536,OTH>GRN>ALP>ON,True,True,True,2.034478834025355
3_add_nearest_field,FLINDERS,LNP,IND,IND+LNP,0.624925,Flinders,LNP,IND,IND+LNP,0.522054251521402,OTH>GRN>ALP>ON,True,True,True,10.2870748478598
3_add_nearest_field,FLYNN,ON,ALP,ALP+ON,0.619371,Flynn,ON,ALP,ALP+ON,0.6427109132433344,IND>GRN>OTH>LNP,True,True,True,2.33399132433344
3_add_nearest_field,FORDE,ON,ALP,ALP+ON,0.5394570000000001,Forde,ON,ALP,ALP+ON,0.5621528718985952,IND>OTH>GRN>LNP,True,True,True,2.269587189859512
3_add_nearest_field,FORREST,LNP,IND,IND+LNP,0.504318,Forrest,ON,IND,IND+ON,0.538948714651184,OTH>GRN>ALP>LNP,False,True,False,3.4630714651183947
3_add_nearest_field,FOWLER,IND,ALP,ALP+IND,0.563923,Fowler,IND,ALP,ALP+IND,0.575695754756055,LNP>OTH>GRN>ON,True,True,True,1.1772754756054993
3_add_nearest_field,FRANKLIN,ALP,IND,ALP+IND,0.5589580000000001,Franklin,IND,ALP,ALP+IND,0.536870987282054,OTH>LNP>GRN>ON,False,False,True,2.208701271794611
3_add_nearest_field,FRASER,ALP,GRN,ALP+GRN,0.53302,Fraser,ALP,GRN,ALP+GRN,0.554053768495059,LNP>OTH>ON,True,True,True,2.1033768495059
3_add_nearest_field,FREMANTLE,IND,ALP,ALP+IND,0.545318,Fremantle,IND,ALP,ALP+IND,0.5289016262815299,OTH>LNP>GRN>ON,True,True,True,1.6416373718470045
3_add_nearest_field,GELLIBRAND,ALP,ON,ALP+ON,0.6200209999999999,Gellibrand,ALP,ON,ALP+ON,0.6063159125826654,OTH>LNP>GRN,True,True,True,1.370508741733456
3_add_nearest_field,GILMORE,ALP,LNP,ALP+LNP,0.52827,Gilmore,ALP,LNP,ALP+LNP,0.5135417333050272,OTH>IND>GRN>ON,True,True,True,1.4728266694972847
3_add_nearest_field,GIPPSLAND,LNP,ON,LNP+ON,0.579957,Gippsland,LNP,ON,LNP+ON,0.5883633862926525,OTH>GRN>ALP,True,True,True,0.8406386292652557
3_add_nearest_field,GOLDSTEIN,IND,LNP,IND+LNP,0.516357,Goldstein,IND,LNP,IND+LNP,0.5201439309498976,OTH>ALP>GRN>ON,True,True,True,0.3786930949897682
3_add_nearest_field,GORTON,ALP,ON,ALP+ON,0.560268,Gorton,ALP,ON,ALP+ON,0.5427487994452639,OTH>GRN>LNP,True,True,True,1.7519200554736103
3_add_nearest_field,GRAYNDLER,ALP,GRN,ALP+GRN,0.6083,Grayndler,ALP,GRN,ALP+GRN,0.6086891936465896,OTH>IND>LNP>ON,True,True,True,0.03891936465896251
3_add_nearest_field,GREENWAY,ALP,ON,ALP+ON,0.5965050000000001,Greenway,ALP,ON,ALP+ON,0.5800704855636485,IND>OTH>GRN>LNP,True,True,True,1.6434514436351577
3_add_nearest_field,GREY,LNP,IND,IND+LNP,0.522261,Grey,ON,IND,IND+ON,0.5862294557305352,OTH>GRN>ALP>LNP,False,True,False,6.396845573053522
3_add_nearest_field,GRIFFITH,GRN,ALP,ALP+GRN,0.514899,Griffith,GRN,ALP,ALP+GRN,0.5109998618564715,OTH>LNP>ON,True,True,True,0.3899138143528491
3_add_nearest_field,GROOM,LNP,IND,IND+LNP,0.534071,Groom,LNP,IND,IND+LNP,0.5591623910144004,OTH>GRN>ALP>ON,True,True,True,2.509139101440039
3_add_nearest_field,HASLUCK,ALP,ON,ALP+ON,0.608702,Hasluck,ALP,ON,ALP+ON,0.5973820133026612,OTH>LNP>GRN,True,True,True,1.1319986697338802
3_add_nearest_field,HAWKE,ON,ALP,ALP+ON,0.500249,Hawke,ON,ALP,ALP+ON,0.5350277849545819,GRN>OTH>LNP,True,True,True,3.4778784954581865
3_add_nearest_field,HERBERT,LNP,ALP,ALP+LNP,0.6442659999999999,Herbert,LNP,ON,LNP+ON,0.5895438308775781,GRN>OTH>ALP,True,False,False,5.472216912242178
3_add_nearest_field,HINDMARSH,ALP,ON,ALP+ON,0.623821,Hindmarsh,ALP,ON,ALP+ON,0.6032511133657632,OTH>LNP>GRN,True,True,True,2.0569886634236756
3_add_nearest_field,HINKLER,ON,LNP,LNP+ON,0.511697,Hinkler,LNP,ON,LNP+ON,0.5118980330514106,IND>GRN>OTH>ALP,False,False,True,0.02010330514106151
3_add_nearest_field,HOLT,ALP,ON,ALP+ON,0.5707450000000001,Holt,ALP,ON,ALP+ON,0.5447995581245434,OTH>GRN>LNP,True,True,True,2.5945441875456665
3_add_nearest_field,HOTHAM,ALP,ON,ALP+ON,0.633213,Hotham,ALP,ON,ALP+ON,0.6202497875189313,OTH>LNP>GRN,True,True,True,1.2963212481068687
3_add_nearest_field,HUGHES,LNP,ALP,ALP+LNP,0.504409,Hughes,LNP,ALP,ALP+LNP,0.5059504755833542,OTH>GRN>ON,True,True,True,0.1541475583354157
3_add_nearest_field,HUME,LNP,ON,LNP+ON,0.54362,Hume,LNP,ON,LNP+ON,0.5558835189477626,IND>GRN>OTH>ALP,True,True,True,1.2263518947762564
3_add_nearest_field,HUNTER,ALP,ON,ALP+ON,0.508983,Hunter,ON,ALP,ALP+ON,0.513484103912449,LNP>GRN>OTH,False,False,True,0.4501103912449067
3_add_nearest_field,INDI,IND,ON,IND+ON,0.550648,Indi,IND,ON,IND+ON,0.5487554868611487,ALP>GRN>OTH>LNP,True,True,True,0.1892513138851304
3_add_nearest_field,ISAACS,ALP,ON,ALP+ON,0.617935,Isaacs,ALP,ON,ALP+ON,0.5868214356085607,OTH>GRN>LNP,True,True,True,3.111356439143931
3_add_nearest_field,JAGAJAGA,ALP,LNP,ALP+LNP,0.626059,Jagajaga,ALP,LNP,ALP+LNP,0.5935173583827106,OTH>IND>GRN>ON,True,True,True,3.254164161728945
3_add_nearest_field,KENNEDY,OTH,ON,ON+OTH,0.695107,Kennedy,OTH,ON,ON+OTH,0.6951069221003443,GRN>LNP>ALP,True,True,True,7.789965572602142e-06
3_add_nearest_field,KINGSFORD SMITH,ALP,ON,ALP+ON,0.6354270000000001,Kingsford Smith,ALP,ON,ALP+ON,0.620723795596024,IND>LNP>GRN,True,True,True,1.47032044039761
3_add_nearest_field,KINGSTON,ALP,ON,ALP+ON,0.6447620000000001,Kingston,ALP,ON,ALP+ON,0.6314573255963593,IND>OTH>LNP>GRN,True,True,True,1.3304674403640804
3_add_nearest_field,KOOYONG,IND,LNP,IND+LNP,0.536718,Kooyong,IND,LNP,IND+LNP,0.5488946858363469,OTH>ALP>ON>GRN,True,True,True,1.21766858363469
3_add_nearest_field,LA TROBE,LNP,ALP,ALP+LNP,0.555296,La Trobe,LNP,ALP,ALP+LNP,0.5504869526840522,OTH>GRN>ON,True,True,True,0.48090473159477787
3_add_nearest_field,LALOR,ALP,ON,ALP+ON,0.588128,Lalor,ALP,ON,ALP+ON,0.5788480643961443,IND>OTH>LNP>GRN,True,True,True,0.9279935603855649
3_add_nearest_field,LEICHHARDT,ON,ALP,ALP+ON,0.539568,Leichhardt,ON,ALP,ALP+ON,0.5634711500554602,GRN>OTH>LNP,True,True,True,2.3903150055460176
3_add_nearest_field,LILLEY,ALP,ON,ALP+ON,0.6143719999999999,Lilley,ALP,ON,ALP+ON,0.6009331258884301,OTH>LNP>GRN,True,True,True,1.3438874111569854
3_add_nearest_field,LINDSAY,LNP,ALP,ALP+LNP,0.543576,Lindsay,LNP,ALP,ALP+LNP,0.5321508100059948,OTH>GRN>ON,True,True,True,1.1425189994005103
3_add_nearest_field,LINGIARI,ALP,ON,ALP+ON,0.557702,Lingiari,ALP,ON,ALP+ON,0.5282629560337316,IND>OTH>GRN>LNP,True,True,True,2.9439043966268397
3_add_nearest_field,LONGMAN,ON,ALP,ALP+ON,0.542654,Longman,ON,ALP,ALP+ON,0.5708708294618925,OTH>GRN>LNP,True,True,True,2.8216829461892523
3_add_nearest_field,LYNE,LNP,IND,IND+LNP,0.553836,Lyne,LNP,IND,IND+LNP,0.549105465936337,GRN>OTH>ALP>ON,True,True,True,0.4730534063662972
3_add_nearest_field,LYONS,ALP,ON,ALP+ON,0.540679,Lyons,ALP,ON,ALP+ON,0.5184038395240546,IND>OTH>GRN>LNP,True,True,True,2.2275160475945466
3_add_nearest_field,MACARTHUR,ALP,ON,ALP+ON,0.5908059999999999,Macarthur,ALP,ON,ALP+ON,0.5804691233535046,OTH>LNP>GRN,True,True,True,1.0336876646495297
3_add_nearest_field,MACKELLAR,IND,LNP,IND+LNP,0.553434,Mackellar,IND,LNP,IND+LNP,0.5701375310958429,OTH>ALP>GRN>ON,True,True,True,1.6703531095842883
3_add_nearest_field,MACNAMARA,ALP,LNP,ALP+LNP,0.6336229999999999,Macnamara,ALP,LNP,ALP+LNP,0.6354002471651481,OTH>ON>GRN,True,True,True,0.17772471651481547
3_add_nearest_field,MACQUARIE,ALP,ON,ALP+ON,0.542699,Macquarie,ALP,ON,ALP+ON,0.5083895280694959,OTH>GRN>LNP,True,True,True,3.4309471930504154
3_add_nearest_field,MAKIN,ALP,ON,ALP+ON,0.604618,Makin,ALP,ON,ALP+ON,0.5932046771431151,OTH>LNP>GRN,True,True,True,1.14133228568849
3_add_nearest_field,MALLEE,LNP,ON,LNP+ON,0.5508310000000001,Mallee,LNP,ON,LNP+ON,0.5129663677349323,GRN>ALP>IND>OTH,True,True,True,3.7864632265067755
3_add_nearest_field,MARANOA,LNP,ON,LNP+ON,0.5569080000000001,Maranoa,LNP,ON,LNP+ON,0.5569967496972485,GRN>OTH>ALP,True,True,True,0.008874969724848025
3_add_nearest_field,MARIBYRNONG,ALP,ON,ALP+ON,0.6027170000000001,Maribyrnong,ALP,ON,ALP+ON,0.5875697838502734,OTH>LNP>GRN,True,True,True,1.5147216149726694
3_add_nearest_field,MAYO,OTH,ALP,ALP+OTH,0.6541849999999999,Mayo,OTH,ON,ON+OTH,0.6584269783535159,LNP>GRN>ALP,True,False,False,0.42419783535160294
3_add_nearest_field,MCEWEN,ALP,ON,ALP+ON,0.524378,McEwen,ON,ALP,ALP+ON,0.5011628606959695,OTH>GRN>LNP,False,False,True,2.321513930403052
3_add_nearest_field,MCMAHON,ALP,ON,ALP+ON,0.56845,McMahon,ALP,ON,ALP+ON,0.542191477050711,OTH>IND>GRN>LNP,True,True,True,2.6258522949288987
3_add_nearest_field,MCPHERSON,LNP,ALP,ALP+LNP,0.57182,McPherson,LNP,ALP,ALP+LNP,0.5758747464635244,OTH>GRN>IND>ON,True,True,True,0.4054746463524439
3_add_nearest_field,MELBOURNE,GRN,ALP,ALP+GRN,0.52065,Melbourne,GRN,ALP,ALP+GRN,0.5849222493562041,OTH>IND>LNP>ON,True,True,True,6.427224935620412
3_add_nearest_field,MENZIES,LNP,ALP,ALP+LNP,0.505668,Menzies,LNP,ALP,ALP+LNP,0.5122892633804776,OTH>IND>GRN>ON,True,True,True,0.6621263380477638
3_add_nearest_field,MITCHELL,LNP,ALP,ALP+LNP,0.569098,Mitchell,LNP,ALP,ALP+LNP,0.5680149295198946,OTH>GRN>ON,True,True,True,0.10830704801053637
3_add_nearest_field,MONASH,IND,LNP,IND+LNP,0.50139,Monash,ON,IND,IND+ON,0.5130375214161349,OTH>GRN>ALP>LNP,False,False,False,1.1647521416134898
3_add_nearest_field,MONCRIEFF,LNP,ALP,ALP+LNP,0.601565,Moncrieff,LNP,ALP,ALP+LNP,0.5885956836179534,IND>OTH>GRN>ON,True,True,True,1.296931638204657
3_add_nearest_field,MOORE,LNP,ALP,ALP+LNP,0.508176,Moore,ALP,LNP,ALP+LNP,0.5417297313420883,OTH>GRN>ON>IND,False,False,True,3.355373134208839
3_add_nearest_field,MORETON,ALP,ON,ALP+ON,0.632397,Moreton,ALP,ON,ALP+ON,0.6153995946510946,OTH>LNP>GRN,True,True,True,1.699740534890537
3_add_nearest_field,NEW ENGLAND,LNP,ON,LNP+ON,0.580524,New England,LNP,ON,LNP+ON,0.5938296526884812,IND>OTH>GRN>ALP,True,True,True,1.3305652688481162
3_add_nearest_field,NEWCASTLE,ALP,GRN,ALP+GRN,0.585974,Newcastle,ALP,GRN,ALP+GRN,0.5800897535194862,OTH>LNP>ON,True,True,True,0.5884246480513777
3_add_nearest_field,NICHOLLS,LNP,IND,IND+LNP,0.604812,Nicholls,LNP,IND,IND+LNP,0.528155266542903,GRN>OTH>ALP>ON,True,True,True,7.665673345709701
3_add_nearest_field,O'CONNOR,LNP,ON,LNP+ON,0.509127,O'Connor,ON,LNP,LNP+ON,0.506152937681437,GRN>OTH>ALP,False,False,True,0.2974062318563009
3_add_nearest_field,OXLEY,ALP,ON,ALP+ON,0.6371370000000001,Oxley,ALP,ON,ALP+ON,0.6278465624538527,OTH>LNP>GRN,True,True,True,0.9290437546147334
3_add_nearest_field,PAGE,LNP,ALP,ALP+LNP,0.615702,Page,LNP,ALP,ALP+LNP,0.6069200059051849,IND>OTH>GRN>ON,True,True,True,0.878199409481506
3_add_nearest_field,PARKES,ON,LNP,LNP+ON,0.518501,Parkes,ON,LNP,LNP+ON,0.5373271756204483,IND>GRN>ALP>OTH,True,True,True,1.8826175620448304
3_add_nearest_field,PARRAMATTA,ALP,LNP,ALP+LNP,0.600432,Parramatta,ALP,LNP,ALP+LNP,0.5970271254513906,OTH>GRN>ON,True,True,True,0.34048745486093823
3_add_nearest_field,PATERSON,ALP,ON,ALP+ON,0.531524,Paterson,ALP,ON,ALP+ON,0.5039962903887537,OTH>GRN>IND>LNP,True,True,True,2.7527709611246287
3_add_nearest_field,PEARCE,ALP,ON,ALP+ON,0.531457,Pearce,ALP,ON,ALP+ON,0.5162404703971131,OTH>GRN>LNP,True,True,True,1.5216529602886886
3_add_nearest_field,PERTH,ALP,ON,ALP+ON,0.632414,Perth,ALP,ON,ALP+ON,0.6148434820621811,OTH>LNP>GRN,True,True,True,1.7570517937818941
3_add_nearest_field,PETRIE,LNP,ALP,ALP+LNP,0.520378,Petrie,LNP,ALP,ALP+LNP,0.5217197272058897,OTH>GRN>ON,True,True,True,0.13417272058896534
3_add_nearest_field,RANKIN,ALP,ON,ALP+ON,0.606254,Rankin,ALP,ON,ALP+ON,0.6023504150248857,LNP>OTH>GRN,True,True,True,0.3903584975114227
3_add_nearest_field,REID,ALP,LNP,ALP+LNP,0.596772,Reid,ALP,LNP,ALP+LNP,0.5988804317600016,IND>OTH>GRN>ON,True,True,True,0.2108431760001639
3_add_nearest_field,RICHMOND,GRN,ON,GRN+ON,0.646215,Richmond,GRN,ON,GRN+ON,0.6468211545985927,OTH>LNP>ALP,True,True,True,0.06061545985927008
3_add_nearest_field,RIVERINA,LNP,IND,IND+LNP,0.617066,Riverina,LNP,ON,LNP+ON,0.5331733260543946,GRN>OTH>ALP>IND,True,False,False,8.389267394560541
3_add_nearest_field,ROBERTSON,ALP,ON,ALP+ON,0.5484559999999999,Robertson,ALP,ON,ALP+ON,0.5228858248831385,IND>OTH>GRN>LNP,True,True,True,2.5570175116861438
3_add_nearest_field,RYAN,GRN,LNP,GRN+LNP,0.5444559999999999,Ryan,GRN,LNP,GRN+LNP,0.5444557840733005,OTH>ON>ALP,True,True,True,2.159266994095077e-05
3_add_nearest_field,SCULLIN,ALP,ON,ALP+ON,0.569373,Scullin,ALP,ON,ALP+ON,0.5424090946706632,LNP>GRN>OTH,True,True,True,2.696390532933679
3_add_nearest_field,SHORTLAND,ALP,ON,ALP+ON,0.549604,Shortland,ALP,ON,ALP+ON,0.5360315242770859,IND>OTH>GRN>LNP,True,True,True,1.357247572291409
3_add_nearest_field,SOLOMON,ALP,LNP,ALP+LNP,0.510367,Solomon,ALP,LNP,ALP+LNP,0.5059051437240298,OTH>GRN>IND>ON,True,True,True,0.44618562759701774
3_add_nearest_field,SPENCE,ALP,ON,ALP+ON,0.586643,Spence,ALP,ON,ALP+ON,0.5790921619924165,IND>LNP>OTH>GRN,True,True,True,0.7550838007583494
3_add_nearest_field,STURT,ALP,LNP,ALP+LNP,0.547999,Sturt,ALP,LNP,ALP+LNP,0.5169722235879667,OTH>IND>GRN>ON,True,True,True,3.102677641203333
3_add_nearest_field,SWAN,ALP,ON,ALP+ON,0.610995,Swan,ALP,ON,ALP+ON,0.5963839178590652,OTH>LNP>GRN,True,True,True,1.4611082140934761
3_add_nearest_field,SYDNEY,ALP,GRN,ALP+GRN,0.6356,Sydney,ALP,GRN,ALP+GRN,0.6268985542275213,OTH>LNP>ON,True,True,True,0.8701445772478777
3_add_nearest_field,TANGNEY,ALP,LNP,ALP+LNP,0.547348,Tangney,ALP,LNP,ALP+LNP,0.5489411634074657,OTH>GRN>ON,True,True,True,0.15931634074657364
3_add_nearest_field,WANNON,LNP,IND,IND+LNP,0.538732,Wannon,LNP,IND,IND+LNP,0.525376375299049,GRN>OTH>ALP>ON,True,True,True,1.3355624700950974
3_add_nearest_field,WARRINGAH,IND,LNP,IND+LNP,0.608459,Warringah,IND,LNP,IND+LNP,0.6164340426667984,OTH>ALP>GRN>ON,True,True,True,0.7975042666798382
3_add_nearest_field,WATSON,ALP,IND,ALP+IND,0.636178,Watson,ALP,IND,ALP+IND,0.5682011194352171,LNP>OTH>GRN>ON,True,True,True,6.79768805647829
3_add_nearest_field,WENTWORTH,IND,LNP,IND+LNP,0.598899,Wentworth,IND,LNP,IND+LNP,0.6072281269529833,ALP>ON>GRN,True,True,True,0.8329126952983379
3_add_nearest_field,WERRIWA,ALP,LNP,ALP+LNP,0.547276,Werriwa,ALP,LNP,ALP+LNP,0.5583462241856113,IND>OTH>GRN>ON,True,True,True,1.1070224185611321
3_add_nearest_field,WHITLAM,ALP,ON,ALP+ON,0.51883,Whitlam,ALP,ON,ALP+ON,0.5163060845454653,OTH>IND>GRN>LNP,True,True,True,0.25239154545346754
3_add_nearest_field,WIDE BAY,LNP,ON,LNP+ON,0.500814,Wide Bay,LNP,ON,LNP+ON,0.5174067113469097,IND>OTH>GRN>ALP,True,True,True,1.659271134690976
3_add_nearest_field,WILLS,GRN,ALP,ALP+GRN,0.5321779999999999,Wills,GRN,ALP,ALP+GRN,0.5386633938621969,LNP>OTH>ON,True,True,True,0.6485393862196931
3_add_nearest_field,WRIGHT,ON,LNP,LNP+ON,0.550105,Wright,ON,LNP,LNP+ON,0.5259497946525679,GRN>OTH>ALP,True,True,True,2.4155205347432096
4_add_seat_class,ADELAIDE,ALP,ON,ALP+ON,0.6488339999999999,Adelaide,ALP,ON,ALP+ON,0.6330216776634452,OTH>LNP>GRN,True,True,True,1.5812322336554718
4_add_seat_class,ASTON,ALP,LNP,ALP+LNP,0.506575,Aston,ALP,LNP,ALP+LNP,0.5101868931839049,IND>OTH>GRN>ON,True,True,True,0.36118931839048685
4_add_seat_class,BALLARAT,ALP,ON,ALP+ON,0.57424,Ballarat,ALP,ON,ALP+ON,0.5440955443495229,IND>OTH>GRN>LNP,True,True,True,3.0144455650477076
4_add_seat_class,BANKS,LNP,ALP,ALP+LNP,0.5049750000000001,Banks,LNP,ALP,ALP+LNP,0.5218690238411963,IND>OTH>GRN>ON,True,True,True,1.6894023841196204
4_add_seat_class,BARKER,LNP,ON,LNP+ON,0.584741,Barker,LNP,ON,LNP+ON,0.5837713483158945,IND>OTH>GRN>ALP,True,True,True,0.09696516841054548
4_add_seat_class,BARTON,ALP,ON,ALP+ON,0.608743,Barton,ALP,ON,ALP+ON,0.5967276177623003,OTH>LNP>GRN,True,True,True,1.2015382237699712
4_add_seat_class,BASS,ALP,ON,ALP+ON,0.527818,Bass,ON,ALP,ALP+ON,0.5052083034649409,OTH>IND>GRN>LNP,False,False,True,2.2609696535059065
4_add_seat_class,BENDIGO,LNP,ALP,ALP+LNP,0.506749,Bendigo,ALP,LNP,ALP+LNP,0.5058513804342328,OTH>GRN>ON,False,False,True,0.08976195657671715
4_add_seat_class,BENNELONG,ALP,LNP,ALP+LNP,0.5638559999999999,Bennelong,ALP,LNP,ALP+LNP,0.5430319588463739,OTH>GRN>ON,True,True,True,2.0824041153626016
4_add_seat_class,BEROWRA,LNP,ALP,ALP+LNP,0.5455570000000001,Berowra,LNP,ALP,ALP+LNP,0.5624327215306355,OTH>IND>GRN>ON,True,True,True,1.6875721530635435
4_add_seat_class,BLAIR,ON,ALP,ALP+ON,0.525598,Blair,ON,ALP,ALP+ON,0.5476192861510654,GRN>OTH>LNP,True,True,True,2.2021286151065356
4_add_seat_class,BLAXLAND,ALP,ON,ALP+ON,0.672059,Blaxland,ALP,ON,ALP+ON,0.6357102512129738,OTH>GRN>LNP>IND,True,True,True,3.634874878702621
4_add_seat_class,BONNER,ALP,LNP,ALP+LNP,0.5130899999999999,Bonner,ALP,LNP,ALP+LNP,0.5142433330691834,OTH>GRN>ON,True,True,True,0.11533330691834154
4_add_seat_class,BOOTHBY,ALP,LNP,ALP+LNP,0.620564,Boothby,ALP,LNP,ALP+LNP,0.6217427650865706,OTH>IND>ON>GRN,True,True,True,0.11787650865705546
4_add_seat_class,BOWMAN,LNP,ALP,ALP+LNP,0.551023,Bowman,LNP,ALP,ALP+LNP,0.5412736214622065,OTH>GRN>ON,True,True,True,0.9749378537793563
4_add_seat_class,BRADDON,ON,ALP,ALP+ON,0.5079910000000001,Braddon,ON,ALP,ALP+ON,0.5346811382145296,OTH>IND>GRN>LNP,True,True,True,2.669013821452948
4_add_seat_class,BRADFIELD,IND,LNP,IND+LNP,0.501668,Bradfield,IND,LNP,IND+LNP,0.5182182878952681,OTH>GRN>ON>ALP,True,True,True,1.6550287895268134
4_add_seat_class,BRAND,ALP,ON,ALP+ON,0.602546,Brand,ALP,ON,ALP+ON,0.5909275691196658,OTH>LNP>GRN,True,True,True,1.1618430880334207
4_add_seat_class,BRISBANE,GRN,LNP,GRN+LNP,0.549148,Brisbane,GRN,LNP,GRN+LNP,0.5641257225530797,OTH>ON>ALP,True,True,True,1.497772255307972
4_add_seat_class,BRUCE,ALP,ON,ALP+ON,0.567583,Bruce,ALP,ON,ALP+ON,0.5417723895590278,OTH>GRN>LNP,True,True,True,2.5810610440972104
4_add_seat_class,BULLWINKEL,LNP,ALP,ALP+LNP,0.542462,Bullwinkel,ON,ALP,ALP+ON,0.5508983667352959,OTH>GRN>LNP,False,True,False,0.8436366735295908
4_add_seat_class,BURT,ALP,ON,ALP+ON,0.60589,Burt,ALP,ON,ALP+ON,0.59559872352237,IND>LNP>OTH>GRN,True,True,True,1.0291276477630062
4_add_seat_class,CALARE,ON,IND,IND+ON,0.506838,Calare,ON,IND,IND+ON,0.5052635509656281,ALP>GRN>OTH>LNP,True,True,True,0.1574449034371872
4_add_seat_class,CALWELL,ALP,ON,ALP+ON,0.6165550000000001,Calwell,ALP,ON,ALP+ON,0.5942096798517571,LNP>GRN>OTH>IND,True,True,True,2.2345320148242975
4_add_seat_class,CANBERRA,ALP,GRN,ALP+GRN,0.638042,Canberra,ALP,GRN,ALP+GRN,0.6211895653922684,OTH>ON>LNP>IND,True,True,True,1.685243460773156
4_add_seat_class,CANNING,LNP,ALP,ALP+LNP,0.5590550000000001,Canning,LNP,ALP,ALP+LNP,0.5624082077362892,OTH>GRN>ON,True,True,True,0.335320773628911
4_add_seat_class,CAPRICORNIA,ON,ALP,ALP+ON,0.600421,Capricornia,ON,ALP,ALP+ON,0.6287889441063379,GRN>OTH>LNP,True,True,True,2.8367944106337917
4_add_seat_class,CASEY,LNP,ALP,ALP+LNP,0.543802,Casey,LNP,ALP,ALP+LNP,0.5721504056361433,OTH>IND>GRN>ON,True,True,True,2.834840563614327
4_add_seat_class,CHIFLEY,ALP,ON,ALP+ON,0.64268,Chifley,ALP,ON,ALP+ON,0.6023965787663526,LNP>GRN>OTH,True,True,True,4.028342123364748
4_add_seat_class,CHISHOLM,ALP,LNP,ALP+LNP,0.550457,Chisholm,ALP,LNP,ALP+LNP,0.5595394685588688,OTH>IND>ON>GRN,True,True,True,0.908246855886885
4_add_seat_class,CLARK,IND,GRN,GRN+IND,0.688768,Clark,IND,GRN,GRN+IND,0.697065389116186,LNP>ALP>ON,True,True,True,0.8297389116185938
4_add_seat_class,COOK,LNP,ALP,ALP+LNP,0.600113,Cook,LNP,ALP,ALP+LNP,0.6127522693430633,OTH>GRN>ON,True,True,True,1.2639269343063253
4_add_seat_class,COOPER,ALP,GRN,ALP+GRN,0.583818,Cooper,ALP,GRN,ALP+GRN,0.5366195997544032,LNP>OTH>ON,True,True,True,4.719840024559674
4_add_seat_class,CORANGAMITE,ALP,LNP,ALP+LNP,0.583531,Corangamite,ALP,LNP,ALP+LNP,0.593460875994761,IND>OTH>ON>GRN,True,True,True,0.9929875994761028
4_add_seat_class,CORIO,ALP,ON,ALP+ON,0.594903,Corio,ALP,ON,ALP+ON,0.5757093576396686,IND>OTH>LNP>GRN,True,True,True,1.9193642360331387
4_add_seat_class,COWAN,ALP,ON,ALP+ON,0.599485,Cowan,ALP,ON,ALP+ON,0.5832027996457243,IND>OTH>GRN>LNP,True,True,True,1.6282200354275744
4_add_seat_class,COWPER,LNP,IND,IND+LNP,0.512441,Cowper,LNP,IND,IND+LNP,0.5050693737447278,ALP>GRN>OTH>ON,True,True,True,0.7371626255272212
4_add_seat_class,CUNNINGHAM,ALP,ON,ALP+ON,0.6159490000000001,Cunningham,ALP,ON,ALP+ON,0.6001188036457368,OTH>LNP>GRN,True,True,True,1.5830196354263304
4_add_seat_class,CURTIN,IND,LNP,IND+LNP,0.551373,Curtin,IND,LNP,IND+LNP,0.5411580200073418,OTH>ALP>GRN>ON,True,True,True,1.021497999265819
4_add_seat_class,DAWSON,LNP,ON,LNP+ON,0.517289,Dawson,LNP,ON,LNP+ON,0.5231390411628986,GRN>OTH>ALP,True,True,True,0.5850041162898556
4_add_seat_class,DEAKIN,ALP,LNP,ALP+LNP,0.505546,Deakin,LNP,ALP,ALP+LNP,0.5012329790478742,OTH>IND>GRN>ON,False,False,True,0.43130209521258234
4_add_seat_class,DICKSON,ALP,LNP,ALP+LNP,0.5059640000000001,Dickson,LNP,ALP,ALP+LNP,0.5004541076144331,OTH>IND>GRN>ON,False,False,True,0.5509892385566983
4_add_seat_class,DOBELL,ALP,ON,ALP+ON,0.537111,Dobell,ALP,ON,ALP+ON,0.516182758461396,OTH>GRN>LNP,True,True,True,2.0928241538603953
4_add_seat_class,DUNKLEY,ALP,ON,ALP+ON,0.552569,Dunkley,ALP,ON,ALP+ON,0.5176882968206784,IND>OTH>GRN>LNP,True,True,True,3.488070317932157
4_add_seat_class,DURACK,LNP,ON,LNP+ON,0.503651,Durack,OTH,ON,ON+OTH,0.5002550175222672,GRN>LNP>ALP,False,True,False,0.3395982477732762
4_add_seat_class,EDEN-MONARO,ALP,ON,ALP+ON,0.539163,Eden-Monaro,ALP,ON,ALP+ON,0.5054783880423503,IND>OTH>GRN>LNP,True,True,True,3.36846119576496
4_add_seat_class,FADDEN,LNP,ON,LNP+ON,0.534754,Fadden,LNP,ON,LNP+ON,0.5497546123375657,IND>OTH>GRN>ALP,True,True,True,1.5000612337565777
4_add_seat_class,FAIRFAX,LNP,ALP,ALP+LNP,0.576867,Fairfax,LNP,ALP,ALP+LNP,0.5860628651633838,OTH>GRN>IND>ON,True,True,True,0.9195865163383776
4_add_seat_class,FARRER,LNP,IND,IND+LNP,0.528772,Farrer,LNP,IND,IND+LNP,0.5705995383016618,GRN>OTH>ALP>ON,True,True,True,4.182753830166175
4_add_seat_class,FISHER,LNP,IND,IND+LNP,0.515051,Fisher,LNP,IND,IND+LNP,0.5328205411440324,OTH>GRN>ALP>ON,True,True,True,1.7769541144032397
4_add_seat_class,FLINDERS,LNP,IND,IND+LNP,0.624925,Flinders,LNP,IND,IND+LNP,0.5191880317703359,OTH>GRN>ALP>ON,True,True,True,10.573696822966404
4_add_seat_class,FLYNN,ON,ALP,ALP+ON,0.619371,Flynn,ON,ALP,ALP+ON,0.6423077973033059,IND>GRN>OTH>LNP,True,True,True,2.293679730330589
4_add_seat_class,FORDE,ON,ALP,ALP+ON,0.5394570000000001,Forde,ON,ALP,ALP+ON,0.5621528718985952,IND>OTH>GRN>LNP,True,True,True,2.269587189859512
4_add_seat_class,FORREST,LNP,IND,IND+LNP,0.504318,Forrest,ON,IND,IND+ON,0.5376050569367032,OTH>GRN>ALP>LNP,False,True,False,3.3287056936703197
4_add_seat_class,FOWLER,IND,ALP,ALP+IND,0.563923,Fowler,IND,ALP,ALP+IND,0.575695754756055,LNP>OTH>GRN>ON,True,True,True,1.1772754756054993
4_add_seat_class,FRANKLIN,ALP,IND,ALP+IND,0.5589580000000001,Franklin,IND,ALP,ALP+IND,0.536894384347637,OTH>LNP>GRN>ON,False,False,True,2.2063615652363033
4_add_seat_class,FRASER,ALP,GRN,ALP+GRN,0.53302,Fraser,ALP,GRN,ALP+GRN,0.554053768495059,LNP>OTH>ON,True,True,True,2.1033768495059
4_add_seat_class,FREMANTLE,IND,ALP,ALP+IND,0.545318,Fremantle,IND,ALP,ALP+IND,0.5289016262815299,OTH>LNP>GRN>ON,True,True,True,1.6416373718470045
4_add_seat_class,GELLIBRAND,ALP,ON,ALP+ON,0.6200209999999999,Gellibrand,ALP,ON,ALP+ON,0.6063159125826654,OTH>LNP>GRN,True,True,True,1.370508741733456
4_add_seat_class,GILMORE,ALP,LNP,ALP+LNP,0.52827,Gilmore,ALP,LNP,ALP+LNP,0.5105780759539827,OTH>IND>GRN>ON,True,True,True,1.769192404601727
4_add_seat_class,GIPPSLAND,LNP,ON,LNP+ON,0.579957,Gippsland,LNP,ON,LNP+ON,0.5875991960629088,OTH>GRN>ALP,True,True,True,0.7642196062908835
4_add_seat_class,GOLDSTEIN,IND,LNP,IND+LNP,0.516357,Goldstein,IND,LNP,IND+LNP,0.5201439309498976,OTH>ALP>GRN>ON,True,True,True,0.3786930949897682
4_add_seat_class,GORTON,ALP,ON,ALP+ON,0.560268,Gorton,ALP,ON,ALP+ON,0.543779048639553,OTH>GRN>LNP,True,True,True,1.6488951360447035
4_add_seat_class,GRAYNDLER,ALP,GRN,ALP+GRN,0.6083,Grayndler,ALP,GRN,ALP+GRN,0.6086832012582396,OTH>IND>LNP>ON,True,True,True,0.03832012582396516
4_add_seat_class,GREENWAY,ALP,ON,ALP+ON,0.5965050000000001,Greenway,ALP,ON,ALP+ON,0.5810410324249969,IND>OTH>GRN>LNP,True,True,True,1.5463967575003124
4_add_seat_class,GREY,LNP,IND,IND+LNP,0.522261,Grey,ON,IND,IND+ON,0.5850721545356882,OTH>GRN>ALP>LNP,False,True,False,6.28111545356882
4_add_seat_class,GRIFFITH,GRN,ALP,ALP+GRN,0.514899,Griffith,GRN,ALP,ALP+GRN,0.5109998618564715,OTH>LNP>ON,True,True,True,0.3899138143528491
4_add_seat_class,GROOM,LNP,IND,IND+LNP,0.534071,Groom,LNP,IND,IND+LNP,0.5519939435189323,OTH>GRN>ALP>ON,True,True,True,1.792294351893231
4_add_seat_class,HASLUCK,ALP,ON,ALP+ON,0.608702,Hasluck,ALP,ON,ALP+ON,0.5973820133026612,OTH>LNP>GRN,True,True,True,1.1319986697338802
4_add_seat_class,HAWKE,ON,ALP,ALP+ON,0.500249,Hawke,ON,ALP,ALP+ON,0.534945976977743,GRN>OTH>LNP,True,True,True,3.469697697774299
4_add_seat_class,HERBERT,LNP,ALP,ALP+LNP,0.6442659999999999,Herbert,LNP,ON,LNP+ON,0.5889480464525471,GRN>OTH>ALP,True,False,False,5.531795354745284
4_add_seat_class,HINDMARSH,ALP,ON,ALP+ON,0.623821,Hindmarsh,ALP,ON,ALP+ON,0.6032511133657632,OTH>LNP>GRN,True,True,True,2.0569886634236756
4_add_seat_class,HINKLER,ON,LNP,LNP+ON,0.511697,Hinkler,LNP,ON,LNP+ON,0.5114646669459653,IND>GRN>OTH>ALP,False,False,True,0.023233305403469462
4_add_seat_class,HOLT,ALP,ON,ALP+ON,0.5707450000000001,Holt,ALP,ON,ALP+ON,0.5459076196923381,OTH>GRN>LNP,True,True,True,2.4837380307661916
4_add_seat_class,HOTHAM,ALP,ON,ALP+ON,0.633213,Hotham,ALP,ON,ALP+ON,0.6202497875189313,OTH>LNP>GRN,True,True,True,1.2963212481068687
4_add_seat_class,HUGHES,LNP,ALP,ALP+LNP,0.504409,Hughes,LNP,ALP,ALP+LNP,0.5021665787959255,OTH>GRN>ON,True,True,True,0.2242421204074474
4_add_seat_class,HUME,LNP,ON,LNP+ON,0.54362,Hume,LNP,ON,LNP+ON,0.5601448372956991,IND>GRN>OTH>ALP,True,True,True,1.652483729569909
4_add_seat_class,HUNTER,ALP,ON,ALP+ON,0.508983,Hunter,ON,ALP,ALP+ON,0.513484103912449,LNP>GRN>OTH,False,False,True,0.4501103912449067
4_add_seat_class,INDI,IND,ON,IND+ON,0.550648,Indi,IND,ON,IND+ON,0.5487554868611487,ALP>GRN>OTH>LNP,True,True,True,0.1892513138851304
4_add_seat_class,ISAACS,ALP,ON,ALP+ON,0.617935,Isaacs,ALP,ON,ALP+ON,0.5880015479024318,OTH>GRN>LNP,True,True,True,2.993345209756826
4_add_seat_class,JAGAJAGA,ALP,LNP,ALP+LNP,0.626059,Jagajaga,ALP,ON,ALP+ON,0.5716969583071496,OTH>IND>GRN>LNP,True,False,False,5.436204169285041
4_add_seat_class,KENNEDY,OTH,ON,ON+OTH,0.695107,Kennedy,OTH,ON,ON+OTH,0.6951069221003443,GRN>LNP>ALP,True,True,True,7.789965572602142e-06
4_add_seat_class,KINGSFORD SMITH,ALP,ON,ALP+ON,0.6354270000000001,Kingsford Smith,ALP,ON,ALP+ON,0.620723795596024,IND>LNP>GRN,True,True,True,1.47032044039761
4_add_seat_class,KINGSTON,ALP,ON,ALP+ON,0.6447620000000001,Kingston,ALP,ON,ALP+ON,0.6314573255963593,IND>OTH>LNP>GRN,True,True,True,1.3304674403640804
4_add_seat_class,KOOYONG,IND,LNP,IND+LNP,0.536718,Kooyong,IND,LNP,IND+LNP,0.5488946858363469,OTH>ALP>ON>GRN,True,True,True,1.21766858363469
4_add_seat_class,LA TROBE,LNP,ALP,ALP+LNP,0.555296,La Trobe,LNP,ALP,ALP+LNP,0.5489022329319416,OTH>GRN>ON,True,True,True,0.6393767068058387
4_add_seat_class,LALOR,ALP,ON,ALP+ON,0.588128,Lalor,ALP,ON,ALP+ON,0.5788480643961443,IND>OTH>LNP>GRN,True,True,True,0.9279935603855649
4_add_seat_class,LEICHHARDT,ON,ALP,ALP+ON,0.539568,Leichhardt,ON,ALP,ALP+ON,0.5637937692334561,GRN>OTH>LNP,True,True,True,2.4225769233456096
4_add_seat_class,LILLEY,ALP,ON,ALP+ON,0.6143719999999999,Lilley,ALP,ON,ALP+ON,0.6009331258884301,OTH>LNP>GRN,True,True,True,1.3438874111569854
4_add_seat_class,LINDSAY,LNP,ALP,ALP+LNP,0.543576,Lindsay,LNP,ALP,ALP+LNP,0.5321508100059948,OTH>GRN>ON,True,True,True,1.1425189994005103
4_add_seat_class,LINGIARI,ALP,ON,ALP+ON,0.557702,Lingiari,ALP,ON,ALP+ON,0.5280580886681359,IND>OTH>GRN>LNP,True,True,True,2.964391133186417
4_add_seat_class,LONGMAN,ON,ALP,ALP+ON,0.542654,Longman,ON,ALP,ALP+ON,0.5708708294618925,OTH>GRN>LNP,True,True,True,2.8216829461892523
4_add_seat_class,LYNE,LNP,IND,IND+LNP,0.553836,Lyne,LNP,IND,IND+LNP,0.5460676406257217,GRN>OTH>ALP>ON,True,True,True,0.7768359374278333
4_add_seat_class,LYONS,ALP,ON,ALP+ON,0.540679,Lyons,ALP,ON,ALP+ON,0.5181547382469882,IND>OTH>GRN>LNP,True,True,True,2.252426175301181
4_add_seat_class,MACARTHUR,ALP,ON,ALP+ON,0.5908059999999999,Macarthur,ALP,ON,ALP+ON,0.5804691233535046,OTH>LNP>GRN,True,True,True,1.0336876646495297
4_add_seat_class,MACKELLAR,IND,LNP,IND+LNP,0.553434,Mackellar,IND,LNP,IND+LNP,0.5701375310958429,OTH>ALP>GRN>ON,True,True,True,1.6703531095842883
4_add_seat_class,MACNAMARA,ALP,LNP,ALP+LNP,0.6336229999999999,Macnamara,ALP,LNP,ALP+LNP,0.6354002471651481,OTH>ON>GRN,True,True,True,0.17772471651481547
4_add_seat_class,MACQUARIE,ALP,ON,ALP+ON,0.542699,Macquarie,ALP,ON,ALP+ON,0.5072400620263694,OTH>GRN>LNP,True,True,True,3.5458937973630644
4_add_seat_class,MAKIN,ALP,ON,ALP+ON,0.604618,Makin,ALP,ON,ALP+ON,0.5932046771431151,OTH>LNP>GRN,True,True,True,1.14133228568849
4_add_seat_class,MALLEE,LNP,ON,LNP+ON,0.5508310000000001,Mallee,LNP,ON,LNP+ON,0.5127607652490707,GRN>ALP>IND>OTH,True,True,True,3.807023475092941
4_add_seat_class,MARANOA,LNP,ON,LNP+ON,0.5569080000000001,Maranoa,LNP,ON,LNP+ON,0.5569967496972485,GRN>OTH>ALP,True,True,True,0.008874969724848025
4_add_seat_class,MARIBYRNONG,ALP,ON,ALP+ON,0.6027170000000001,Maribyrnong,ALP,ON,ALP+ON,0.5878771337041278,OTH>LNP>GRN,True,True,True,1.4839866295872306
4_add_seat_class,MAYO,OTH,ALP,ALP+OTH,0.6541849999999999,Mayo,OTH,ON,ON+OTH,0.6584269783535159,LNP>GRN>ALP,True,False,False,0.42419783535160294
4_add_seat_class,MCEWEN,ALP,ON,ALP+ON,0.524378,McEwen,ON,ALP,ALP+ON,0.5014262716847087,OTH>GRN>LNP,False,False,True,2.2951728315291353
4_add_seat_class,MCMAHON,ALP,ON,ALP+ON,0.56845,McMahon,ALP,ON,ALP+ON,0.5431616849233779,OTH>IND>GRN>LNP,True,True,True,2.5288315076622103
4_add_seat_class,MCPHERSON,LNP,ALP,ALP+LNP,0.57182,McPherson,LNP,ALP,ALP+LNP,0.5740243571176231,OTH>GRN>IND>ON,True,True,True,0.22043571176231236
4_add_seat_class,MELBOURNE,GRN,ALP,ALP+GRN,0.52065,Melbourne,GRN,ALP,ALP+GRN,0.5849156860984978,OTH>IND>LNP>ON,True,True,True,6.426568609849781
4_add_seat_class,MENZIES,LNP,ALP,ALP+LNP,0.505668,Menzies,LNP,ALP,ALP+LNP,0.5087267671851415,OTH>IND>GRN>ON,True,True,True,0.3058767185141531
4_add_seat_class,MITCHELL,LNP,ALP,ALP+LNP,0.569098,Mitchell,LNP,ALP,ALP+LNP,0.5643492468123896,OTH>GRN>ON,True,True,True,0.4748753187610366
4_add_seat_class,MONASH,IND,LNP,IND+LNP,0.50139,Monash,ON,IND,IND+ON,0.5119466272826267,OTH>GRN>ALP>LNP,False,False,False,1.055662728262674
4_add_seat_class,MONCRIEFF,LNP,ALP,ALP+LNP,0.601565,Moncrieff,LNP,ALP,ALP+LNP,0.585970133660108,IND>OTH>GRN>ON,True,True,True,1.5594866339892044
4_add_seat_class,MOORE,LNP,ALP,ALP+LNP,0.508176,Moore,ALP,LNP,ALP+LNP,0.5375093021792168,OTH>GRN>ON>IND,False,False,True,2.9333302179216814
4_add_seat_class,MORETON,ALP,ON,ALP+ON,0.632397,Moreton,ALP,ON,ALP+ON,0.6153995946510946,OTH>LNP>GRN,True,True,True,1.699740534890537
4_add_seat_class,NEW ENGLAND,LNP,ON,LNP+ON,0.580524,New England,LNP,ON,LNP+ON,0.5930179810014841,IND>OTH>GRN>ALP,True,True,True,1.2493981001484022
4_add_seat_class,NEWCASTLE,ALP,GRN,ALP+GRN,0.585974,Newcastle,ALP,GRN,ALP+GRN,0.5800897535194862,OTH>LNP>ON,True,True,True,0.5884246480513777
4_add_seat_class,NICHOLLS,LNP,IND,IND+LNP,0.604812,Nicholls,LNP,IND,IND+LNP,0.5257398082835212,GRN>OTH>ALP>ON,True,True,True,7.907219171647883
4_add_seat_class,O'CONNOR,LNP,ON,LNP+ON,0.509127,O'Connor,ON,LNP,LNP+ON,0.5066133484578037,GRN>OTH>ALP,False,False,True,0.25136515421962935
4_add_seat_class,OXLEY,ALP,ON,ALP+ON,0.6371370000000001,Oxley,ALP,ON,ALP+ON,0.6278465624538527,OTH>LNP>GRN,True,True,True,0.9290437546147334
4_add_seat_class,PAGE,LNP,ALP,ALP+LNP,0.615702,Page,LNP,ALP,ALP+LNP,0.6102002904816902,IND>OTH>GRN>ON,True,True,True,0.550170951830975
4_add_seat_class,PARKES,ON,LNP,LNP+ON,0.518501,Parkes,ON,LNP,LNP+ON,0.5373271756204483,IND>GRN>ALP>OTH,True,True,True,1.8826175620448304
4_add_seat_class,PARRAMATTA,ALP,LNP,ALP+LNP,0.600432,Parramatta,ALP,LNP,ALP+LNP,0.5859271518128224,OTH>GRN>ON,True,True,True,1.4504848187177566
4_add_seat_class,PATERSON,ALP,ON,ALP+ON,0.531524,Paterson,ALP,ON,ALP+ON,0.5019333107652472,OTH>GRN>IND>LNP,True,True,True,2.959068923475283
4_add_seat_class,PEARCE,ALP,ON,ALP+ON,0.531457,Pearce,ALP,ON,ALP+ON,0.5173948266493726,OTH>GRN>LNP,True,True,True,1.4062173350627316
4_add_seat_class,PERTH,ALP,ON,ALP+ON,0.632414,Perth,ALP,ON,ALP+ON,0.6150364515665637,OTH>LNP>GRN,True,True,True,1.7377548433436307
4_add_seat_class,PETRIE,LNP,ALP,ALP+LNP,0.520378,Petrie,LNP,ALP,ALP+LNP,0.517640518357436,OTH>GRN>ON,True,True,True,0.27374816425640436
4_add_seat_class,RANKIN,ALP,ON,ALP+ON,0.606254,Rankin,ALP,ON,ALP+ON,0.6023504150248857,LNP>OTH>GRN,True,True,True,0.3903584975114227
4_add_seat_class,REID,ALP,LNP,ALP+LNP,0.596772,Reid,ALP,LNP,ALP+LNP,0.588494426854625,IND>OTH>GRN>ON,True,True,True,0.8277573145374917
4_add_seat_class,RICHMOND,GRN,ON,GRN+ON,0.646215,Richmond,GRN,ON,GRN+ON,0.6468211545985927,OTH>LNP>ALP,True,True,True,0.06061545985927008
4_add_seat_class,RIVERINA,LNP,IND,IND+LNP,0.617066,Riverina,LNP,ON,LNP+ON,0.5327722366855311,GRN>OTH>ALP>IND,True,False,False,8.429376331446893
4_add_seat_class,ROBERTSON,ALP,ON,ALP+ON,0.5484559999999999,Robertson,ALP,ON,ALP+ON,0.5217991887299124,IND>OTH>GRN>LNP,True,True,True,2.6656811270087566
4_add_seat_class,RYAN,GRN,LNP,GRN+LNP,0.5444559999999999,Ryan,GRN,LNP,GRN+LNP,0.5444557840733005,OTH>ON>ALP,True,True,True,2.159266994095077e-05
4_add_seat_class,SCULLIN,ALP,ON,ALP+ON,0.569373,Scullin,ALP,ON,ALP+ON,0.5424090946706632,LNP>GRN>OTH,True,True,True,2.696390532933679
4_add_seat_class,SHORTLAND,ALP,ON,ALP+ON,0.549604,Shortland,ALP,ON,ALP+ON,0.5348222124228014,IND>OTH>GRN>LNP,True,True,True,1.4781787577198613
4_add_seat_class,SOLOMON,ALP,LNP,ALP+LNP,0.510367,Solomon,LNP,ALP,ALP+LNP,0.5095381191961827,OTH>GRN>IND>ON,False,False,True,0.08288808038172668
4_add_seat_class,SPENCE,ALP,ON,ALP+ON,0.586643,Spence,ALP,ON,ALP+ON,0.5790921619924165,IND>LNP>OTH>GRN,True,True,True,0.7550838007583494
4_add_seat_class,STURT,ALP,LNP,ALP+LNP,0.547999,Sturt,ALP,LNP,ALP+LNP,0.5039902013742686,OTH>IND>GRN>ON,True,True,True,4.400879862573137
4_add_seat_class,SWAN,ALP,ON,ALP+ON,0.610995,Swan,ALP,ON,ALP+ON,0.5963839178590652,OTH>LNP>GRN,True,True,True,1.4611082140934761
4_add_seat_class,SYDNEY,ALP,GRN,ALP+GRN,0.6356,Sydney,ALP,GRN,ALP+GRN,0.6268985542275213,OTH>LNP>ON,True,True,True,0.8701445772478777
4_add_seat_class,TANGNEY,ALP,LNP,ALP+LNP,0.547348,Tangney,ALP,LNP,ALP+LNP,0.5369533521166258,OTH>GRN>ON,True,True,True,1.0394647883374186
4_add_seat_class,WANNON,LNP,IND,IND+LNP,0.538732,Wannon,LNP,IND,IND+LNP,0.5236259590832112,GRN>OTH>ALP>ON,True,True,True,1.5106040916788799
4_add_seat_class,WARRINGAH,IND,LNP,IND+LNP,0.608459,Warringah,IND,LNP,IND+LNP,0.6164340426667984,OTH>ALP>GRN>ON,True,True,True,0.7975042666798382
4_add_seat_class,WATSON,ALP,IND,ALP+IND,0.636178,Watson,ALP,IND,ALP+IND,0.5682011194352171,LNP>OTH>GRN>ON,True,True,True,6.79768805647829
4_add_seat_class,WENTWORTH,IND,LNP,IND+LNP,0.598899,Wentworth,IND,LNP,IND+LNP,0.6072281269529833,ALP>ON>GRN,True,True,True,0.8329126952983379
4_add_seat_class,WERRIWA,ALP,LNP,ALP+LNP,0.547276,Werriwa,ALP,LNP,ALP+LNP,0.5621800365310137,IND>OTH>GRN>ON,True,True,True,1.4904036531013687
4_add_seat_class,WHITLAM,ALP,ON,ALP+ON,0.51883,Whitlam,ALP,ON,ALP+ON,0.5152269680755178,OTH>IND>GRN>LNP,True,True,True,0.3603031924482192
4_add_seat_class,WIDE BAY,LNP,ON,LNP+ON,0.500814,Wide Bay,LNP,ON,LNP+ON,0.5163810443229969,IND>OTH>GRN>ALP,True,True,True,1.5567044322996937
4_add_seat_class,WILLS,GRN,ALP,ALP+GRN,0.5321779999999999,Wills,GRN,ALP,ALP+GRN,0.5386633938621969,LNP>OTH>ON,True,True,True,0.6485393862196931
4_add_seat_class,WRIGHT,ON,LNP,LNP+ON,0.550105,Wright,ON,LNP,LNP+ON,0.5267217862033536,GRN>OTH>ALP,True,True,True,2.338321379664632
