division_old,state_old,ALP_old,LNP_old,GRN_old,ON_old,IND_old,OTH_old,division_key,division_corrected,state_corrected,ALP_corrected,LNP_corrected,GRN_corrected,ON_corrected,IND_corrected,OTH_corrected,ALP_pvi_delta,LNP_pvi_delta,GRN_pvi_delta,ON_pvi_delta,IND_pvi_delta,OTH_pvi_delta,ALP_old_primary,LNP_old_primary,GRN_old_primary,ON_old_primary,IND_old_primary,OTH_old_primary,ALP_corrected_primary,LNP_corrected_primary,GRN_corrected_primary,ON_corrected_primary,IND_corrected_primary,OTH_corrected_primary,ALP_primary_delta_pp,LNP_primary_delta_pp,GRN_primary_delta_pp,ON_primary_delta_pp,IND_primary_delta_pp,OTH_primary_delta_pp,max_abs_primary_delta_pp
Clark,TAS,0.0836,-0.0013,-0.005,0.0203,-0.07,-0.028999999999999998,CLARK,Clark,TAS,-0.1433892971,-0.1856637578,0.01043478958,-0.5019123704,0.4127273534,-0.07,-0.2269892971,-0.1843637578,0.01543478958,-0.5222123704,0.4827273534,-0.04100000000000001,0.42446828754843874,0.3183438107035284,0.11776874694354952,0.06394164470022498,0.02282644675816026,0.05265106334609823,0.225087861036483,0.15007906100611554,0.1460806982082911,0.058812111628292994,0.390324792583919,0.029615475536898354,-19.938042651195573,-16.826474969741287,2.8311951264741566,-0.5129533071931986,36.74983458257587,-2.3035587809199876,36.74983458257587
Tangney,WA,-0.1434,-0.1857,0.0104,-0.022400000000000003,0.4127,-0.07,TANGNEY,Tangney,WA,0.07350946225,0.02801336505,0.006130346605,-0.5806760012,-0.07,-0.01447719657,0.21690946225000002,0.21371336505,-0.004269653395,-0.5582760012,-0.4827,0.05552280343,0.22211299322081343,0.14784182920633474,0.14446624869914806,0.06961647528720975,0.3868242176542742,0.02913823593221986,0.4046110425924466,0.3400099372044684,0.12334672272924181,0.04913305580320534,0.02218693982797013,0.060712301842667696,18.24980493716332,19.21681079981337,-2.1119525969906254,-2.0483419484004415,-36.46372778263041,3.157406591044784,36.46372778263041
Hunter,NSW,-0.25670000000000004,-0.021400000000000002,-0.0861,0.0069,0.3619,-0.0039000000000000003,HUNTER,Hunter,NSW,0.08421690845,-0.1299321853,-0.04442555878,1.082608111,-0.07,0.0603060015,0.34091690845000006,-0.1085321853,0.04167444122,1.0757081110000002,-0.4319,0.0642060015,0.09929216809877282,0.3367175595087897,0.05987338474010743,0.07176110896060914,0.35462980066469024,0.07772597802703071,0.45097261947970807,0.20094642116812933,0.09133153439213475,0.1153794207086056,0.024113142847905597,0.1172568614035168,35.168045138093525,-13.577113834066035,3.145814965202732,4.361831174799646,-33.051665781678466,3.953088337648608,35.168045138093525
Indi,VIC,0.0326,-0.0022,-0.0039000000000000003,0.0028000000000000004,-0.07,0.0392,INDI,Indi,VIC,-0.2567276412,-0.0213520208,-0.0860904337,0.1131958235,0.3619326991,-0.003871218388,-0.28932764120000004,-0.0191520208,-0.0821904337,0.1103958235,0.4319326991,-0.043071218388,0.3766829645924309,0.3196908257726354,0.1194884046402333,0.06387003719336176,0.02298831991601672,0.09727944788532195,0.09864778335296133,0.33519091284416047,0.059372090992159496,0.07833933816390574,0.3509517975913043,0.07749807705550872,-27.803518123946958,1.550008707152506,-6.011631364807381,1.4469300970543983,32.79634776752876,-1.9781370829813225,32.79634776752876
McMahon,NSW,-0.1775,-0.0788,-0.0616,-0.0022,-0.07,0.376,MCMAHON,McMahon,NSW,0.122050635,-0.0566431939,-0.03847042086,0.3753389888,0.0256,-0.05685,0.299550635,0.022156806099999996,0.023129579140000002,0.3775389888,0.0956,-0.43285,0.18912769857280712,0.2735899915366763,0.08256648675803822,0.07198034085215735,0.02596810158805784,0.3567673806922631,0.45475858540577313,0.2587396102227368,0.08931162194263063,0.07750996865762232,0.0854519997579193,0.03422821401331772,26.5630886832966,-1.485038131393951,0.674513518459241,0.5529627805464967,5.948389816986146,-32.253916667894536,32.253916667894536
Gippsland,VIC,0.1116,-0.11960000000000001,-0.024399999999999998,0.0055000000000000005,-0.07,0.09539999999999998,GIPPSLAND,Gippsland,VIC,-0.1328643416,0.2014632181,-0.03719592537,0.8468778432,-0.07,-0.03401651187,-0.2444643416,0.32106321810000005,-0.012795925370000003,0.8413778432000001,0.0,-0.12941651186999997,0.46467020706248163,0.20502484204961816,0.10510907980378605,0.06525743833329595,0.023458021682564292,0.136480411068254,0.21141582466446723,0.5253596256337736,0.09229388575515962,0.09828273069557711,0.022839381563202657,0.04980855168781988,-25.32543823980144,32.03347835841554,-1.2815194048626424,3.302529236228116,-0.06186401193616353,-8.667185938043414,32.03347835841554
Bradfield,NSW,0.1867,-0.1186,-0.0348,-0.004,-0.07,0.0264,BRADFIELD,Bradfield,NSW,-0.1441302659,0.06652472639,-0.05010173437,-1.421135743,0.1749845747,-0.03228008235,-0.3308302659,0.18512472639,-0.01530173437,-1.417135743,0.2449845747,-0.05868008235,0.528912921273013,0.20145445839899837,0.09441840758060298,0.06351675454805544,0.022934035890317825,0.0887634223090123,0.21210817520291672,0.41203604462245974,0.08683029405589347,0.03579473469268623,0.1992701179471699,0.053960633478873914,-31.680474607009636,21.058158622346138,-0.7588113524709506,-2.7722019855369213,17.63360820568521,-3.4802788830138383,31.680474607009636
Barton,NSW,-0.20149999999999998,-0.0043,-0.0368,-0.0432,0.3119,-0.0351,BARTON,Barton,NSW,0.1327358933,-0.07308654816,0.02460287466,-0.07626739702,-0.07,-0.01120954093,0.3342358933,-0.06878654816,0.061402874659999995,-0.03306739702,-0.3819,0.02389045907,0.15139645582608613,0.33498987357347765,0.0981380862195858,0.06593848192375824,0.2977788977848521,0.05175820467224012,0.46761594389192557,0.24375919190586678,0.13944823666056458,0.06314382743433834,0.022466916961768633,0.0635658831455362,31.621948806583944,-9.123068166761087,4.131015044097879,-0.2794654489419901,-27.53119808230835,1.1807678473296077,31.621948806583944
Sydney,NSW,-0.13699999999999998,-0.0833,0.0095,-0.0052,-0.07,0.2846,SYDNEY,Sydney,NSW,0.2006482662,-0.1476225445,0.09663971762,-0.7532952142,-0.07,-0.05099594728,0.3376482662,-0.06432254450000001,0.08713971762,-0.7480952142,0.0,-0.33559594728000003,0.2261222644884911,0.2586429673879366,0.14177398098720712,0.06925412951920328,0.025019682778156565,0.2791869748390052,0.5306894985280942,0.16858136638652618,0.19495055082610574,0.045538743443481855,0.022327369645111325,0.03791247117068071,30.45672340396031,-9.00616010014104,5.317656983889862,-2.371538607572142,-0.269231313304524,-24.12745036683245,30.45672340396031
Goldstein,VIC,0.0998,-0.07629999999999999,-0.0074,0.0125,-0.07,0.039900000000000005,GOLDSTEIN,Goldstein,VIC,-0.2041321203,0.09761146983,-0.04714997298,-1.320444801,0.2412316468,-0.04319601009,-0.3039321203,0.17391146983,-0.039749972980000006,-1.332944801,0.31123164680000004,-0.08309601009,0.44814170256464025,0.24722344332875618,0.11786505345018507,0.06481550372416271,0.0232229787172997,0.09873131821495602,0.1468462726584934,0.4390753573372332,0.0880786827319113,0.037052122195534255,0.24314915722341812,0.04579840785340969,-30.129542990614688,19.1851914008477,-2.9786370718273765,-2.776338152862846,21.992617850611843,-5.293291036154633,30.129542990614688
Kennedy,QLD,-0.2126,0.11,-0.0842,-0.021099999999999997,0.2198,-0.0111,KENNEDY,Kennedy,QLD,-0.1774517406,-0.0788395536,-0.06159142467,-1.006379929,-0.07,0.3760379547,0.03514825940000002,-0.1888395536,0.02260857533,-0.9852799289999999,-0.2898,0.3871379547,0.1368253112388389,0.4474557591887581,0.05672676342681122,0.06523766811424105,0.22698777658449268,0.06676672144685822,0.19384282572157124,0.28070313157289367,0.08440988028359059,0.04786861873878915,0.026493814808909225,0.36668172887424616,5.701751448273234,-16.67526276158644,2.768311685677937,-1.7369049375451897,-20.049396177558346,29.991500742738797,29.991500742738797
Corio,VIC,-0.22460000000000002,0.0141,-0.0842,0.0148,0.2792,0.0015,CORIO,Corio,VIC,0.08539776098,-0.07876340506,0.03383162973,0.297082515,-0.03993735065,-0.02364630354,0.30999776098000004,-0.09286340506,0.11803162973,0.282282515,-0.31913735065,-0.02514630354,0.13261596678077808,0.3699384070656856,0.060434320996806505,0.07067917451919307,0.28620451553843496,0.08012761509910178,0.4302206808089874,0.24313322596250317,0.1498076281973939,0.07673492848748051,0.04331002734453757,0.056793509199097536,29.760471402820933,-12.680518110318243,8.937330720058739,0.6055753968287434,-24.28944881938974,-2.3334105900004247,29.760471402820933
Lyne,NSW,0.1696,-0.0977,0.014199999999999999,-0.0045000000000000005,-0.07,-0.0233,LYNE,Lyne,NSW,-0.1388314243,0.05259781664,-0.05464570187,0.02556597807,0.0822,0.08481571788,-0.30843142430000003,0.15029781664,-0.06884570187,0.03006597807,0.1522,0.10811571788,0.5062409444650525,0.22007901960327544,0.13224203117062563,0.06279721205036724,0.022679537324302203,0.05596125538637708,0.2100026194729997,0.38310238844242794,0.08004812404894948,0.06880641459604107,0.12826948692563933,0.12977096651394254,-29.62383249920528,16.30233688391525,-5.219390712167615,0.6009202545673831,10.558994960133713,7.380971112756546,29.62383249920528
Adelaide,SA,-0.1959,0.038599999999999995,-0.019,-0.039599999999999996,0.27899999999999997,-0.07,ADELAIDE,Adelaide,SA,0.1079401491,-0.06666278892,0.07039401082,-0.499841212,-0.07,-0.02032552941,0.3038401491,-0.10526278891999999,0.08939401082000001,-0.460241212,-0.349,0.049674470590000006,0.1542834934132492,0.37351766402429964,0.11107886340915876,0.06479142626423569,0.26899046687676414,0.027338086012292564,0.44296059492683276,0.249913152120198,0.175339123372806,0.05165295950566899,0.022445872702015122,0.05768829737247921,28.867710151358356,-12.360451190410165,6.426025996364723,-1.3138466758566696,-24.654459417474904,3.0350211360186643,28.867710151358356
Melbourne,VIC,-0.0689,0.045,-0.06849999999999999,0.0768,-0.020099999999999996,0.0363,MELBOURNE,Melbourne,VIC,-0.04144182333,-0.1307842952,0.2855912446,-1.189048991,-0.0232,-0.04236061284,0.02745817667,-0.1757842952,0.3540912446,-1.265848991,-0.003100000000000002,-0.07866061284,0.2966648874626839,0.39554096027741215,0.0727091005454262,0.0711739087689306,0.06121830678488723,0.10269283616065986,0.3087547000541773,0.1935341357433384,0.35818692745599123,0.03860549109165919,0.055576827135940414,0.04534191851889345,1.2089812591493443,-20.200682453407374,28.5477826910565,-3.25684176772714,-0.5641479648946818,-5.735091764176641,28.5477826910565
Berowra,NSW,0.19260000000000002,-0.1759,0.1186,-0.0265,-0.0496,-0.0576,BEROWRA,Berowra,NSW,-0.07848101551,0.1029319985,0.004545811989,-0.3016068096,0.01933775786,-0.04098478818,-0.27108101551,0.2788319985,-0.114054188011,-0.2751068096,0.06893775786,0.016615211819999996,0.5192695791481776,0.13945777209471663,0.21116950542669308,0.061028743983084235,0.03568687985178646,0.033387519495541994,0.2646586164195583,0.4244602638047076,0.125325290123315,0.05755607208936418,0.08285349805200115,0.04514625951105384,-25.461096272861933,28.50024917099909,-8.584421530337808,-0.3472671893720053,4.71666182002147,1.1758740015511846,28.50024917099909
Mackellar,NSW,0.024900000000000002,-0.0492,-0.012199999999999999,0.0383,-0.07,0.0668,MACKELLAR,Mackellar,NSW,-0.2292083409,0.03922531002,-0.06028409524,-1.066965928,0.3014089627,-0.03232644282,-0.2541083409,0.08842531002000001,-0.04808409524,-1.105265928,0.3714089627,-0.09912644282,0.38555940321949284,0.28434395682942026,0.1178727066320143,0.06785102268135952,0.024019052098059355,0.12035385853965377,0.12638733134421215,0.39482487188158094,0.08065264100722244,0.04379594467117295,0.2987162181302891,0.055622992965522554,-25.917207187528067,11.048091505216068,-3.7220065624791854,-2.4055078010186572,27.46971660322297,-6.473086557413121,27.46971660322297
Bowman,QLD,-0.22920000000000001,0.0392,-0.0603,-0.0381,0.3014,-0.0323,BOWMAN,Bowman,QLD,-0.02975997389,0.07523101577,-0.001370115153,0.1983879192,-0.07,0.01250721267,0.19944002611,0.03603101577000001,0.058929884847,0.2364879192,-0.3714,0.04480721267,0.12328744895027408,0.38451126666418195,0.07884048822321765,0.06663325259512826,0.29261665087825944,0.05411089268893859,0.311256032856747,0.3944179946207561,0.11995877961583068,0.07236620118677567,0.022648411710706463,0.0793525800091842,18.796858390647294,0.9906727956574157,4.111829139261303,0.5732948591647413,-26.996823916755297,2.5241687320245614,26.996823916755297
Flinders,VIC,-0.0414,-0.1308,0.28559999999999997,-0.0395,-0.0232,-0.0424,FLINDERS,Flinders,VIC,-0.1162007209,0.08958253831,-0.05056070043,-0.256389741,0.1482,-0.00754255197,-0.0748007209,0.22038253831,-0.33616070042999996,-0.216889741,0.1714,0.03485744803,0.30100717830480894,0.1883544412494517,0.34998013475200546,0.06220966605141232,0.05440802329387692,0.044040556348444546,0.22398141368945237,0.40502895652699833,0.08016645039815867,0.05794251975673338,0.16705357573232768,0.0658270838963298,-7.7025764615356564,21.667451527754665,-26.981368435384677,-0.42671462946789407,11.264555243845075,2.178652754788525,26.981368435384677
Isaacs,VIC,-0.126,0.127,-0.054299999999999994,0.0421,0.2022,0.016,ISAACS,Isaacs,VIC,0.1368913421,-0.04148609183,0.01343026433,-0.3889101449,-0.07,-0.02202767006,0.2628913421,-0.16848609183000002,0.06773026433,-0.4310101449,-0.2722,-0.038027670060000004,0.1982646829617093,0.4082787865357415,0.07157757980598022,0.05897088995740501,0.18837272262500201,0.07453533811416202,0.46648662017835113,0.2721561613816504,0.1292130412965269,0.05389311818523033,0.02221962920826409,0.05603142974997714,26.822193721664185,-13.612262515409112,5.763546149054667,-0.507777177217468,-16.615309341673793,-1.8503908364184882,26.822193721664185
Parkes,NSW,0.1311,-0.0863,-0.0001,0.0037,-0.07,0.020099999999999996,PARKES,Parkes,NSW,-0.1443121359,0.0942419418,-0.06449381573,0.8992017112,-0.04409002021,0.08410114766,-0.2754121359,0.1805419418,-0.06439381573,0.8955017112,0.02590997979000001,0.06400114766000001,0.47303239677325315,0.23374111840408537,0.12209087282475596,0.06366069170542672,0.02290332367216159,0.08457159662031721,0.20948365528500212,0.4366494226411008,0.07376949658647668,0.10538709919805836,0.04222131294077971,0.13248901334858224,-26.354874148825104,20.290830423701543,-4.832137623827928,4.172640749263164,1.9317989268618119,4.791741672826502,26.354874148825104
Wannon,VIC,0.0438,-0.1198,-0.0001,-0.0161,0.1942,-0.0395,WANNON,Wannon,VIC,-0.2125567296,0.1099931523,-0.08424682704,-0.4527886176,0.219781951,-0.01107349469,-0.2563567296,0.2297931523,-0.08414682704,-0.4366886176,0.02558195099999999,0.028426505310000003,0.37912108201628486,0.1962060033122632,0.11978969329252111,0.061884582416351516,0.1978262839544771,0.04517235500810203,0.13822930522460278,0.4525686291554985,0.057116440641990146,0.056188570166136244,0.22824697161707297,0.06765008319469952,-24.08917767916821,25.636262584323532,-6.267325265053096,-0.5696012250215272,3.042068766259587,2.247772818659749,25.636262584323532
Flynn,QLD,0.0173,-0.1909,0.2253,-0.027999999999999997,-0.07,0.045,FLYNN,Flynn,QLD,-0.06886947563,0.045036273,-0.06848843482,0.9098364881,-0.02005382131,0.03633341663,-0.08616947562999999,0.23593627299999997,-0.29378843482,0.9378364881,0.04994617869000001,-0.008666583370000001,0.3684429082691353,0.13128051529014345,0.3096689667653465,0.06417462494577938,0.023433438026272287,0.10299954670332301,0.28569147233425196,0.3814757519136785,0.06985706959443189,0.1050461911447128,0.058727062437920814,0.0992024525750042,-8.275143593488332,25.019523662353503,-23.98118971709146,4.087156619893341,3.529362441164853,-0.3797094128318815,25.019523662353503
Warringah,NSW,0.0281,0.0073,0.0023,0.0,-0.0148,-0.022000000000000002,WARRINGAH,Warringah,NSW,-0.201469161,-0.0043136331,-0.03682012707,-1.294294479,0.3118718221,-0.03510008595,-0.22956916100000002,-0.0116136331,-0.039120127069999996,-1.294294479,0.32667182209999995,-0.013100085949999996,0.3693211447861259,0.3267538426882926,0.12351068476611037,0.0632928592067409,0.06000014559568206,0.05712132295704826,0.15592411333231046,0.3454349987492653,0.10079645256563208,0.03910639905020352,0.3052836086435672,0.05345442765902152,-21.33970314538154,1.8681156060972703,-2.271423220047829,-2.4186460156537373,24.528346304788514,-0.36668952980267455,24.528346304788514
Hotham,VIC,-0.1162,0.08960000000000001,-0.0506,-0.0124,0.1482,-0.0075,HOTHAM,Hotham,VIC,0.1334616471,-0.06340637622,0.02592218179,-0.4406361883,-0.07,-0.007992531847,0.2496616471,-0.15300637622000002,0.07652218179,-0.4282361883,-0.2182,-0.0004925318470000006,0.2230127108426834,0.4026911268909487,0.07997659041477409,0.06189977155148072,0.16704661647362204,0.06537318382649103,0.4667105079825405,0.2525121309601319,0.14000259902156947,0.05299061689400335,0.02238944437328265,0.06539470076847208,24.36977971398571,-15.01789959308168,6.0026008606795385,-0.8909154657477374,-14.46571721003394,0.002151694198104792,24.36977971398571
Wide Bay,QLD,0.18359999999999999,-0.09380000000000001,0.042800000000000005,-0.225,-0.07,-0.0103,WIDE BAY,Wide Bay,QLD,-0.09293637514,0.07367014832,-0.03365615219,0.7166732535,-0.0242,0.02951732897,-0.27653637513999996,0.16747014832,-0.07645615219,0.9416732535,0.04580000000000001,0.039817328969999996,0.498807271510492,0.21484459312952306,0.1486167232614249,0.05431202707256138,0.02175533210976645,0.061664052916232406,0.2562642264517266,0.40431975262816966,0.09708520300135863,0.09454696247241795,0.054841183858817054,0.0929426715875102,-24.25430450587654,18.94751594986466,-5.153152026006626,4.023493539985657,3.30858517490506,3.127861867127779,24.25430450587654
Jagajaga,VIC,-0.1685,0.13369999999999999,-0.04650000000000001,0.031400000000000004,0.0689,0.08810000000000001,JAGAJAGA,Jagajaga,VIC,0.08042739066,-0.03387689426,0.03662300651,-0.5959127908,-0.0125,-0.03412227743,0.24892739066000003,-0.16757689426,0.08312300651000001,-0.6273127908,-0.0814,-0.12222227743000001,0.17127845747095377,0.44393067860491753,0.08276420449430046,0.06285453892643966,0.11389972245543344,0.12527239804795515,0.41354774322662957,0.28076166095562616,0.1478643821083438,0.0490459807883405,0.06019597817617654,0.04858425474488325,24.22692857556758,-16.31690176492914,6.510017761404334,-1.3808558138099163,-5.3703744279256895,-7.668814330307189,24.22692857556758
Wentworth,NSW,0.055099999999999996,-0.0383,-0.011899999999999999,0.0034000000000000002,-0.0407,0.0363,WENTWORTH,Wentworth,NSW,-0.1959448255,0.03864572244,-0.01900793074,-1.137378727,0.2789966336,-0.07,-0.2510448255,0.07694572244,-0.007107930740000002,-1.140778727,0.3196966336,-0.1063,0.4000987257132512,0.28388298278724877,0.11334063576027807,0.06404901826664358,0.042990527274658914,0.09563811019791932,0.1582553024157924,0.38387032753484335,0.11369806513852095,0.04122954204311599,0.27481238554581594,0.028134377321911534,-24.184342329745885,9.998734474759457,0.03574293782428739,-2.2819476223527593,23.182185827115703,-6.750373287600778,24.184342329745885
Kooyong,VIC,-0.0096,-0.0516,0.20170000000000002,-0.0338,-0.07,-0.0381,KOOYONG,Kooyong,VIC,-0.2230590946,0.1040738064,-0.03939408729,-1.973109341,0.2635563432,-0.05313253807,-0.2134590946,0.1556738064,-0.24109408729,-1.939309341,0.3335563432,-0.015032538069999997,0.32742632166095365,0.26389009681217523,0.27866047088316376,0.06142913653524197,0.0224919489395914,0.04610202516887395,0.12814911744867635,0.44922735426392707,0.09526884936176525,0.027193471150205133,0.26081133506731535,0.03934987270811088,-19.92772042122773,18.533725745175182,-18.339162152139853,-3.4235665385036835,23.831938612772397,-0.6752152460763063,23.831938612772397
Fisher,QLD,0.0758,-0.1739,0.138,-0.013500000000000002,-0.07,0.0421,FISHER,Fisher,QLD,-0.1152313526,0.06183985414,-0.01543349483,0.1266571401,0.0902,0.006877211493,-0.1910313526,0.23573985413999998,-0.15343349483000002,0.14015714010000002,0.1602,-0.035222788507,0.4261796768266236,0.1482358237472744,0.23719025344033562,0.06436168125652351,0.023342694249697267,0.10068987047954535,0.22877669323075742,0.3839326657264835,0.10963540419429453,0.07052984212916812,0.1308141950383288,0.07631119968096763,-19.74029835958662,23.56968419792091,-12.75548492460411,0.6168160872644601,10.747150078863154,-2.437867079857772,23.56968419792091
Fowler,NSW,0.0755,-0.0325,0.0788,-0.0026,-0.07,-0.0506,FOWLER,Fowler,NSW,0.03256600207,-0.1918945404,-0.05919199144,-0.380591281,0.2540177688,-0.01616130754,-0.042933997929999995,-0.1593945404,-0.13799199144,-0.377991281,0.3240177688,0.03443869246,0.4111306527802111,0.2833306071712451,0.1823151449671917,0.06245105576001214,0.022534472352303964,0.03823806696903597,0.4012461601553504,0.13632893629303097,0.07974039894153942,0.05937751408957025,0.2577487069023098,0.06555828361819922,-0.9884492624860686,-14.700167087821411,-10.257474602565228,-0.30735416704418883,23.52142345500058,2.732021664916325,23.52142345500058
Brand,WA,0.0326,-0.19190000000000002,-0.0592,-0.018500000000000003,0.254,-0.016200000000000003,BRAND,Brand,WA,0.1300056529,-0.1256806651,0.005333969486,0.5877573643,-0.07,0.01037619625,0.0974056529,0.06621933490000001,0.064533969486,0.6062573643,-0.324,0.026576196250000003,0.39775412689787193,0.13492274115790637,0.07921862709602924,0.06677372097631185,0.2565696791754919,0.06476110469638871,0.48110244755199666,0.1981081884448399,0.12859441705401464,0.08890415523625605,0.023247577208068384,0.08004321450482432,8.334832065412472,6.318544728693354,4.93757899579854,2.213043425994421,-23.332210196742352,1.528210980843561,23.332210196742352
Calare,NSW,-0.0761,0.1073,-0.044199999999999996,0.015,-0.0281,0.0332,CALARE,Calare,NSW,-0.224552868,0.01414775048,-0.08423329773,0.2400101762,0.2791533421,0.001470948883,-0.148452868,-0.09315224952000001,-0.04003329773000001,0.22501017620000002,0.3072533421,-0.031729051117,0.26975930072207044,0.43261926745086904,0.08751824742475602,0.06455640112073241,0.05169442581142706,0.09385235747014503,0.13124776553321296,0.36657907706431325,0.059618001676555045,0.0811745768777641,0.2818934024472311,0.07948717640092348,-13.851153518885747,-6.604019038655578,-2.790024574820097,1.6618175757031686,23.019897663580405,-1.436518106922155,23.019897663580405
Riverina,NSW,0.1079,-0.0667,0.0704,-0.022799999999999997,-0.07,-0.0203,RIVERINA,Riverina,NSW,-0.1400977239,0.0605177223,-0.07148404079,0.5287927986,0.0928,0.05800704905,-0.2479977239,0.1272177223,-0.14188404079,0.5515927986,0.1628,0.07830704905,0.43847478703198306,0.2469982972608719,0.17399224863585747,0.06126397806055639,0.02231619314354478,0.056954495867186455,0.20856783090163722,0.39100636970491787,0.06622658223912789,0.08681997649722617,0.13548064251022707,0.1118985981468637,-22.990695613034585,14.400807244404595,-10.776566639672957,2.555599843666978,11.31644493666823,5.494410227967725,22.990695613034585
Cowper,NSW,0.0352,0.0354,-0.043,-0.0168,0.0027,0.0013,COWPER,Cowper,NSW,-0.2171474939,0.05519116582,-0.0758231784,-0.1527682687,0.2177850954,0.02027649557,-0.2523474939,0.019791165819999998,-0.0328231784,-0.13596826869999998,0.21508509539999998,0.01897649557,0.3670235495035163,0.3461767394930348,0.08520471113285583,0.06124281131965812,0.07001353881449963,0.07033864973643537,0.13719310990496297,0.4056871700877747,0.06596064562146757,0.06655182474613913,0.2331844731188053,0.09142277652085035,-22.98304395985533,5.951043059473992,-1.9244065511388255,0.5309013426481012,16.317093430430567,2.108412678441497,22.98304395985533
Bean,ACT,-0.0446,0.16690000000000002,-0.024,-0.0179,-0.07,-0.011899999999999999,BEAN,Bean,ACT,0.07154659202,-0.08077156767,-0.01387013145,-3.844269812,0.1506701071,-0.07,0.11614659202,-0.24767156767000004,0.01012986855,-3.826369812,0.2206701071,-0.058100000000000006,0.28708957338728097,0.4699707557497804,0.09894789282001507,0.06057387446245614,0.02201424023139003,0.061403663349077396,0.4256296787882008,0.24644127331382407,0.11392816211529638,0.010569798314930623,0.17628457904750938,0.02714650842023871,13.854010540091982,-22.352948243595634,1.4980269295281317,-5.000407614752552,15.427033881611935,-3.4257154928838682,22.352948243595634
Dunkley,VIC,-0.18,0.1284,-0.0623,0.0022,0.12689999999999999,0.030699999999999998,DUNKLEY,Dunkley,VIC,0.04758728531,-0.006116455606,-0.008685896896,-0.07500250718,-0.0431,0.014999692,0.22758728531,-0.13451645560599998,0.053614103104,-0.07720250717999999,-0.16999999999999998,-0.015700307999999996,0.16467611333537716,0.45110498889801975,0.07241512944523917,0.06375159421551577,0.15643282922822488,0.09161934487762337,0.38756155898376876,0.3129317393868635,0.11417572617732298,0.06370499596660995,0.04065139053295403,0.08097458895248069,22.28854456483916,-13.817324951115623,4.176059673208381,-0.004659824890582143,-11.578143869527086,-1.0644755925142677,22.28854456483916
Fairfax,QLD,0.1335,-0.0634,0.0259,-0.0194,-0.07,-0.008,FAIRFAX,Fairfax,QLD,-0.09954579281,0.06849020964,-0.01190794071,0.1905832177,0.0615,-0.000601799222,-0.23304579281,0.13189020963999998,-0.03780794071,0.2099832177,0.1315,0.007398200778,0.462716471426301,0.24996364432453977,0.13910288475260416,0.061294027870049915,0.0222916166405938,0.06463135498591141,0.24361183605968076,0.3894648626226299,0.11211389953951843,0.07243971800120191,0.11112899419593818,0.07124068958103084,-21.910463536662025,13.950121829809014,-2.698898521308572,1.1145690131152,8.883737755534437,0.6609334595119434,21.910463536662025
Monash,VIC,-0.1822,0.2116,-0.07139999999999999,0.0616,-0.07,0.0489,MONASH,Monash,VIC,-0.1244327451,0.004894750241,-0.06055731255,0.2892436921,0.1636457559,-0.001003976092,0.057767254899999995,-0.206705249759,0.010842687449999992,0.22764369210000002,0.2336457559,-0.049903976092,0.17020697934681836,0.5605649012121108,0.06820224403897604,0.06866045700415001,0.024042414997901652,0.10832300340004325,0.23188920646576752,0.3446094033993792,0.07764401364058807,0.08030807716533196,0.19038162686121077,0.07516767246772255,6.168222711894916,-21.59554978127316,0.9441769601612027,1.1647620161181953,16.63392118633091,-3.3155330932320703,21.59554978127316
Rankin,QLD,-0.0933,0.0072,-0.037000000000000005,0.032799999999999996,-0.07,0.1588,RANKIN,Rankin,QLD,0.1398019658,-0.1071895717,-0.01318778567,0.1473589287,-0.07,0.04034342717,0.2331019658,-0.1143895717,0.023812214330000005,0.1145589287,0.0,-0.11845657283,0.26846709981717987,0.35170618428605005,0.09922207451216113,0.06920070822538213,0.024559900206538185,0.18684403295268878,0.4826669661774087,0.2134457345541232,0.11157485152886287,0.07130486756407309,0.022852472030787958,0.09815510814474426,21.41998663602288,-13.826044973192687,1.2352777016701746,0.21041593386909585,-0.17074281757502274,-8.868892480794452,21.41998663602288
Macarthur,NSW,-0.073,0.0279,0.1707,-0.0379,-0.07,-0.0192,MACARTHUR,Macarthur,NSW,0.1379784725,-0.08149770783,-0.006228857338,0.2839647449,-0.07,0.0004433971947,0.2109784725,-0.10939770783,-0.17692885733799998,0.3218647449,0.0,0.0196433971947,0.26447972049326623,0.3410803976167982,0.25315725376224457,0.06104250563007228,0.022393362108153257,0.057846760389465283,0.47680359185946675,0.2374173965963069,0.11616152097561269,0.07533722375887068,0.022659989252441566,0.07162027755730148,21.23238713662005,-10.36630010204913,-13.699573278663188,1.42947181287984,0.02666271442883089,1.3773517167836196,21.23238713662005
Cook,NSW,-0.21710000000000002,0.0552,-0.0758,-0.005699999999999999,0.21780000000000002,0.0203,COOK,Cook,NSW,-0.04458825542,0.1668731432,-0.02395226298,-0.3654667733,-0.07,-0.01188760389,0.17251174458000001,0.11167314319999999,0.051847737020000007,-0.3597667733,-0.28780000000000006,-0.03218760389,0.13696241129283507,0.40426041255013867,0.06600033313196832,0.06807901695214091,0.2337189555038991,0.09097887056901788,0.28889921682976444,0.47359561131054945,0.0993707198470527,0.05409590934044552,0.02205718389472752,0.06198135877746047,15.193680553692937,6.9335198760410774,3.3370386715084384,-1.3983107611695398,-21.166177160917158,-2.8997511791557407,21.166177160917158
Nicholls,VIC,0.059000000000000004,-0.1261,0.0096,-0.0066,0.1574,-0.04,NICHOLLS,Nicholls,VIC,-0.1260217344,0.1270152482,-0.05427533664,0.5539265957,0.2022,0.01600386895,-0.1850217344,0.2531152482,-0.06387533664,0.5605265957000001,0.04479999999999998,0.05600386895,0.3972060677971746,0.19156051511418914,0.1284770359575695,0.06267899802565927,0.1748479882991828,0.045229394806224635,0.19454275735304863,0.4012668312219913,0.07009343479321152,0.07666965011071282,0.1840623958054501,0.07336493071558554,-20.266331044412595,20.970631610780217,-5.838360116435799,1.3990652085053554,0.9214407506267314,2.813553590936091,20.970631610780217
Reid,NSW,-0.1159,0.0417,-0.0199,0.039599999999999996,-0.07,0.12300000000000001,REID,Reid,NSW,0.1276984415,0.004734559659,-0.01215436488,-1.045910719,-0.0421,-0.03634834613,0.2435984415,-0.036965440341,0.00774563512,-1.0855107190000002,0.027900000000000008,-0.15934834613,0.24360711029252521,0.38770325495376096,0.11353375109956525,0.06919045211066098,0.02447832755801889,0.16148710398546873,0.4524370583547689,0.31403288991198924,0.10805704388259144,0.0389466578125278,0.040072563468105026,0.046453786570017475,20.882994806224367,-7.367036504177172,-0.5476707216973811,-3.0243794298133184,1.5594235910086136,-11.503331741545125,20.882994806224367
Aston,VIC,0.2006,-0.1476,0.0966,-0.0301,-0.07,-0.051,ASTON,Aston,VIC,0.02004097693,0.06169212988,-0.005068954656,-0.6228579223,-0.0313,-0.0118994538,-0.18055902307,0.20929212988,-0.10166895465600001,-0.5927579223,0.038700000000000005,0.039100546199999996,0.5223161377891092,0.165710264620069,0.19231270385754107,0.060385773721793844,0.022071636014800944,0.03720348399668589,0.35343103054825237,0.37354904331086897,0.11478095604525247,0.048216411237084054,0.04760656247218848,0.062415996386353735,-16.888510724085688,20.783877869079998,-7.75317478122886,-1.216936248470979,2.553492645738754,2.5212512389667845,20.783877869079998
Forrest,WA,0.11599999999999999,-0.0636,0.0447,-0.0078000000000000005,-0.07,-0.0208,FORREST,Forrest,WA,-0.1026207836,0.01362809078,-0.02937196376,0.2653994351,0.1104,0.03153732216,-0.21862078359999998,0.07722809078000001,-0.07407196376,0.2731994351,0.1804,0.05233732216,0.45039057970047464,0.2523309559496519,0.15533985903767797,0.06226035487448396,0.022520409084653237,0.05715784135305843,0.24448120233891582,0.3396463950664142,0.09978479630069109,0.07622110219109547,0.14633509340368686,0.09353141069919653,-20.590937736155883,8.731543911676232,-5.555506273698688,1.396074731661151,12.381468431903363,3.63735693461381,20.590937736155883
Wills,VIC,0.0027,0.0063,-0.0089,0.0034999999999999996,0.0636,-0.0373,WILLS,Wills,VIC,0.0173062545,-0.1909461844,0.2252656291,-0.6584816534,-0.07,0.04495235241,0.014606254499999999,-0.1972461844,0.2341656291,-0.6619816533999999,-0.1336,0.08225235241000001,0.3414766648164798,0.32315500993197027,0.11366179084017917,0.06289158368249716,0.1119215470716627,0.04689340365721094,0.37398671988014925,0.13340437007838246,0.31355609380267635,0.05054020510462563,0.023683662739865153,0.10482894839430114,3.251005506366944,-18.97506398535878,19.989430296249715,-1.2351378577871523,-8.823788433179756,5.79355447370902,19.989430296249715
Bonner,QLD,0.1547,-0.1479,-0.0374,-0.0288,0.0874,0.0079,BONNER,Bonner,QLD,0.02967194317,0.0500812978,0.01287580217,-0.3749242521,-0.07,-0.006360384336,-0.12502805683,0.1979812978,0.05027580217,-0.34612425210000003,-0.1574,-0.014260384336,0.48242424624291724,0.1668022511636354,0.08960380364317024,0.06092786822446219,0.12572416468481656,0.0745176660409984,0.3642001268580973,0.3635893696693999,0.12926978812641987,0.054456816909230384,0.022303916830061703,0.06617998160679078,-11.822411938481997,19.678711850576452,3.9665984483249637,-0.6471051315231804,-10.342024785475486,-0.8337684434207613,19.678711850576452
New England,NSW,-0.195,0.0776,-0.037599999999999995,-0.0379,0.2483,-0.0545,NEW ENGLAND,New England,NSW,-0.1383934283,0.1906957917,-0.04416537483,0.5353165937,-0.03369455993,-0.01167614827,0.0566065717,0.1130957917,-0.006565374830000005,0.5732165937,-0.28199455993,0.04282385173,0.15289189499582567,0.40815386842411455,0.09417421705910577,0.06387417705489858,0.2437240938525239,0.03718174861353151,0.2050954027471488,0.512411390879404,0.08636758219946906,0.08492625392917867,0.047140567151287595,0.06405880309351183,5.220350775132313,10.425752245528946,-0.7806634859636702,2.1052076874280097,-19.65835267012363,2.6877054479980322,19.65835267012363
Grey,SA,0.0855,-0.0406,-0.018600000000000002,0.005,-0.07,0.0373,GREY,Grey,SA,-0.1183553241,0.04703962514,-0.06081574812,0.4227878876,0.09515696686,0.007787239079,-0.2038553241,0.08763962514,-0.04221574811999999,0.4177878876,0.16515696686,-0.029512760921,0.4290052630531902,0.28060324859506625,0.10757656486561437,0.06388139697703432,0.022968750720531044,0.09596477578856386,0.2350879432018849,0.38437226536789215,0.07639456485536926,0.08428385417898612,0.13975177795269106,0.08010959444317645,-19.39173198513053,10.376901677282591,-3.118200001024511,2.04024572019518,11.678302723216001,-1.585518134538741,19.39173198513053
Holt,VIC,-0.09609999999999999,0.0701,-0.0072,-0.014199999999999999,0.0311,0.0172,HOLT,Holt,VIC,0.09910936977,-0.06630756847,-0.01669647853,0.2462684108,-0.07,0.03525158665,0.19520936976999997,-0.13640756847,-0.00949647853,0.2604684108,-0.10110000000000001,0.01805158665,0.2494546132028343,0.3943456149831423,0.11728408988911382,0.06360742695803887,0.09198549214847372,0.0833227628183969,0.4430333112418814,0.2552776163707311,0.10896881042608592,0.07480046006182932,0.022895347631090208,0.09502445426838202,19.35786980390471,-13.90679986124112,-0.8315279463027903,1.1193033103790453,-6.909014451738352,1.1701691449985119,19.35786980390471
Mayo,SA,-0.1051,0.1012,-0.0206,0.0013,0.0173,0.0241,MAYO,Mayo,SA,-0.1370417588,-0.08328570961,0.009485713601,-0.1030034371,-0.07,0.2846349064,-0.0319417588,-0.18448570961,0.030085713601,-0.1043034371,-0.0873,0.2605349064,0.23870856487487882,0.42283407903617926,0.1056939709077688,0.06360493017134157,0.08197933958339818,0.08717911542643346,0.22592874945315078,0.2588755860411789,0.1413357190389761,0.06909861254924624,0.02489609789401639,0.27986523502343164,-1.277981542172804,-16.395849299500036,3.5641748131207294,0.5493682377904665,-5.708324168938178,19.268611959699815,19.268611959699815
Fadden,QLD,-0.2041,0.09759999999999999,-0.0471,-0.0436,0.2412,-0.0432,FADDEN,Fadden,QLD,-0.07938091579,0.09091544376,-0.02561865356,0.329118172,-0.03621614034,0.02987665618,0.12471908421,-0.006684556239999986,0.021481346440000004,0.372718172,-0.27741614034,0.07307665618,0.14279814487479467,0.4262253206210678,0.08587351391189489,0.0633245234906576,0.2373884685014236,0.0443900286001613,0.2661115808357747,0.41601403194021136,0.10215354559425903,0.07799069436177206,0.045895643109174336,0.09183450415880863,12.331343596098002,-1.0211288680856467,1.6280031682364138,1.466617087111445,-19.149282539224927,4.744447555864733,19.149282539224927
Macquarie,NSW,-0.1139,0.1552,-0.0313,-0.0083,-0.07,0.0669,MACQUARIE,Macquarie,NSW,0.08362749077,-0.001341763138,-0.005029561096,0.3064079801,-0.07,-0.02904507315,0.19752749076999998,-0.156541763138,0.026270438904,0.31470798009999995,0.0,-0.09594507315,0.22872637579499092,0.47468674404041855,0.0965929283622849,0.06297622982752298,0.022784683061698834,0.11423303891308402,0.4192111721958532,0.31480950442039357,0.1160062446744427,0.07540462607772111,0.022445664083925756,0.05212278854766368,19.048479640086228,-15.987723962002498,1.94133163121578,1.2428396250198135,-0.033901897777307774,-6.211025036542034,19.048479640086228
Fremantle,WA,-0.0006,0.0793,-0.0076,-0.0408,-0.009000000000000001,-0.009399999999999999,FREMANTLE,Fremantle,WA,0.05904719475,-0.1261255704,0.009618393224,-0.152673252,0.1574,-0.03996146823,0.05964719475,-0.20542557039999998,0.017218393224,-0.111873252,0.16640000000000002,-0.03056146823,0.325702399831312,0.3811778288180001,0.11043907154454553,0.05931677479496877,0.061048412337789806,0.06231551267338369,0.3980773759137408,0.19221975954003737,0.12845598071475423,0.061302842705142885,0.1744600406007382,0.04548400052558661,7.237497608242882,-18.895806927796276,1.8016909170208693,0.19860679101741177,11.34116282629484,-1.683151214779708,18.895806927796276
Fraser,VIC,0.0025,0.0663,0.0027,-0.035,-0.0012,-0.0216,FRASER,Fraser,VIC,0.08414706561,-0.1401435752,0.1146561016,-0.3717511547,-0.07,0.02720829813,0.08164706561,-0.2064435752,0.11195610160000001,-0.33675115469999994,-0.0688,0.04880829813,0.3299526717827221,0.37019675347877334,0.11876592101579522,0.059717766841057215,0.06633447099289422,0.055032415888757846,0.43174920132534317,0.1819758629065883,0.21617964382358829,0.05645844547552366,0.023089033996260187,0.09054781247269622,10.179652954262108,-18.822089057218506,9.741372280779306,-0.32593213655335573,-4.324543699663403,3.5515396583938372,18.822089057218506
Mallee,VIC,0.004,0.0379,-0.0301,0.0345,-0.07,0.0223,MALLEE,Mallee,VIC,-0.1685403595,0.13371921,-0.04653276433,0.4330403911,0.0689,0.08808888567,-0.1725403595,0.09581921,-0.01643276433,0.39854039109999995,0.13890000000000002,0.06578888567,0.3549403331748296,0.3672353992492551,0.10032700424289212,0.06607935528005525,0.023433475535424346,0.08798443251754345,0.1684405202431268,0.4373461564315992,0.08119507320837939,0.07787305718415287,0.11155777484186714,0.12358741809087462,-18.649981293170278,7.011075718234411,-1.913193103451273,1.179370190409762,8.81242993064428,3.5602985573331165,18.649981293170278
Capricornia,QLD,0.1093,-0.1242,0.0946,-0.0102,-0.07,-0.0070999999999999995,CAPRICORNIA,Capricornia,QLD,-0.03131575203,0.04499207027,-0.06101410594,1.040126361,-0.07,0.02309170062,-0.14061575202999999,0.16919207027,-0.15561410594,1.050326361,0.0,0.030191700619999998,0.4522887110022482,0.19592514491093457,0.19834673437482178,0.06337237231272264,0.02294840935599562,0.06711862804327719,0.3220951656374939,0.3786478239373643,0.07551736103546644,0.1105755618735625,0.023553135587849994,0.08961095192826292,-13.019354536475431,18.272267902642973,-12.282937333935534,4.720318956083987,0.06047262318543724,2.249232388498573,18.272267902642973
Kingsford Smith,NSW,-0.031400000000000004,0.0233,0.1402,-0.0359,-0.07,-0.0277,KINGSFORD SMITH,Kingsford Smith,NSW,0.1585932968,-0.05774009402,0.01895180668,-0.1555265719,-0.0368,-0.07,0.18999329680000002,-0.08104009402000001,-0.12124819331999999,-0.11962657189999999,0.03320000000000001,-0.042300000000000004,0.3028352447377828,0.3343332583682773,0.22775895302735774,0.060697812441781365,0.022246055401249146,0.052128676023551715,0.484056570377029,0.2543767691239078,0.13257822319653978,0.05974561028227603,0.04369994913510263,0.0255428778851447,18.12213256392462,-7.995648924436955,-9.518072983081796,-0.09522021595053387,2.1453893733853486,-2.6585798138407015,18.12213256392462
Swan,WA,-0.1184,0.047,-0.0608,0.03,0.09519999999999999,0.0078000000000000005,SWAN,Swan,WA,0.0792024013,-0.0468730057,0.04671772487,-0.3417698024,-0.07,0.00454490232,0.1976024013,-0.0938730057,0.10751772487,-0.3717698024,-0.1652,-0.00325509768,0.23914580707444796,0.39045757094434314,0.07792490426842952,0.06836324017135145,0.14283501379069632,0.08127346375073169,0.417877169952957,0.2715139832967107,0.15784133094388308,0.056069936712829,0.022607306485274717,0.07409027260834548,17.8731362878509,-11.894358764763242,7.9916426675453565,-1.2293303458522455,-12.022770730542161,-0.7183191142386205,17.8731362878509
Hughes,NSW,-0.1329,0.20149999999999998,-0.037200000000000004,0.0712,-0.07,-0.034,HUGHES,Hughes,NSW,0.0216087975,0.04650015387,-0.02044363396,-0.4236564692,-0.07,0.03696677603,0.1545087975,-0.15499984612999998,0.016756366040000005,-0.4948564692,0.0,0.07096677603000001,0.21861462612495927,0.5425666269209078,0.0956739114925828,0.06805187473183746,0.02372272102574159,0.051370239703971,0.3604006411304229,0.36412117846685205,0.10439096111707355,0.05381580767548559,0.02255587181256621,0.09471553979759954,14.178601500546364,-17.84454484540558,0.8717049624490756,-1.4236067056351873,-0.11668492131753812,4.3345300093628545,17.84454484540558
Maribyrnong,VIC,-0.10980000000000001,0.050300000000000004,-0.020499999999999997,-0.0096,0.07730000000000001,0.045700000000000005,MARIBYRNONG,Maribyrnong,VIC,0.07550578028,-0.03254447939,0.07878198333,-0.1239243603,-0.07,-0.0506,0.18530578028,-0.08284447939,0.09928198332999999,-0.1143243603,-0.14730000000000001,-0.0963,0.234432556227427,0.3721347702701978,0.10594990008450035,0.06338642593212467,0.12278125154108696,0.1013150959446633,0.41147509291487977,0.2839438629685799,0.18202256442536066,0.06171778034432281,0.022456366596255294,0.038384332750601775,17.704253668745277,-8.819090730161793,7.607266434086031,-0.16686455878018522,-10.032488494483166,-6.293076319406151,17.704253668745277
O'Connor,WA,0.07919999999999999,-0.046900000000000004,0.0467,-0.015,-0.07,0.0045000000000000005,O'CONNOR,O'Connor,WA,-0.1158847839,0.04169818744,-0.01989101088,0.53469652,-0.07,0.122981187,-0.1950847839,0.08859818744,-0.06659101088,0.54969652,0.0,0.118481187,0.41527583517122896,0.2693956517198968,0.15721500154213872,0.06216934828071683,0.022563420094420732,0.0733807431915979,0.23826700788503952,0.3797443515098164,0.11078429253411766,0.08896928727177418,0.023837531939567783,0.15839752885968447,-17.700882728618943,11.034869978991956,-4.643070900802106,2.679993899105735,0.1274111845147051,8.501678566808657,17.700882728618943
Fenner,ACT,0.009300000000000001,-0.011399999999999999,0.1431,-0.036000000000000004,-0.07,-0.055,FENNER,Fenner,ACT,0.1836199185,-0.09376613381,0.04275592844,-3.8509677,-0.07,-0.01028471311,0.1743199185,-0.08236613381,-0.10034407156,-3.8149677,0.0,0.04471528689,0.3453903117391211,0.3032830526964806,0.23225286482737215,0.06128534084127978,0.022462439950107396,0.03532598994563891,0.5220516992637667,0.22521807317054046,0.15513601720434095,0.010184994106394377,0.022670676114396934,0.06473854014056063,17.666138752464562,-7.806497952594013,-7.71168476230312,-5.110034673488541,0.020823616428953737,2.941255019492172,17.666138752464562
Watson,NSW,0.012,0.0199,-0.042,0.0077,0.0137,-0.0105,WATSON,Watson,NSW,0.1546573539,-0.1478946332,-0.03735177524,-0.6735820334,0.0874,0.007855140401,0.14265735389999998,-0.1677946332,0.00464822476,-0.6812820334,0.0737,0.018355140401000003,0.3576205241172722,0.3434462126148115,0.08921537415642838,0.06427815396995572,0.08014499729990825,0.06529473784162397,0.4893712234461107,0.16947701099803403,0.09072631458634532,0.047631516239011094,0.12699874937746558,0.07579518535303324,13.175069932883854,-17.39692016167775,0.15109404299169377,-1.6646637730944622,4.685375207755733,1.0500447511409272,17.39692016167775
Franklin,TAS,0.02,0.0617,-0.0051,-0.027200000000000002,-0.0313,-0.011899999999999999,FRANKLIN,Franklin,TAS,0.04378537051,-0.1198069217,-8.861068243e-05,-0.3464729446,0.1942,-0.03945,0.023785370509999997,-0.1815069217,0.0050113893175700005,-0.3192729446,0.2255,-0.027549999999999998,0.34900120933519857,0.3683652668847172,0.11359801072258224,0.06036199612062256,0.047217543456112974,0.061455973480766445,0.38185397948104466,0.1979163722478471,0.12038328460370533,0.05577253595516821,0.19840566056383163,0.04566816714840299,3.285277014584609,-17.04488946368701,0.6785273881123086,-0.4589460165454348,15.118811710771865,-1.5787806332363457,17.04488946368701
Makin,SA,-0.048600000000000004,0.062400000000000004,-0.0535,0.060899999999999996,-0.0458,0.0254,MAKIN,Makin,SA,0.1337879319,-0.08064087595,-0.0007170987678,0.02923963438,-0.07,0.01414241908,0.1823879319,-0.14304087595,0.0527829012322,-0.03166036561999999,-0.024200000000000006,-0.01125758092,0.31012649857538543,0.4036824286790171,0.08345841241459431,0.06880528718051664,0.041327635349504746,0.09259973780098173,0.4719607515712236,0.23791839309199136,0.12035737674288736,0.06681185818757582,0.022625903337503646,0.08032571706881822,16.183425299583813,-16.576403558702573,3.6898964328293054,-0.19934289929408183,-1.87017320120011,-1.2274020732163506,16.576403558702573
Brisbane,QLD,0.1494,-0.0381,-0.0226,-0.0159,-0.0463,-0.024,BRISBANE,Brisbane,QLD,-0.03137758364,0.02328815748,0.1401948113,-0.9348321176,-0.07,-0.02767063411,-0.18077758364000002,0.06138815748,0.1627948113,-0.9189321175999999,-0.023700000000000006,-0.003670634110000001,0.47428024597994484,0.2726035968879925,0.10048274404475593,0.06090752960524934,0.037595125243670084,0.05413075823838716,0.30879442346851227,0.341385796130553,0.2316745802943245,0.04223132855373758,0.02258496516541831,0.05332890638745429,-16.548582251143255,6.878219924256046,13.119183624956857,-1.8676201051511756,-1.5010160078251775,-0.08018518509328651,16.548582251143255
Bruce,VIC,-0.0202,0.0862,-0.030299999999999997,0.0036,-0.07,0.0208,BRUCE,Bruce,VIC,0.09980918726,-0.07634745374,-0.007351721099,0.1812151785,-0.07,0.03994887437,0.12000918726,-0.16254745374000001,0.022948278900999996,0.1776151785,0.0,0.01914887437,0.3228999142512241,0.4076150057503133,0.09789805983656862,0.06365839403103148,0.022903568770281883,0.08502505736058073,0.4442407350336978,0.24538464767379298,0.1166009732185956,0.07265677444682775,0.022921674895448378,0.09819519473163743,12.13408207824737,-16.223035807652032,1.8702913382026982,0.8998380415796272,0.0018106125166495596,1.3170137371056698,16.223035807652032
Burt,WA,0.0216,0.04650000000000001,-0.0204,-0.0161,-0.07,0.037000000000000005,BURT,Burt,WA,0.1342725798,-0.122430961,-0.01216143595,0.3512439048,-0.0509,0.02643140611,0.1126725798,-0.16893096100000002,0.008238564050000001,0.3673439048,0.019100000000000006,-0.010568593890000005,0.3574851867749198,0.36064488486376595,0.10382709275095621,0.061880790752563225,0.022470262973153347,0.09369178188464139,0.4815828003374008,0.1998603103605239,0.11343658352184956,0.0791056570162841,0.036075006103699694,0.08993964266024201,12.4097613562481,-16.078457450324205,0.9609490770893347,1.722486626372087,1.3604743130546346,-0.37521392243993756,16.078457450324205
Wright,QLD,0.0873,-0.009300000000000001,-0.0182,0.0207,-0.0233,-0.0194,WRIGHT,Wright,QLD,-0.0964769522,0.03544427965,-0.02208149635,1.072107813,-0.07,0.05452278065,-0.1837769522,0.04474427965,-0.0038814963499999994,1.051407813,-0.046700000000000005,0.07392278064999999,0.41859766683992194,0.3034001291977249,0.10484258688276431,0.06253004351889664,0.053102594834759154,0.057526978725932924,0.2610450135240529,0.37696900773570313,0.11007071379725315,0.11468911854859459,0.024081782716053934,0.11314436367834227,-15.755265331586903,7.356887853797822,0.5228126914488845,5.215907502969795,-2.902081211870522,5.5617384952409346,15.755265331586903
Macnamara,VIC,-0.0313,0.045,-0.061,0.0928,-0.07,0.0231,MACNAMARA,Macnamara,VIC,0.00928461849,-0.01138837031,0.1430989486,-0.9766875806,-0.07,-0.0549787583,0.04058461849,-0.05638837031,0.2040989486,-1.0694875806000002,0.0,-0.0780787583,0.33642417860216156,0.3948910539198229,0.07907085078551641,0.07158955386565671,0.0247056108749807,0.0933187519518616,0.35255609434321233,0.3100633129274745,0.23652388913971276,0.04184315326281463,0.02283117117717511,0.036182379149610665,1.6131915741050773,-8.482774099234835,15.745303835419634,-2.9746400602842082,-0.18744396978055897,-5.713637280225093,15.745303835419634
Herbert,QLD,0.0352,0.013000000000000001,0.023799999999999998,-0.0302,-0.0288,-0.0062,HERBERT,Herbert,QLD,-0.1139023585,0.1552239427,-0.03133433637,-0.1507184926,-0.07,0.06685645738,-0.1491023585,0.1422239427,-0.055134336369999995,-0.1205184926,-0.04120000000000001,0.07305645738,0.36546696534708195,0.3228718268621348,0.13660166649479635,0.060601549651879166,0.04910725819943173,0.06535073344467598,0.22888673578686553,0.475758707992901,0.09640724101610984,0.061615196103653506,0.022703151792732287,0.11462896730773792,-13.658022956021643,15.28868811307662,-4.0194425478686515,0.10136464517743402,-2.6404106406699444,4.927823386306193,15.28868811307662
Bennelong,NSW,0.1335,-0.113,-0.045899999999999996,-0.026699999999999998,0.1149,-0.020099999999999996,BENNELONG,Bennelong,NSW,0.07971145594,0.03681527064,-0.007969199177,-1.098812325,-0.07,-0.0007583296907,-0.05378854406000001,0.14981527064,0.037930800822999995,-1.072112325,-0.1849,0.019341670309299997,0.45846519202088587,0.19945557945080677,0.08235498647076774,0.06052360076859439,0.14270687995368525,0.05649376133525994,0.40996913347276276,0.3481197227708786,0.11221103411490586,0.038286490659652984,0.022152932258177074,0.0692606867236228,-4.849605854812311,14.866414332007183,2.9856047644138126,-2.223711010894141,-12.055394769550817,1.2766925388362862,14.866414332007183
Richmond,NSW,-0.1026,0.013600000000000001,-0.0294,0.0181,0.1104,0.0315,RICHMOND,Richmond,NSW,-0.04069200015,-0.08519597721,0.1395960153,-1.291473893,-0.07,0.05614924727,0.06190799985,-0.09879597721,0.1689960153,-1.309573893,-0.1804,0.02464924727,0.2472742389686979,0.3429553779838766,0.10113073210885898,0.06572400100798792,0.14863133569541523,0.09428431423516337,0.32251026626537244,0.25071231062336335,0.24884644093822456,0.038287541844584855,0.024308707337626488,0.11533473299082837,7.523602729667453,-9.224306736051325,14.771570882936558,-2.7436459163403066,-12.432262835778873,2.1050418755665006,14.771570882936558
Griffith,QLD,0.0876,-0.0702,0.0184,0.0023,-0.0449,0.0076,GRIFFITH,Griffith,QLD,-0.009571710466,-0.0516367915,0.2016619472,-0.8582995912,-0.07,-0.03807994918,-0.097171710466,0.018563208499999997,0.1832619472,-0.8605995912,-0.025100000000000004,-0.045679949180000005,0.4312731679801829,0.25078658833478423,0.13735945269483904,0.06382709641767564,0.04001316371084674,0.07674053086167153,0.3335350062974928,0.26915552783025887,0.2831382569680901,0.04424777127167717,0.022811441032419753,0.04711199660006146,-9.773816168269011,1.8368939495474634,14.577880427325104,-1.9579325145998472,-1.7201722678426987,-2.9628534261610064,14.577880427325104
Lingiari,NT,-0.0794,0.0909,-0.0256,0.0212,-0.0362,0.029900000000000003,LINGIARI,Lingiari,NT,0.08731609397,-0.009263990182,-0.01821048387,0.2985759274,-0.0233,-0.0194171108,0.16671609396999998,-0.10016399018199999,0.007389516130000003,0.2773759274,0.012900000000000002,-0.04931711080000001,0.2698121903861423,0.42118377379785116,0.1038407070465855,0.0655593420492073,0.04674871107507807,0.09285527564513567,0.413633337145056,0.30027408416680523,0.10334393356762366,0.07350029365797464,0.05224595732670192,0.057002394135838554,14.382114675891373,-12.090968963104592,-0.04967734789618483,0.7940951608767344,0.5497246251623851,-3.5852881509297116,14.382114675891373
Maranoa,QLD,-0.1691,0.08869999999999999,-0.06559999999999999,0.0351,0.1263,-0.0146,MARANOA,Maranoa,QLD,-0.1821885261,0.2116198363,-0.07136353993,0.7767856566,-0.07,0.04885664802,-0.013088526099999997,0.12291983630000002,-0.005763539930000006,0.7416856566,-0.1963,0.06345664801999999,0.18685311596552995,0.43755430408471846,0.0742724772188705,0.06892222928622445,0.16610494569280246,0.06629292775185432,0.16493017698863402,0.543980469556134,0.06595757958894272,0.09669271264639434,0.023195552318387852,0.10524350890150702,-2.1922938976895927,10.642616547141554,-0.8314897629927778,2.777048336016989,-14.290939337441461,3.8950581149652703,14.290939337441461
Hume,NSW,-0.1244,0.0049,-0.060599999999999994,0.0183,0.1636,-0.001,HUME,Hume,NSW,-0.07614427675,0.1072871364,-0.04424693366,0.2368718664,-0.0281,0.03324450521,0.04825572324999999,0.1023871364,0.016353066339999993,0.21857186639999998,-0.19169999999999998,0.03424450521,0.2348225763776844,0.34840174341727365,0.07876308809608111,0.06857198879874345,0.1935581212341713,0.07588248207604617,0.2668576980080628,0.42866327062166915,0.08635025139610814,0.07403587417050081,0.05092754536057163,0.09316536044308761,3.203512163037842,8.02615272043955,0.7587163300027024,0.5463885371757362,-14.263057587359967,1.728287836704144,14.263057587359967
Forde,QLD,0.08410000000000001,-0.1401,0.11470000000000001,-0.0173,-0.07,0.027200000000000002,FORDE,Forde,QLD,-0.01372463034,-0.005295006045,-0.01192431182,0.5136971297,-0.03761175951,0.03274368781,-0.09782463034000001,0.134804993955,-0.12662431182,0.5309971297,0.032388240490000005,0.005543687809999996,0.42850627294767335,0.18040326168513288,0.21511999645971758,0.06335024188137636,0.023016782159401134,0.08960344486669895,0.33622111033441704,0.32247790666906,0.11470735104154749,0.08606530497512635,0.045555666793163904,0.09497266018668514,-9.22851626132563,14.207464498392714,-10.041264541817009,2.271506309374999,2.253888463376277,0.5369215319986187,14.207464498392714
Sturt,SA,-0.1198,0.1671,-0.0424,0.0175,-0.0118,-0.0098,STURT,Sturt,SA,0.0006353259431,0.03752692744,0.0359846385,-0.6580302788,-0.0009,-0.03134061996,0.1204353259431,-0.12957307256,0.07838463849999999,-0.6755302787999999,0.0109,-0.021540619960000004,0.22564061074859645,0.4925975594749048,0.0888245765799161,0.06452423171637618,0.06271238126924188,0.06570064021096458,0.33591370145526644,0.3510836452664995,0.14728664840902278,0.047591022199378816,0.06780311685343889,0.050321865816393606,11.027309070666998,-14.15139142084053,5.846207182910668,-1.6933209516997367,0.5090735584197009,-1.5378774394570978,14.15139142084053
Dobell,NSW,-0.0407,-0.0852,0.1396,-0.0208,-0.07,0.056100000000000004,DOBELL,Dobell,NSW,0.08758702781,-0.03515848279,-0.02350782823,0.4340795846,-0.07,0.01014964033,0.12828702781,0.05004151721,-0.16310782823,0.4548795846,0.0,-0.04595035967,0.3134967099907698,0.2433437070160804,0.24247089640330285,0.06521090148637948,0.023731672160685436,0.11174611294278218,0.42937754050060034,0.2853984041413457,0.10298128639220773,0.08117683293035337,0.02277985846857895,0.07828607756691397,11.588083050983055,4.20546971252653,-13.948961001109511,1.5965931443973889,-0.0951813692106486,-3.346003537586821,13.948961001109511
Groom,QLD,-0.0341,0.0785,0.0021,0.0098,-0.07,0.0123,GROOM,Groom,QLD,-0.1690627332,0.08870099498,-0.0656289092,0.5023169269,0.1262991145,-0.01463444118,-0.13496273320000002,0.010200994980000003,-0.0677289092,0.4925169269,0.1962991145,-0.02693444118,0.3093876938284084,0.40021726547158154,0.12396725130401227,0.0639013685723912,0.022924388579190144,0.07960203224441645,0.1831377514626351,0.4294056422737072,0.07258515867371193,0.08766952255588828,0.16206942834202415,0.06513249669203337,-12.624994236577331,2.918837680212566,-5.138209263030034,2.3768153983497076,13.914503976283399,-1.4469535552383075,13.914503976283399
La Trobe,VIC,0.0702,-0.052000000000000005,0.09230000000000001,-0.0298,-0.07,-0.012199999999999999,LA TROBE,La Trobe,VIC,-0.03413342469,0.07853732025,0.002061048756,0.1515169598,-0.07,0.0122780294,-0.10433342469,0.13053732025,-0.09023895124400001,0.18131695979999998,0.0,0.024478029399999997,0.4020308395012731,0.2614397204464845,0.19109036731129414,0.06106449974589259,0.022316581070254127,0.06205799192480157,0.30694009337487355,0.3977248661789978,0.12267986960033375,0.07080374814921984,0.022647971690645682,0.07920345100592928,-9.509074612639957,13.628514573251332,-6.8410497710960385,0.9739248403327252,0.033139062039155495,1.714545908112771,13.628514573251332
Solomon,NT,0.1338,-0.0806,-0.0007000000000000001,0.002,-0.07,0.0141,SOLOMON,Solomon,NT,0.00274664477,0.006320172959,-0.008863882421,0.06135363049,0.0636,-0.03732069267,-0.13105335523,0.08692017295900001,-0.008163882421,0.059353630489999996,0.1336,-0.051420692670000004,0.47380966781718215,0.23852887515912238,0.12112398697391766,0.06335574683808558,0.022811753256809966,0.08036996995488224,0.33995642442130264,0.32217425677743006,0.1129032270523046,0.06723013592613,0.11093079674737658,0.04680515907545604,-13.385324339587951,8.364538161830767,-0.8220759921613058,0.3874389088044425,8.811904349056661,-3.35648108794262,13.385324339587951
Barker,SA,-0.1441,0.0665,-0.0501,-0.0452,0.175,-0.0323,BARKER,Barker,SA,-0.119838765,0.1671005455,-0.04243076467,0.2749380537,-0.01175848603,-0.009789893666,0.024261235000000006,0.1006005455,0.007669235329999996,0.32013805370000004,-0.18675848602999998,0.022510106334000003,0.2058596441963994,0.39921512703288703,0.0844595225326329,0.06405843361590197,0.1942139457713261,0.05219332685085253,0.22294028248867015,0.487514424408733,0.08754597842236804,0.07513788997468375,0.061734694828700434,0.0651267298768446,1.7080638292270744,8.829929737584596,0.30864558897351346,1.1079456358781783,-13.24792509426257,1.2933403025992072,13.24792509426257
Werriwa,NSW,0.07150000000000001,-0.0808,-0.0139,-0.225,0.1507,-0.07,WERRIWA,Werriwa,NSW,0.06351429052,-0.01949583172,-0.02207565629,-0.4204567578,-0.0472,0.04762027701,-0.007985709480000006,0.06130416828,-0.00817565629,-0.19545675780000002,-0.1979,0.11762027701000001,0.4058108117395766,0.23461337863686924,0.10886772606640481,0.056061729988861546,0.16883838235798232,0.025807971210305477,0.40312110738122486,0.29941233429065467,0.10350959875613569,0.054111133377945965,0.03789504199234651,0.10195078420169235,-0.2689704358351752,6.479895565378543,-0.5358127310269121,-0.1950596610915581,-13.094334036563582,7.614281299138686,13.094334036563582
Casey,VIC,0.0375,-0.0297,-0.0462,0.013500000000000002,0.0482,0.0029,CASEY,Casey,VIC,-0.09609476899,0.07005493123,-0.007202947387,-0.2945947349,0.03108134309,0.0171927015,-0.13359476899,0.09975493123000001,0.038997052612999995,-0.3080947349,-0.01711865691,0.014292701500000001,0.3815378014887227,0.29185011845466746,0.08546950394412291,0.06418629966951704,0.10323684360836476,0.07371943283460514,0.25077011282541706,0.39696353654624056,0.11762076540719646,0.058579266805844354,0.09205953719698998,0.08400678121831161,-13.076768866330562,10.51134180915731,3.2151261463073553,-0.5607032863672687,-1.1177306411374779,1.0287348383706472,13.076768866330562
Bullwinkel,WA,0.12210000000000001,-0.056600000000000004,-0.0385,0.0248,0.0256,-0.056900000000000006,BULLWINKEL,Bullwinkel,WA,-0.009914631583,0.03569915921,-0.009846189712,0.2046943702,-0.07,0.03754865856,-0.132014631583,0.09229915921000001,0.028653810288,0.17989437020000001,-0.0956,0.09444865856000001,0.4614421954304498,0.2621659652259089,0.09080448180383364,0.0639237380297521,0.08707198072971903,0.03459163878033661,0.33431119130268394,0.35853829557412414,0.1144281708800239,0.07334606408501615,0.022887883984989442,0.09648839417316254,-12.713100412776585,9.637233034821524,2.3623689076190253,0.9422326055264052,-6.418409674472958,6.189675539282594,12.713100412776585
McPherson,QLD,0.0019,-0.0317,-0.0274,0.0183,-0.07,0.0943,MCPHERSON,McPherson,QLD,-0.1098445945,0.05028325361,-0.02053303888,-0.204811133,0.0773,0.0457440017,-0.1117445945,0.08198325361,0.006866961120000001,-0.22311113300000002,0.1473,-0.04855599829999999,0.3616945545473727,0.30290080201800795,0.10512281187002505,0.06723248767593037,0.02402370235624636,0.13902564153241762,0.23507200942731585,0.3737614719651966,0.10598284001937255,0.06062805161477697,0.12261159932725178,0.10194402764608626,-12.662254512005685,7.086066994718864,0.08600281493475054,-0.6604436061153407,9.858789697100542,-3.7081613886331355,12.662254512005685
Canning,WA,0.0876,-0.0352,-0.0235,0.029500000000000002,-0.07,0.0101,CANNING,Canning,WA,-0.0289048223,0.094914027,-0.03450643536,0.4568004307,-0.07,0.0002807262015,-0.1165048223,0.130114027,-0.011006435359999997,0.42730043069999996,0.0,-0.0098192737985,0.4369002797495807,0.28991383837286727,0.10503549418279992,0.06548782127465966,0.02327805296008368,0.07938451346000878,0.3134809061474348,0.415984453373107,0.09407171055641127,0.08191874657107794,0.022748710467530638,0.07179547288443842,-12.341937360214589,12.607061500023974,-1.0963783626388655,1.6430925296418277,-0.05293424925530421,-0.758904057557036,12.607061500023974
Deakin,VIC,-0.12890000000000001,0.1206,0.0123,-0.0152,-0.0384,0.054000000000000006,DEAKIN,Deakin,VIC,0.002506733142,0.06629157259,0.002709664349,-0.9005694703,-0.0012,-0.02155485382,0.13140673314200002,-0.05430842741,-0.009590335651,-0.8853694703,0.0372,-0.07555485382,0.21434492915877945,0.4408689945450484,0.13160246006794618,0.06289813890463543,0.04413811870250164,0.10614735862108898,0.33604865592402305,0.37758443213557324,0.12068118761654516,0.042171984344193246,0.0672691199846864,0.056244619994978984,12.17037267652436,-6.328456240947516,-1.0921272451401023,-2.0726154560442183,2.3131001282184767,-4.990273862611,12.17037267652436
Page,NSW,-0.009899999999999999,0.035699999999999996,-0.0098,0.015,-0.07,0.0375,PAGE,Page,NSW,-0.1289252579,0.1206269467,0.0123201396,-0.5033316302,-0.0384,0.05395625918,-0.11902525790000001,0.0849269467,0.022120139599999998,-0.5183316302000001,0.03160000000000001,0.016456259180000002,0.33754954005450927,0.3614559494447405,0.11584109401203968,0.06484967935554221,0.023208066295522377,0.09709567083764581,0.21652937944444703,0.44610731706812395,0.13266302536000538,0.05276364071433514,0.04440198870805964,0.10753464870502878,-12.102016061006223,8.465136762338343,1.6821931347965697,-1.2086038641207073,2.1193922412537267,1.0438977867382973,12.102016061006223
Curtin,WA,-0.1388,0.0526,-0.0546,0.0084,0.08220000000000001,0.0848,CURTIN,Curtin,WA,-0.1950225519,0.07761732923,-0.03763050461,-1.068620646,0.2482592389,-0.05451610187,-0.0562225519,0.025017329230000003,0.016969495390000006,-1.077020646,0.16605923890000002,-0.13931610187,0.2108067753047918,0.3839391433308916,0.08056923132974797,0.06554125288028438,0.12929533303441867,0.12984826411986555,0.15655967907004223,0.4186511700954352,0.09619572662564137,0.04190122650055794,0.24850953372649356,0.03818266398182976,-5.424709623474958,3.47120267645436,1.5626495295893397,-2.3640026379726438,11.921420069207489,-9.16656001380358,11.921420069207489
Bendigo,VIC,0.13269999999999998,-0.0731,0.0246,-0.0045000000000000005,-0.07,-0.011200000000000002,BENDIGO,Bendigo,VIC,0.01625934654,0.04196540655,-0.002781622771,-0.1771027284,-0.07,0.01473836841,-0.11644065345999999,0.11506540655,-0.027381622771,-0.1726027284,0.0,0.025938368410000003,0.46797444961872553,0.2435867764364735,0.13989198107788203,0.0625288888343986,0.02258263100962923,0.06343527302289124,0.35637183812870576,0.3608303795249612,0.11875988551386386,0.060668418431974215,0.022633448154831075,0.08073603024566389,-11.160261149001977,11.724360308848771,-2.113209556401817,-0.18604704024243815,0.0050817145201845215,1.7300757222772647,11.724360308848771
Grayndler,NSW,0.09910000000000001,-0.0663,-0.0167,0.0172,-0.07,0.0353,GRAYNDLER,Grayndler,NSW,0.1926492677,-0.1759467694,0.1185749125,-0.606878709,-0.0496,-0.05755628438,0.09354926769999998,-0.10964676940000001,0.1352749125,-0.624078709,0.02040000000000001,-0.09285628438,0.44784556293140854,0.2576783609541038,0.11041127225228398,0.0650174179848487,0.023244163595302986,0.09580322228205193,0.5260848476783839,0.14143991916224205,0.21339918111444303,0.04912710189656007,0.03599698279144601,0.03395196735692466,7.823928474697539,-11.623844179186174,10.298790886215906,-1.5890316088288627,1.2752819196143024,-6.185125492512727,11.623844179186174
McEwen,VIC,-0.0828,0.0929,-0.051100000000000007,0.051,-0.07,0.058499999999999996,MCEWEN,McEwen,VIC,0.03262679724,-0.002181827393,-0.003862659985,0.05090730629,-0.07,0.03921040036,0.11542679723999999,-0.095081827393,0.047237340015000004,-9.269370999999416e-05,0.0,-0.019289599639999995,0.27342092379279176,0.43445269714401014,0.0851719986161602,0.06823972130595683,0.024013704519918095,0.11470095462116292,0.37487974905237004,0.31863190370710615,0.1186584542418184,0.06794737775372453,0.022778589367367538,0.09710392587761323,10.145882525957827,-11.582079343690399,3.348645562565819,-0.029234355223230202,-0.12351151525505574,-1.7597028743549694,11.582079343690399
Dickson,QLD,-0.14429999999999998,0.0942,-0.0645,0.0754,-0.0441,0.08410000000000001,DICKSON,Dickson,QLD,-0.009143133169,0.03752176549,-0.03227531256,-0.3121213355,0.02372044421,-0.00357299678,0.13515686683099998,-0.05667823451000001,0.032224687440000004,-0.3875213355,0.06782044421,-0.08767299678000001,0.21756411361994277,0.4527419936783452,0.07678540104782064,0.07170071240173789,0.044028691877081125,0.13717908737507242,0.3332669371314208,0.3584353119703183,0.09591522877135104,0.05725533896253077,0.08577763182888422,0.06934955133549499,11.570282351147803,-9.430668170802692,1.9129827723530404,-1.4445373439207119,4.17489399518031,-6.782953603957743,11.570282351147803
Oxley,QLD,0.0735,0.027999999999999997,0.0060999999999999995,-0.0246,-0.07,-0.014499999999999999,OXLEY,Oxley,QLD,0.1695577444,-0.09774201828,0.01422816953,-0.07709804807,-0.07,-0.02332892912,0.09605774439999999,-0.12574201827999998,0.00812816953,-0.05249804807,0.0,-0.008828929120000002,0.3999531176994964,0.3355885423760118,0.1221932192359816,0.06041755680049335,0.02202643453999956,0.05982112934801727,0.5058678644641554,0.2202217458340077,0.13186724023012303,0.06340188709743527,0.02256752845709133,0.05607373391718717,10.591474676465907,-11.536679654200412,0.9674020994141428,0.2984330296941923,0.054109391709177,-0.37473954308301016,11.536679654200412
Chifley,NSW,0.0891,-0.0001,-0.0297,0.0096,-0.0394,-0.0254,CHIFLEY,Chifley,NSW,0.1867421002,-0.1186174246,-0.03475638658,-0.07255302646,-0.07,0.02644349654,0.09764210020000001,-0.11851742459999999,-0.005056386579999999,-0.08215302646,-0.03060000000000001,0.05184349654,0.4258390191335267,0.31652507275131003,0.09711955356697126,0.06302028321482397,0.04304565639526408,0.05445041493810393,0.5283681643705789,0.20151434472136096,0.09412701034111765,0.06422100617536015,0.02281040356345189,0.08895907082813025,10.25291452370522,-11.501072802994909,-0.2992543225853614,0.12007229605361797,-2.023525283181219,3.4508655890026314,11.501072802994909
Durack,WA,-0.1401,0.0605,-0.07150000000000001,0.0374,0.0928,0.057999999999999996,DURACK,Durack,WA,-0.0932512278,0.0071783361,-0.03701694652,0.4640533614,-0.07,0.1588235767,0.0468487722,-0.053321663899999996,0.034483053480000005,0.4266533614,-0.1628,0.1008235767,0.2130157951488344,0.3987345991597418,0.06778560838439218,0.06755703658587052,0.13896715857574127,0.1139398021454198,0.263271028354013,0.3453250022712577,0.09704009406389583,0.08662947071359335,0.023976678176982638,0.18375772642025742,5.025523320517861,-5.340959688848413,2.9254485679503643,1.9072434127722833,-11.499048039875863,6.981792427483763,11.499048039875863
Ryan,QLD,0.0006,0.0375,0.036000000000000004,-0.0281,-0.0009,-0.0313,RYAN,Ryan,QLD,-0.07300646421,0.02792875355,0.1707012164,-1.02160405,-0.07,-0.01916485521,-0.07360646421,-0.009571246449999998,0.1347012164,-0.9935040500000001,-0.06910000000000001,0.01213514479,0.3313492395607416,0.3458051170196932,0.14565411782732346,0.060494888037924,0.06717657658918852,0.04952006096512912,0.2701496499262107,0.3489506810102896,0.2579840874493189,0.04085143168965091,0.02277592355532934,0.05928822636920058,-6.119958963453087,0.31455639905964006,11.232996962199543,-1.9643456348273087,-4.440065303385918,0.9768165404071459,11.232996962199543
Boothby,SA,-0.0785,0.10289999999999999,0.0045000000000000005,-0.014499999999999999,0.019299999999999998,-0.040999999999999995,BOOTHBY,Boothby,SA,0.05984361892,0.01072010691,0.04401334019,-0.8155101215,0.0217,-0.03214150986,0.13834361892,-0.09217989308999999,0.039513340189999996,-0.8010101215000001,0.002400000000000003,0.008858490139999994,0.2632634083321116,0.42159018205097115,0.12493058163972773,0.06269637721612899,0.08275203598569679,0.044767414775363785,0.37527292333083173,0.3097024913817368,0.14650075901032789,0.042114738337480036,0.0788851070866876,0.047523980852936076,11.200951499872014,-11.188769066923438,2.157017737060016,-2.0581638878648953,-0.3866928899009192,0.2756566077572291,11.200951499872014
Lilley,QLD,-0.0091,0.0375,-0.0323,-0.0155,0.023700000000000002,-0.0036,LILLEY,Lilley,QLD,0.1096049317,-0.04566783005,0.04364245068,-0.3762257877,-0.07,-0.02066559181,0.1187049317,-0.08316783005,0.07594245068,-0.36072578769999997,-0.0937,-0.017065591810000003,0.3314717649851088,0.35590490463812413,0.09559131540521648,0.06263022333003188,0.08565815705433123,0.06874363458718753,0.44266494890947045,0.269602221367439,0.15362816749172747,0.05453294659353506,0.022348857003430915,0.05722285863439697,11.119318392436167,-8.630268327068514,5.8036852086511,-0.8097276736496816,-6.330930005090033,-1.1520775952790565,11.119318392436167
Mitchell,NSW,-0.1152,0.061799999999999994,-0.0154,0.0084,0.0902,0.0069,MITCHELL,Mitchell,NSW,-0.02747724024,0.1505941241,0.01082166166,-0.3513455421,-0.07,-0.04803259473,0.08772275975999999,0.08879412410000001,0.02622166166,-0.35974554210000004,-0.1602,-0.054932594730000006,0.2303340541709708,0.38587612548658,0.11065362088780815,0.0642771164555804,0.132253684799752,0.07660539819930866,0.3037715016093839,0.4553779123687017,0.12561084958083577,0.05418191896002124,0.02194519412425105,0.03911262335680649,7.343744743841308,6.9501786882121666,1.495722869302761,-1.0095197495559163,-11.030849067550093,-3.7492774842502166,11.030849067550093
Lalor,VIC,0.0297,0.0501,0.0129,-0.0177,-0.07,-0.0064,LALOR,Lalor,VIC,0.08757157951,-0.07019442206,0.01842979836,0.01838102415,-0.04491348354,0.007592722896,0.05787157950999999,-0.12029442205999999,0.005529798359999999,0.03608102415,0.025086516460000007,0.013992722896,0.3617373742644194,0.3605829370330206,0.12870719353956725,0.06121951988112324,0.02224680225549852,0.06550617302637121,0.42974488362857494,0.2502935882383703,0.13658393384001252,0.06698540747859984,0.03969398383095285,0.07669820298348964,6.800750936415556,-11.02893487946503,0.7876740300445273,0.57658875974766,1.744718157545433,1.1192029957118432,11.02893487946503
Braddon,TAS,-0.0275,0.1506,0.0108,-0.0174,-0.07,-0.048,BRADDON,Braddon,TAS,0.01202982362,0.01987557456,-0.04200490379,0.1064673417,0.01372099145,-0.01047922234,0.03952982362,-0.13072442544,-0.052804903789999996,0.1238673417,0.08372099145,0.037520777660000004,0.30192099952322354,0.45196612967422306,0.12513198506417428,0.060292842951346313,0.02190697580279111,0.038781066984241726,0.3554231958662211,0.3417931459534097,0.08844761365777472,0.06992116791726782,0.07931867266769857,0.06509620393762816,5.350219634299758,-11.017298372081335,-3.668437140639956,0.962832496592151,5.741169686490746,2.6315136953386435,11.017298372081335
Canberra,ACT,0.0635,-0.0195,-0.022099999999999998,-0.020099999999999996,-0.0472,0.047599999999999996,CANBERRA,Canberra,ACT,0.133946831,-0.1361655827,0.0881800265,-3.970432742,0.02696268401,-0.05587395884,0.07044683099999999,-0.1166655827,0.11028002649999999,-3.950332742,0.07416268401000001,-0.10347395883999999,0.39990483870366916,0.2965862668905681,0.10290992669170078,0.062017490378923394,0.03775585594642672,0.10082562138871186,0.48295383372696027,0.18649432293885462,0.19522962480970524,0.009800882542637059,0.08943036366682822,0.0360909723150147,8.30489950232911,-11.009194395171349,9.231969811800447,-5.221660783628634,5.16745077204015,-6.473464907369716,11.009194395171349
Blaxland,NSW,0.1277,0.004699999999999999,-0.012199999999999999,-0.0383,-0.0421,-0.0363,BLAXLAND,Blaxland,NSW,0.1335348721,-0.1130266061,-0.04591502428,-0.6097801252,0.1149,-0.02008621067,0.005834872099999999,-0.11772660609999999,-0.033715024280000006,-0.5714801252,0.157,0.01621378933,0.4431468004789565,0.3070914988555767,0.10605259080841152,0.05889732107784741,0.03941856228436075,0.04539322649484718,0.4644551075495355,0.2023226573920914,0.08321718670807887,0.048655840863326395,0.1439411736071063,0.05740803387986153,2.1308307070579016,-10.476884146348528,-2.283540410033265,-1.0241480214521017,10.452261132274554,1.201480738501435,10.476884146348528
Moore,WA,-0.0965,0.0354,-0.022099999999999998,0.0971,-0.07,0.0545,MOORE,Moore,WA,-0.01708791336,0.01245098608,-0.003480648558,-0.3825115867,0.09,-0.02713460575,0.07941208664,-0.02294901392,0.018619351442,-0.47961158670000004,0.16,-0.08163460575,0.27335084113239666,0.3941373379171445,0.11552521260128401,0.07354019657997769,0.02532791640633374,0.11811849536286338,0.31987031245557757,0.327514037997057,0.11686819250272752,0.05444042376520741,0.12812716701943683,0.05317986625999368,4.6519471323180905,-6.662329992008753,0.13429799014435112,-1.909977281477028,10.279925061310308,-6.493862910286971,10.279925061310308
Scullin,VIC,0.059800000000000006,0.010700000000000001,0.044000000000000004,-0.0325,0.0217,-0.0321,SCULLIN,Scullin,VIC,0.1116176977,-0.1196167836,-0.02437201435,0.09919584072,-0.07,0.09539541147,0.0518176977,-0.13031678359999999,-0.06837201435000001,0.13169584072,-0.0917,0.12749541147,0.36921309457724166,0.3042606999734465,0.1444802231396332,0.057445756502986715,0.07795379211368063,0.04664643369301124,0.4617358102615835,0.2040095893153122,0.10421868772904315,0.0708099361346287,0.02320906611554849,0.13601691044388386,9.252271568434184,-10.02511106581343,-4.026153541059006,1.3364179631641986,-5.474472599813214,8.937047675087262,10.02511106581343
Whitlam,NSW,0.13390000000000002,-0.1362,0.0882,-0.225,0.027000000000000003,-0.0559,WHITLAM,Whitlam,NSW,0.05506124447,-0.04126005342,-0.002907761901,0.1695861813,0.0129,-0.0172594021,-0.07883875553000003,0.09493994657999999,-0.091107761901,0.3945861813,-0.014100000000000003,0.0386405979,0.4605117227098423,0.17754649452535973,0.18662966079971224,0.05533948972143955,0.08567457983388092,0.03429805240976527,0.3944874730399029,0.27738246341625766,0.11863040620244297,0.07133833680228152,0.07803261737268054,0.06012870316643459,-6.602424966993942,9.983596889089794,-6.799925459726927,1.599884708084197,-0.7641962461200386,2.5830650756669313,9.983596889089794
Dawson,QLD,-0.1384,0.1907,-0.044199999999999996,0.038,-0.0337,-0.011699999999999999,DAWSON,Dawson,QLD,-0.08279454442,0.09290545964,-0.0511046279,0.6682343378,-0.07,0.05851773673,0.05560545557999999,-0.09779454036000002,-0.006904627900000002,0.6302343377999999,-0.036300000000000006,0.07021773673,0.20948771696078036,0.5226246612940402,0.08839949158971887,0.0659115042985047,0.04835519933106588,0.0652214265258901,0.26615058923962875,0.4235296462567909,0.08270699947457348,0.09234303626960459,0.023274491203177046,0.11199523755622535,5.6662872278848395,-9.909501503724927,-0.5692492115145387,2.643153197109989,-2.5080708127888833,4.677381103033526,9.909501503724927
Hinkler,QLD,0.0446,-0.0353,-0.0263,0.026099999999999998,-0.07,0.059500000000000004,HINKLER,Hinkler,QLD,-0.04855877282,0.06239735394,-0.05347322057,0.7550331324,-0.0458033182,0.0253700628,-0.09315877282,0.09769735394,-0.02717322057,0.7289331324,0.02419668180000001,-0.0341299372,0.39887548762426,0.2937458002137743,0.10415063830408852,0.06627142657231933,0.023594069814328534,0.11336257747122942,0.30090314967517495,0.39220514221384384,0.08079672078076892,0.09609331524555825,0.039918818100580296,0.0900828539840736,-9.797233794908506,9.845934200006957,-2.33539175233196,2.9821888673238925,1.6324748286251762,-2.3279723487155817,9.845934200006957
Leichhardt,QLD,-0.0298,0.07519999999999999,-0.0014000000000000002,0.011899999999999999,-0.07,0.0125,LEICHHARDT,Leichhardt,QLD,0.001945419726,-0.03174591172,-0.02741522684,0.2891326048,-0.07,0.09432358539,0.031745419726,-0.10694591171999998,-0.026015226840000003,0.2772326048,0.0,0.08182358539000001,0.31418406778095775,0.397552989612994,0.12136375215393515,0.0640713513481495,0.022962798225426947,0.07986504087853674,0.3570964453500479,0.29941013579823067,0.10351647615390136,0.07869572172067321,0.023613539959205815,0.13766768101794113,4.291237756909016,-9.814285381476335,-1.7847276000033787,1.4624370372523718,0.06507417337788673,5.780264013940439,9.814285381476335
Perth,WA,0.1343,-0.12240000000000001,-0.012199999999999999,0.026099999999999998,-0.0509,0.0264,PERTH,Perth,WA,0.08009546995,-0.06420341233,0.116843455,-0.1741224575,-0.07,-0.057825,-0.054204530050000005,0.05819658767000001,0.129043455,-0.2002224575,-0.019100000000000006,-0.084225,0.4885388463694559,0.2024648684356097,0.1153077563076955,0.06599705995020434,0.03675152541584826,0.09093994352118628,0.4172459401154278,0.25325526840616586,0.21263296454836553,0.06046460190882993,0.022525800383982924,0.03387542463722799,-7.129290625402806,5.079039997055615,9.732520824067002,-0.5532458041374415,-1.4225725031865335,-5.706451888395829,9.732520824067002
Farrer,NSW,-0.2231,0.1041,-0.0394,-0.0512,0.2636,-0.053099999999999994,FARRER,Farrer,NSW,-0.1800117084,0.1283575209,-0.06233624603,0.03929010415,0.1269,0.03067471158,0.043088291599999995,0.024257520899999996,-0.022936246030000003,0.09049010415,-0.1367,0.08377471158,0.1233231340000121,0.4318353404435723,0.09192286824505275,0.06294587160610923,0.25218405816732625,0.03778872753792714,0.16399874072346934,0.4499101712783273,0.07192401941685678,0.06752835194040406,0.1551325299438803,0.09150618669706223,4.067560672345724,1.8074830834754974,-1.999884882819597,0.4582480334294828,-9.705152822344596,5.371745915913509,9.705152822344596
Gellibrand,VIC,0.0003,-0.15109999999999998,-0.0356,-0.0148,0.0481,0.0401,GELLIBRAND,Gellibrand,VIC,0.1160138557,-0.06355241013,0.04466253874,-0.1760033497,-0.07,-0.02078872217,0.1157138557,0.08754758986999998,0.08026253874,-0.1612033497,-0.11810000000000001,-0.06088872216999999,0.3951066604262015,0.19387815320941573,0.10780298785632075,0.07264882933918411,0.1183279604962676,0.1122354086726102,0.4513052902265717,0.2532612080086137,0.15525552585063035,0.06025808735516448,0.022468740508892693,0.05745114805012707,5.619862980037016,5.938305479919795,4.74525379943096,-1.2390741984019626,-9.585921998737492,-5.478426062248313,9.585921998737492
Calwell,VIC,0.138,-0.0815,-0.0062,0.0179,-0.07,0.0004,CALWELL,Calwell,VIC,0.0003030456853,-0.1510790231,-0.03555373364,-0.3302205597,0.0481,0.04005466426,-0.1376969543147,-0.06957902309999998,-0.02935373364,-0.3481205597,0.11810000000000001,0.03965466426,0.4825398257039121,0.23990194238745316,0.11785382841571068,0.0644403124758243,0.02303030279151266,0.07223378822558704,0.3980085181055916,0.1956169404682589,0.10838156514794427,0.06594429218341637,0.11868502739076421,0.11336365670402467,-8.453130759832044,-4.428500191919427,-0.9472263267766414,0.15039797075920708,9.565472459925155,4.112986847843763,9.565472459925155
Cunningham,NSW,0.0842,-0.12990000000000002,-0.0444,0.0984,-0.07,0.0603,CUNNINGHAM,Cunningham,NSW,0.09753945693,-0.09257554385,0.0827114515,0.3093452591,-0.07,-0.03915489721,0.013339456930000007,0.03732445615000002,0.1271114515,0.2109452591,0.0,-0.09945489721,0.4723622799027549,0.21020728089724783,0.09591510153225455,0.07369707966588344,0.02536656001093625,0.12245169799092308,0.43911541300241325,0.2274374345894751,0.1877274575967887,0.07660932604857809,0.02277327026858229,0.04633709849416263,-3.3246866900341674,1.7230153692227272,9.181235606453415,0.2912246382694647,-0.25932897423539614,-7.6114599496760444,9.181235606453415
Chisholm,VIC,0.0943,-0.053399999999999996,-0.0123,0.0226,-0.028300000000000002,-0.016,CHISHOLM,Chisholm,VIC,0.03676212542,0.04940112518,0.006769453959,-1.360805721,-0.0134,-0.02522590866,-0.057537874579999995,0.10280112518,0.019069453959,-1.383405721,0.014900000000000002,-0.00922590866,0.43990008004344905,0.2689717665465903,0.11318805329450429,0.06472402221242413,0.05150840207187241,0.06170767583116,0.36876734965034685,0.36065498764142967,0.1237203564633018,0.033761173605111765,0.05921848539380646,0.05387764724600355,-7.1132730393102195,9.16832210948394,1.053230316879751,-3.0962848607312363,0.7710083321934048,-0.7830028585156447,9.16832210948394
Lyons,TAS,0.1398,-0.1072,-0.0132,0.0088,-0.07,0.0403,LYONS,Lyons,TAS,0.05506007913,-0.0383097147,-0.01191513953,0.05952742289,-0.0407,0.03627124115,-0.08473992087000001,0.0688902853,0.0012848604699999995,0.05072742289,0.029300000000000007,-0.004028758850000001,0.48639130393905783,0.2147618421554042,0.11269110673163961,0.06443888479735677,0.02312803877562931,0.09858882360091217,0.39812461652854636,0.28292302917991713,0.11251556092593497,0.06839508258962751,0.04259928090419741,0.09544242987177647,-8.826668741051147,6.816118702451293,-0.017554580570464107,0.39561977922707436,1.9471242128568096,-0.31463937291357075,8.826668741051147
Menzies,VIC,-0.09949999999999999,0.06849999999999999,-0.011899999999999999,0.0115,0.061500000000000006,-0.0006,MENZIES,Menzies,VIC,-0.0006363885589,0.07925592159,-0.007634133693,-1.160053633,-0.009,-0.009417209632,0.0988636114411,0.010755921590000009,0.004265866306999999,-1.171553633,-0.07050000000000001,-0.008817209632,0.2457904801127602,0.3922981425276475,0.11336820304177544,0.06430785533595293,0.1125845703962934,0.07165074858557047,0.33326170440891545,0.39060573248490577,0.11272215155180333,0.03725742627432128,0.06220409828361596,0.06394888699643825,8.747122429615525,-0.1692410042741732,-0.06460514899721131,-2.705042906163165,-5.0380472112677435,-0.770186158913222,8.747122429615525
Moreton,QLD,0.1234,-0.0693,-0.0163,-0.0151,-0.037200000000000004,0.0191,MORETON,Moreton,QLD,0.07016913493,-0.05196420852,0.09231244871,-0.7104478891,-0.07,-0.01219330898,-0.053230865069999994,0.01733579148,0.10861244870999999,-0.6953478891,-0.0328,-0.03129330898,0.4573873655924744,0.24656126715649776,0.10723607918992238,0.06201762760593468,0.04431599316735761,0.08248166728781327,0.40802119086839633,0.2657874241968261,0.19350627267336035,0.04695091047634984,0.022553690347434208,0.06318051143763322,-4.936617472407806,1.9226157040328347,8.627019348343797,-1.5066717129584843,-2.1762302819923405,-1.9301155850180052,8.627019348343797
Pearce,WA,0.13,-0.1257,0.0053,0.048499999999999995,-0.07,0.0104,PEARCE,Pearce,WA,0.065845792,-0.03867067681,-0.005037098468,0.2864528974,-0.07,0.02558001488,-0.064154208,0.08702932319000001,-0.010337098468,0.23795289740000003,0.0,0.015180014880000002,0.4923238922620335,0.20240835524373343,0.13187684945965214,0.06781607005054936,0.02389251369092016,0.0816823192931114,0.41016727474812803,0.28347402532817007,0.11840287113688786,0.0762581453684975,0.022910550383573945,0.08878713303474255,-8.215661751390545,8.106567008443664,-1.3473978322764286,0.8442075317948133,-0.09819633073462133,0.7104813741631146,8.215661751390545
Cooper,VIC,0.0975,-0.0926,0.0827,0.02,-0.07,-0.0392,COOPER,Cooper,VIC,0.0758049737,-0.1738541962,0.1379802925,-0.2919672988,-0.07,0.04213677709,-0.021695026300000003,-0.0812541962,0.055280292499999995,-0.3119672988,0.0,0.08133677709,0.44467522387076086,0.22996879691305866,0.19055967248382863,0.06487517075257937,0.02316295478594852,0.0467581811938241,0.42850588927220207,0.1493134109961982,0.23790572206441382,0.05933947207189276,0.023369223292043245,0.10156628230324986,-1.6169334598558793,-8.065538591686048,4.734604958058519,-0.5535698680686609,0.02062685060947242,5.480810110942577,8.065538591686048
Kingston,SA,0.1096,-0.045700000000000005,0.0436,-0.0184,-0.07,-0.0207,KINGSTON,Kingston,SA,0.1797880995,-0.1235595701,0.009799774835,-0.02737628319,-0.0258,-0.002702584409,0.07018809949999999,-0.0778595701,-0.033800225165,-0.00897628319,0.0442,0.017997415590999998,0.4395810644695506,0.26729563403482237,0.15288568188744683,0.061315386204540544,0.022288944357915213,0.05663328904572448,0.5033570821664257,0.18969964701386516,0.12524054414577876,0.06331752131119427,0.05076278455448392,0.067622420808252,6.377601769687513,-7.759598702095722,-2.7645137741668075,0.20021351066537227,2.847384019656871,1.0989131762527513,7.759598702095722
Shortland,NSW,0.17980000000000002,-0.12359999999999999,0.0098,-0.0016,-0.0258,-0.0027,SHORTLAND,Shortland,NSW,0.09427894605,-0.05343798794,-0.01232263662,0.3336143395,-0.0283,-0.01595995671,-0.08552105395000001,0.07016201205999999,-0.02212263662,0.3352143395,-0.0024999999999999988,-0.01325995671,0.5043791497249863,0.18975731570014437,0.12578767054696852,0.06143494708232421,0.051083680326538795,0.06755723661903767,0.43401572509495584,0.2657452298316127,0.11139898984119835,0.07714253612979823,0.05060397709124313,0.06109354201119184,-7.036342463003048,7.598791413146833,-1.4388680705770165,1.570758904747402,-0.04797032352956629,-0.6463694607845836,7.598791413146833
Gilmore,NSW,0.08039999999999999,-0.0339,0.0366,-0.0256,-0.0125,-0.0341,GILMORE,Gilmore,NSW,0.03515240808,0.03540312283,-0.04297464454,-0.3823096916,0.0027,0.00127652022,-0.04524759191999998,0.06930312283000001,-0.07957464454,-0.3567096916,0.015200000000000002,0.03537652022,0.40846832026089136,0.27689446568795834,0.14638372929862545,0.06067602219027203,0.05971641949617152,0.0478610430660813,0.3696237591839445,0.3491972607747136,0.08563730049074995,0.05428222408924276,0.07021608681452825,0.07104336864682094,-3.8844561076946835,7.230279508675524,-6.074642880787549,-0.6393798101029268,1.0499667318356727,2.318232558073964,7.230279508675524
Cowan,WA,0.0784,-0.0029,-0.0255,0.011000000000000001,-0.0462,-0.026000000000000002,COWAN,Cowan,WA,0.1234026914,-0.06926951483,-0.01626879375,-0.3217858226,-0.0372,0.01907470278,0.0450026914,-0.06636951483,0.009231206249999999,-0.3327858226,0.009000000000000001,0.04507470278,0.4216092408983508,0.31846145202599174,0.10195311127660646,0.06401080049277927,0.039084076376104615,0.0548813189301672,0.4600060053535262,0.24837264804655498,0.10762070806282785,0.05643628509135234,0.04437840560668091,0.08318594783905775,3.8396764455175427,-7.008880397943676,0.566759678622139,-0.757451540142693,0.5294329230576295,2.8304628908890552,7.008880397943676
Hawke,VIC,0.0163,0.042,-0.0028000000000000004,-0.0095,-0.07,0.0147,HAWKE,Hawke,VIC,0.04460576736,-0.03532773245,-0.0262621064,0.3672476076,-0.07,0.05947360163,0.02830576736,-0.07732773245,-0.0234621064,0.37674760760000003,0.0,0.04477360163,0.3557870286046669,0.3596945613947458,0.1188162456899434,0.06268216679665015,0.022691034930719667,0.08032896258327411,0.3928596222485182,0.28971541135851864,0.1023680726054557,0.07995000885624064,0.023138268206306854,0.11196861672495988,3.707259364385135,-6.997915003622718,-1.6448173084487692,1.726784205959049,0.044723327558718676,3.1639654141685765,6.997915003622718
Robertson,NSW,0.1259,-0.0726,0.014199999999999999,-0.013300000000000001,-0.07,0.0025,ROBERTSON,Robertson,NSW,0.08911216552,-8.553709234e-05,-0.02967487311,0.1639021877,-0.0394,-0.02538102067,-0.03678783448000002,0.07251446290766,-0.04387487311,0.1772021877,0.03060000000000001,-0.02788102067,0.46405700398380656,0.2455311696900843,0.13245785947608357,0.0626411147681155,0.02271655192598325,0.07259630015592701,0.42244926889884415,0.3144804836763145,0.09613711090454335,0.07022487741852555,0.0425187662111052,0.054189492890667226,-4.1607735084962405,6.89493139862302,-3.632074857154022,0.7583762650410053,1.9802214285121953,-1.8406807265259784,6.89493139862302
Blair,QLD,0.11800000000000001,-0.0054,-0.0075,-0.0353,-0.07,-0.0207,BLAIR,Blair,QLD,0.02494016889,-0.0492469692,-0.01216941347,0.5381285178,-0.07,0.06675341634,-0.09305983111,-0.043846969199999995,-0.00466941347,0.5734285178,0.0,0.08745341633999999,0.44443976698941995,0.30459646854216454,0.1122250956266217,0.060389908785104404,0.022126985997518226,0.056221774059171205,0.37732111140234376,0.27860555288881805,0.11509573397092734,0.08748344135808604,0.0234025375162754,0.11809162286354952,-6.711865558707619,-2.599091565334649,0.2870638344305648,2.709353257298164,0.12755515187571725,6.186984880437831,6.711865558707619
Paterson,NSW,-0.0171,0.0125,-0.0034999999999999996,-0.0182,0.09,-0.0271,PATERSON,Paterson,NSW,0.03746453488,-0.02973251398,-0.04624100677,0.2201350284,0.0482,0.002903304386,0.05456453488,-0.04223251398,-0.042741006770000006,0.23833502839999998,-0.0418,0.030003304385999997,0.3174423699836474,0.3246028655730105,0.1162433949697868,0.06136248483337783,0.12770673382736694,0.05264215081281045,0.3778733125179681,0.2894733987760327,0.08442499592293133,0.07317261068116507,0.10181644638865846,0.07323923571324432,6.043094253432068,-3.5129466796977815,-3.1818399046855474,1.181012584778724,-2.5890287438708484,2.0597084900433873,6.043094253432068
Eden-Monaro,NSW,0.0368,0.049400000000000006,0.0068000000000000005,-0.0436,-0.0134,-0.0252,EDEN-MONARO,Eden-Monaro,NSW,0.07837501868,-0.002853096519,-0.02546798894,0.1836464553,-0.04616997983,-0.02600230465,0.041575018680000006,-0.05225309651900001,-0.03226798894,0.2272464553,-0.03276997983,-0.0008023046499999985,0.35922028146020873,0.3507576110120009,0.12081232407781413,0.05894524404152271,0.05792796905479965,0.05233657035365396,0.41790309607713155,0.31619966618077716,0.10085085180957669,0.07188584475087471,0.03859680328469728,0.05456373789694269,5.868281461692282,-3.4557944831223764,-1.996147226823744,1.2940600709352004,-1.9331165770102368,0.22271675432887286,5.868281461692282
Bass,TAS,0.022099999999999998,0.0768,-0.0115,-0.0232,-0.0525,-0.0109,BASS,Bass,TAS,0.02813209487,0.007250789871,0.002307450345,-0.00370101951,-0.01482160865,-0.02203965905,0.006032094870000001,-0.06954921012899999,0.013807450345,0.019498980489999998,0.03767839135,-0.01113965905,0.3514793858226644,0.38352348242613143,0.10881226226003243,0.060556773626616774,0.033466442937601114,0.06216165292695367,0.36831781445587297,0.3262760343987409,0.1228811491630311,0.0658574118043746,0.059561075706352,0.05710651447162831,1.6838428633208558,-5.7247448027390515,1.4068886902998665,0.5300638177757826,2.609463276875089,-0.5055138455325361,5.7247448027390515
Ballarat,VIC,0.1586,-0.057699999999999994,0.019,-0.0073,-0.0368,-0.07,BALLARAT,Ballarat,VIC,0.08885296537,-0.04579769466,0.02185769562,0.06345408262,-0.0446,-0.02360691601,-0.06974703463,0.011902305339999995,0.0028576956199999996,0.07075408262,-0.007800000000000001,0.04639308399000001,0.48326213697194415,0.2536157916444604,0.13270783098638672,0.061174393410651666,0.04381546700879002,0.02542437997776702,0.42673060196951496,0.2721819472464872,0.13793777603839888,0.06773130496772244,0.03950832016220637,0.05591004961567012,-5.653153500242919,1.856615560202679,0.5229945052012158,0.655691155707077,-0.4307146846583648,3.0485669637903103,5.653153500242919
Newcastle,NSW,0.0801,-0.0642,0.1168,-0.0064,-0.07,-0.057800000000000004,NEWCASTLE,Newcastle,NSW,0.1093127653,-0.124201905,0.09458966896,-0.1958134029,-0.07,-0.007147707036,0.0292127653,-0.06000190500000001,-0.022210331040000003,-0.1894134029,0.0,0.050652292964000006,0.4163230433686882,0.25231853337672616,0.21262564831696132,0.062445264193912275,0.022572495574096768,0.03371501516961521,0.453552768488623,0.19675903295422537,0.19841996219480423,0.060879918110048316,0.022913257658747094,0.06747506059355204,3.722972511993483,-5.55595004225008,-1.4205686122157086,-0.15653460838639596,0.034076208465032634,3.3760045423936833,5.55595004225008
Corangamite,VIC,0.055099999999999996,-0.041299999999999996,-0.0029,0.010700000000000001,0.0129,-0.0173,CORANGAMITE,Corangamite,VIC,0.03521478081,0.01301516055,0.02380702269,-0.7252323263,-0.0288,-0.006210805614,-0.019885219189999997,0.05431516055,0.02670702269,-0.7359323263,-0.0417,0.011089194386,0.3976935288385769,0.2791520189294436,0.1198707640141865,0.06388181133779379,0.07899782092477327,0.06040405595522599,0.3709840776204189,0.32823825618010893,0.13833821316747139,0.046279743927507604,0.04963297830599883,0.06652673079849447,-2.670945121815799,4.908623725066535,1.8467449153284883,-1.7602067410286186,-2.936484261877444,0.6122674843268484,4.908623725066535
Banks,NSW,0.0797,0.0368,-0.008,-0.0392,-0.07,-0.0008,BANKS,Banks,NSW,0.02214446985,0.07684408703,-0.01147450852,-0.503159523,-0.0525,-0.01088343483,-0.05755553014999999,0.040044087029999995,-0.003474508519999999,-0.463959523,0.01750000000000001,-0.01008343483,0.40118014382896666,0.34014260669305274,0.11004349927494605,0.059312376461864554,0.02177192472505091,0.06754944901611913,0.35493158704982214,0.3878658842466669,0.10962944081953224,0.05096361168436768,0.033646212962999945,0.06296326323661121,-4.624855677914452,4.772327755361417,-0.04140584554138127,-0.8348764777496874,1.1874288237949036,-0.4586185779507923,4.772327755361417
Petrie,QLD,-0.028900000000000002,0.0949,-0.0345,0.0368,-0.07,0.0003,PETRIE,Petrie,QLD,0.007570152065,0.06476632989,-0.004949097541,0.05255734418,-0.07,-0.001883767724,0.036470152065000004,-0.030133670109999997,0.029550902459,0.01575734418,0.0,-0.0021837677240000002,0.31921003879324744,0.42293371590917367,0.09602028327154308,0.0656715524666811,0.02326383209345798,0.07290057746589662,0.3447915970975659,0.3803389376848628,0.1160234104991418,0.06697928463866121,0.022436743394871866,0.06943002668489662,2.558155830431846,-4.2594778224310845,2.0003127227598725,0.13077321719801027,-0.08270886985861127,-0.34705507810000036,4.2594778224310845
Hasluck,WA,0.0889,-0.0458,0.0219,0.0062,-0.0446,-0.0236,HASLUCK,Hasluck,WA,0.1311178201,-0.08633652892,-5.859148518e-05,0.02345871935,-0.07,0.02014471303,0.0422178201,-0.04053652892,-0.02195859148518,0.01725871935,-0.025400000000000006,0.04374471303,0.42876643421697663,0.2730402905826202,0.13894085825709798,0.063381813653477,0.03986338531424517,0.056007217975582994,0.4712782301203206,0.2331770700481163,0.12138080729473623,0.0669078049590956,0.022719728250645627,0.08453635932708553,4.251179590334397,-3.986322053450389,-1.7560050962361753,0.3525991305618592,-1.7143657063599544,2.852914135150254,4.251179590334397
Gorton,VIC,0.047599999999999996,-0.0060999999999999995,-0.0087,-0.0014000000000000002,-0.0431,0.015,GORTON,Gorton,VIC,0.08552102618,-0.0405796813,-0.0186317751,0.08818184987,-0.07,0.03727056775,0.037921026180000005,-0.0344796813,-0.009931775100000002,0.08958184987,-0.026900000000000007,0.022270567749999998,0.3879103471094073,0.3127521177706504,0.11453263144293314,0.06314034326921086,0.04086181646060327,0.0808027439471951,0.4265138704596749,0.2793976306732634,0.10667005918984512,0.0690122029367276,0.022736368274501418,0.09566986846598752,3.860352335026762,-3.3354487097386976,-0.786257225308802,0.5871859667516743,-1.8125448186101856,1.486712451879242,3.860352335026762
Parramatta,NSW,0.0658,-0.0387,-0.005,0.0208,-0.07,0.0256,PARRAMATTA,Parramatta,NSW,0.1179681783,-0.00541674555,-0.007463162362,-0.921197921,-0.07,-0.02068304352,0.05216817830000001,0.03328325445,-0.002463162362,-0.941997921,0.0,-0.04628304352,0.4151588673997324,0.2864972639970446,0.12016958168884476,0.06526041871659503,0.02329178690918429,0.08962208128859894,0.4528616421899005,0.31083715879611246,0.11411988343618615,0.0422564463579967,0.022451174284682573,0.057473694935121576,3.7702774790168094,2.433989479906784,-0.6049698252658608,-2.3003972358598337,-0.08406126245017152,-3.2148386353477365,3.7702774790168094
Longman,QLD,-0.0137,-0.0053,-0.011899999999999999,0.0366,-0.037599999999999995,0.0327,LONGMAN,Longman,QLD,0.003966211074,0.03788768997,-0.03009224733,0.4925559417,-0.07,0.0222619219,0.017666211074,0.04318768997,-0.01819224733,0.4559559417,-0.03240000000000001,-0.010438078100000001,0.3432284739301996,0.32867771241218363,0.11738534361878687,0.06737274782476393,0.046710146814898795,0.09662557539916727,0.348033029923819,0.3606496300447806,0.09815920137762874,0.08376247023639752,0.022881166187660503,0.08651450222971355,0.4804555993619397,3.197191763259699,-1.9226142241158137,1.6389722411633585,-2.382898062723829,-1.0111073169453726,3.197191763259699
Hindmarsh,SA,0.08539999999999999,-0.0788,0.0338,0.0239,-0.039900000000000005,-0.0236,HINDMARSH,Hindmarsh,SA,0.1258629865,-0.07264655711,0.01420494305,-0.2610784834,-0.07,0.002486713019,0.040462986500000006,0.006153442889999999,-0.019595056949999995,-0.2849784834,-0.030100000000000002,0.026086713019,0.43548652897672036,0.24570287421255585,0.1519717302537311,0.0654375305318021,0.044054368550223315,0.05734696747496714,0.46601242605311594,0.24690701981191449,0.1327178838108342,0.05852843261965824,0.02271627065540211,0.073117967049075,3.052589707639558,0.12041455993586359,-1.9253846442896905,-0.6909097912143857,-2.1338097894821204,1.577099957410786,3.052589707639558
Greenway,NSW,0.1369,-0.0415,0.0134,-0.0183,-0.07,-0.022000000000000002,GREENWAY,Greenway,NSW,0.1494061858,-0.03814384337,-0.02259907425,-0.3185814572,-0.0463,-0.02396127926,0.012506185800000014,0.0033561566300000026,-0.03599907425,-0.3002814572,0.023700000000000006,-0.001961279259999997,0.46310865011129426,0.26976361324914033,0.12855366399750098,0.06094508081700735,0.022153296104258598,0.05547569572079855,0.4769243253011033,0.27448681500809746,0.10080502241592636,0.05552219306954338,0.03764219234529435,0.0546194518600351,1.381567518980903,0.47232017589571296,-2.7748641581574627,-0.5422887747463967,1.548889624103575,-0.08562438607634532,2.7748641581574627
Moncrieff,QLD,-0.0929,0.0737,-0.0337,0.0556,-0.0242,0.029500000000000002,MONCRIEFF,Moncrieff,QLD,-0.105077307,0.1012037219,-0.02060557831,0.02600138938,0.0173,0.0241442024,-0.012177306999999998,0.0275037219,0.01309442169,-0.029598610619999997,0.041499999999999995,-0.0053557976000000035,0.26375936602417793,0.4154957131691394,0.10010864588408477,0.06860674946351955,0.056680000382063694,0.0953495250770146,0.23778106751229153,0.42178488315645285,0.10502162146606642,0.06698821272186548,0.08130309383970835,0.08712112130361545,-2.5978298511886404,0.6289169987313437,0.49129755819816434,-0.16185367416540752,2.462309345764466,-0.8228403773399146,2.5978298511886404
Lindsay,NSW,0.0076,0.06480000000000001,-0.0049,0.003,-0.07,-0.0019,LINDSAY,Lindsay,NSW,-0.02015420139,0.08619775437,-0.03026129644,0.05841683876,-0.07,0.02078769435,-0.02775420139,0.021397754369999994,-0.02536129644,0.055416838759999996,0.0,0.02268769435,0.34644286126191687,0.3815911829828457,0.11688257674577326,0.06290632029165463,0.022639336723337622,0.06953772199447186,0.32127140305076035,0.40610622952852754,0.0971926027397678,0.06791254807515308,0.02268718126021041,0.08483003534558084,-2.5171458211156517,2.451504654568182,-1.968997400600546,0.5006227783498449,0.004784453687278756,1.5292313351108977,2.5171458211156517
Spence,SA,0.1015,-0.12380000000000001,0.0149,0.0383,-0.0481,0.0192,SPENCE,Spence,SA,0.1014762789,-0.1238293816,0.0148973349,0.5374983685,-0.0481,0.0191796753,-2.3721100000012596e-05,-2.9381599999989128e-05,-2.6651000000002534e-06,0.4991983685,0.0,-2.0324699999997586e-05,0.4620890809573966,0.2040825784384267,0.1396783152623179,0.06738672456972958,0.03928475227342873,0.08747854849870061,0.45239302348208105,0.20007941241703994,0.13643125912119283,0.08690779323789209,0.03829760511727068,0.08589090662452349,-0.9696057475315545,-0.4003166021386756,-0.3247056141125054,1.9521068668162513,-0.09871471561580525,-0.15876418741771203,1.9521068668162513
