State,DivisionID,Electorate,EliminatedModelCategory,FinishPosition,CategoryExitCount,AliveModelCategoriesAfter,CandidateCount,InternalCandidateExclusions,LastSurvivorCandidate,LastSurvivorSubtype,LastSurvivorIdeologyFamily,LastSurvivorPrimaryCoverage,TotalVariationDistance,MaximumRecipientDelta,ObservedDominantRecipient,PassThroughDominantRecipient,DominantRecipientChanged
NSW,106,Berowra,OTH,6,3,ALP>LNP>GRN>ON>IND,3,2,Stephen Bastian,OTH_CYA,RIGHT,0.4868275404029223,0.271349293559882,0.19678474265838586,ON,IND,True
QLD,171,McPherson,OTH,6,7,ALP>LNP>GRN>ON>IND,7,6,Harry Hatzikalimnios,OTH_GRPF,RIGHT,0.2296894319586879,0.26190540593571554,0.26190540593571554,ON,ON,False
VIC,232,Scullin,OTH,5,4,ALP>LNP>GRN>ON,4,3,Adriana Buccianti,OTH_CYA,RIGHT,0.30610648639588806,0.2534414050446885,0.2534414050446885,ON,ON,False
SA,179,Adelaide,OTH,5,3,ALP>LNP>GRN>ON,3,2,Steve Marks,OTH_CYA,RIGHT,0.43329658213891953,0.2316842748459446,0.18610582077443283,ON,GRN,True
VIC,197,Aston,OTH,5,5,ALP>LNP>GRN>ON,5,4,Mark Grondman,IND_MINOR,LEFT,0.21905873899766481,0.2158366265493084,0.17255703251302318,GRN,ON,True
NSW,130,Lyne,OTH,6,5,ALP>LNP>GRN>ON>IND,5,4,Keys Manley,OTH_HMP,CENTRE_LEFT,0.4007352941176471,0.19997236707594768,0.13522685754143557,IND,ON,True
NSW,144,Reid,OTH,5,3,ALP>LNP>GRN>ON,3,2,Steven Commerford,IND_MINOR,CENTRE_LEFT,0.524018944519621,0.1974958770890617,0.16084731606656463,GRN,ON,True
VIC,218,Indi,OTH,6,4,ALP>LNP>GRN>ON>IND,4,3,Ben Howman,OTH_HMP,CENTRE_LEFT,0.38159005911448907,0.19433731426472045,0.13172536182915354,IND,ON,True
NSW,145,Richmond,OTH,5,6,ALP>LNP>GRN>ON,6,5,Vivian Mac Mcmahon,OTH_HMP,CENTRE_LEFT,0.2904678872420808,0.19250026581746915,0.15207241415399414,GRN,ON,True
VIC,204,Casey,OTH,6,3,ALP>LNP>GRN>ON>IND,3,2,Phillip Courtis,OTH_CYA,RIGHT,0.4017731646664504,0.18888059406522284,0.18888059406522284,ON,ON,False
QLD,164,Groom,OTH,6,3,ALP>LNP>GRN>ON>IND,3,2,Alexandra Todd,OTH_FFPA,RIGHT,0.37320299022426684,0.1837562493509155,0.18359365486534818,ON,ON,False
SA,187,Makin,OTH,5,4,ALP>LNP>GRN>ON,4,3,Mark Aldridge,OTH_CYA,RIGHT,0.37970962857397345,0.1818781010398257,0.1818781010398257,ON,ON,False
NSW,125,Hume,OTH,5,4,ALP>LNP>GRN>ON,4,3,Peter Mclean,IND_MINOR,CENTRE_LEFT,0.35890588330500933,0.18099970519375674,0.14529190249905044,ALP,ON,True
QLD,177,Ryan,OTH,5,4,ALP>LNP>GRN>ON,4,3,N De Lapp,OTH_GRPF,RIGHT,0.3929154423767548,0.18018225634749224,0.18018225634749224,ON,ON,False
ACT,101,Canberra,OTH,5,2,ALP>LNP>GRN>IND,2,1,Teresa Mctaggart,OTH_AJP,CENTRE_LEFT,0.507258064516129,0.17861119040822154,0.10701184698829574,GRN,IND,True
QLD,252,Dickson,OTH,6,4,ALP>LNP>GRN>ON>IND,4,3,David Zaloudek,OTH_HMP,CENTRE_LEFT,0.36487322201607914,0.1768297426645568,0.13259322510655272,IND,ON,True
NSW,122,Greenway,OTH,5,3,ALP>LNP>GRN>ON,3,2,Robert Stuckey,IND_MINOR,CENTRE,0.3870092790863669,0.17257175853523565,0.15281959977963633,GRN,ON,True
QLD,159,Fadden,OTH,5,5,ALP>LNP>GRN>ON,5,4,John Armfield,OTH_GRPF,RIGHT,0.3088180112570357,0.1703389056362474,0.17033890563624737,ON,ON,False
NSW,135,New England,OTH,5,3,ALP>LNP>GRN>ON,3,2,Natasha Ledger,IND_MINOR,CENTRE,0.38573508005822416,0.1681118124393213,0.1556527384664259,ALP,ON,True
SA,185,Hindmarsh,OTH,5,5,ALP>LNP>GRN>ON,5,4,Andrew Townsend,OTH_CYA,RIGHT,0.4157537819509651,0.16640150442967344,0.1664015044296735,ON,ON,False
NSW,103,Banks,OTH,5,4,ALP>LNP>GRN>ON,4,3,Allan Taruste,OTH_CYA,RIGHT,0.39017176657945624,0.16546671416136094,0.165466714161361,ON,ON,False
WA,248,Tangney,OTH,5,2,ALP>LNP>GRN>ON,2,1,James Rai,OTH_AUC,RIGHT,0.5043009185012393,0.16296912113169837,0.1260707167705071,LNP,LNP,False
NSW,121,Grayndler,OTH,5,2,ALP>LNP>GRN>ON,2,1,David Bradbury,IND_MINOR,CENTRE_LEFT,0.5974388824214203,0.16203163518719654,0.12551915610736017,GRN,ON,True
NSW,151,Warringah,OTH,6,3,ALP>LNP>GRN>ON>IND,3,2,Sean Mcleod,OTH_LTP,RIGHT,0.3675464320625611,0.15068701335040222,0.1506870133504022,ON,ON,False
QLD,166,Hinkler,OTH,5,3,ALP>LNP>GRN>ON,3,2,Robert Blohberger,OTH_CYA,RIGHT,0.3768193588713278,0.14780454214943087,0.14780454214943084,ON,ON,False
NSW,132,Mackellar,OTH,6,4,ALP>LNP>GRN>ON>IND,4,3,Lisa Cotton,IND_MINOR,CENTRE_RIGHT,0.35143818849449204,0.14440555595468813,0.11867437937702119,ON,ON,False
NSW,120,Gilmore,OTH,6,3,ALP>LNP>GRN>ON>IND,3,2,Adrian Richard Carle,OTH_HMP,CENTRE_LEFT,0.4793119479311948,0.14136658431558485,0.11661550917646141,ON,ON,False
WA,329,Bullwinkel,OTH,5,2,ALP>LNP>GRN>ON,2,1,Penelope Rose Young,OTH_HMP,CENTRE_LEFT,0.6155105860334542,0.13986477967735655,0.11544545275345144,GRN,ON,True
QLD,304,Blair,OTH,5,6,ALP>LNP>GRN>ON,6,5,Anthony Hopkins,OTH_HMP,CENTRE_LEFT,0.2834824974845099,0.13908806582968478,0.11630703005302473,ON,ON,False
WA,305,Hasluck,OTH,5,3,ALP>LNP>GRN>ON,3,2,Leo Treasure,OTH_HMP,CENTRE_LEFT,0.5255617062845979,0.13881662676843398,0.1028733184944236,GRN,ON,True
VIC,226,McEwen,OTH,5,5,ALP>LNP>GRN>ON,5,4,Tom Forrest,OTH_HMP,CENTRE_LEFT,0.3112628510050637,0.1387787837601615,0.11728267226294076,GRN,ON,True
VIC,208,Corio,OTH,5,2,ALP>LNP>GRN>ON,2,1,John De Lorenzo,IND_MINOR,CENTRE,0.5504972685250035,0.1367901761121409,0.1367901761121409,ON,GRN,True
NSW,113,Cowper,OTH,5,7,ALP>LNP>ON>IND,6,5,Megan Mathew,OTH_HMP,CENTRE_LEFT,0.4667622289912202,0.13494757143159986,0.12476096014910848,IND,ON,True
WA,240,Fremantle,OTH,6,2,ALP>LNP>GRN>ON>IND,2,1,Joshua Last,OTH_SAL,LEFT,0.5099894847528917,0.13410751351541522,0.13410751351541522,GRN,IND,True
QLD,155,Bowman,OTH,5,3,ALP>LNP>GRN>ON,3,2,Gary Williamson,OTH_CYA,RIGHT,0.3693524096385542,0.13293806590925822,0.11515593944004127,ON,ON,False
QLD,310,Bonner,OTH,5,4,ALP>LNP>GRN>ON,4,3,Ross Dovey,OTH_FFPA,RIGHT,0.3231777420096574,0.1318015825688944,0.07518332947181768,ON,ON,False
NSW,250,Riverina,OTH,5,9,ALP>LNP>ON>IND,8,7,James Gooden,IND_MINOR,CENTRE_RIGHT,0.2357308584686775,0.13130693527239756,0.08966444794176759,IND,ON,True
VIC,323,Monash,IND,3,7,ALP>LNP,2,1,Deb Leonard,IND_PROMINENT,CENTRE_LEFT,0.6265055934808249,0.1307070224046309,0.13070702240463095,ALP,ALP,False
WA,243,O'Connor,OTH,5,3,ALP>LNP>GRN>ON,3,2,Philip Arnatt,OTH_HMP,CENTRE_LEFT,0.5056242969628797,0.13070243346879123,0.12166597367977061,GRN,ON,True
WA,317,Burt,OTH,5,3,ALP>LNP>GRN>ON,3,2,Fiona Caruso,OTH_HMP,CENTRE_LEFT,0.4603629417382999,0.13046847095467146,0.09133422879372288,ALP,ON,True
VIC,233,Wannon,OTH,6,4,ALP>LNP>GRN>ON>IND,4,3,Robbie Swan,OTH_HMP,CENTRE_LEFT,0.3951854261548471,0.13012205972065444,0.09355924319640405,IND,ON,True
NSW,148,Shortland,OTH,5,3,ALP>LNP>GRN>ON,3,2,James Pheils,IND_MINOR,CENTRE_LEFT,0.5065893516078018,0.12853509704247199,0.10636951521448595,ALP,ON,True
VIC,323,Monash,OTH,6,3,ALP>LNP>GRN>ON>IND,3,2,David O'Reilly,OTH_HMP,CENTRE_LEFT,0.44401008827238336,0.1276881021778734,0.0857188669426096,IND,IND,False
QLD,156,Brisbane,OTH,5,4,ALP>LNP>GRN>ON,4,3,Joseph Wheeler,OTH_GRPF,RIGHT,0.41110723017813483,0.1258225087654792,0.12582250876547924,ON,ON,False
QLD,311,Flynn,OTH,4,6,ALP>LNP>ON,5,4,Lance Price,OTH_GRPF,RIGHT,0.3597415449094825,0.12454585056558579,0.12454585056558576,ON,ON,False
QLD,173,Moreton,OTH,5,4,ALP>LNP>GRN>ON,4,3,Natarsha Billing,OTH_GRPF,RIGHT,0.3211626575028637,0.12384821824911905,0.12384821824911907,ON,ON,False
QLD,168,Leichhardt,OTH,5,6,ALP>LNP>GRN>ON,6,5,Daniel Collins,OTH_KAP,CENTRE_RIGHT,0.33499050385431794,0.12377219401506286,0.12102626110749437,ON,ON,False
WA,244,Pearce,OTH,5,2,ALP>LNP>GRN>ON,2,1,Ramon Granados Rangel,OTH_HMP,CENTRE_LEFT,0.6721880579250149,0.12372451159200325,0.09633454565835214,GRN,GRN,False
NSW,109,Calare,OTH,5,5,ALP>LNP>ON>IND,4,3,Sue Raye,OTH_HMP,CENTRE_LEFT,0.42805718399670883,0.12172735159240772,0.07784220795410884,IND,IND,False
WA,247,Swan,OTH,5,2,ALP>LNP>GRN>ON,2,1,Shelley Leech,OTH_HMP,CENTRE_LEFT,0.5390182918805106,0.12161085260722856,0.12161085260722854,GRN,GRN,False
QLD,316,Wright,OTH,5,4,ALP>LNP>GRN>ON,4,3,Justin Mcguiness,OTH_GRPF,RIGHT,0.3439113534837849,0.1198124773892254,0.1198124773892254,ON,ON,False
VIC,220,Jagajaga,OTH,4,4,ALP>LNP>GRN,3,2,Chris Kearney,IND_MINOR,LEFT,0.5461945031712474,0.11849489033190652,0.11849489033190652,GRN,LNP,True
NSW,249,Paterson,OTH,6,5,ALP>LNP>GRN>ON>IND,5,4,Daniel Dryden,OTH_HMP,CENTRE_LEFT,0.3586716493969764,0.11748140104963765,0.10056484399406485,GRN,ON,True
VIC,309,Gorton,OTH,5,3,ALP>LNP>GRN>ON,3,2,Xavier Menta,OTH_HMP,CENTRE_LEFT,0.5388357519788918,0.11508197952129615,0.0650514530335623,ALP,ALP,False
VIC,217,Hotham,OTH,5,2,ALP>LNP>GRN>ON,2,1,Mark Brown,OTH_FFPA,RIGHT,0.5750880563560679,0.1133390826411751,0.11333908264117509,ON,ON,False
VIC,328,Corangamite,OTH,4,5,ALP>LNP>GRN,4,3,Kate Lockhart,IND_MINOR,LEFT,0.3986899563318777,0.11178790218005853,0.11178790218005857,GRN,GRN,False
QLD,176,Rankin,OTH,5,4,ALP>LNP>GRN>ON,4,3,Carol Ordish,OTH_FFPA,RIGHT,0.31624631509990175,0.11174154234710956,0.11174154234710956,ON,ON,False
NSW,153,Werriwa,OTH,5,5,ALP>LNP>GRN>ON,5,4,Andrew Charles Murphy,OTH_HMP,CENTRE_LEFT,0.2594991364421416,0.10778806678890968,0.08858552285532043,GRN,ON,True
VIC,324,Nicholls,OTH,5,3,ALP>LNP>GRN>ON,3,2,Glenn Francis Floyd,OTH_CYA,RIGHT,0.4629561029820337,0.10486886463607244,0.10486886463607242,ON,ON,False
VIC,322,Macnamara,OTH,5,2,ALP>LNP>GRN>ON,2,1,JB Myers,IND_MINOR,CENTRE,0.5863057324840765,0.10477287965135766,0.08439490445859871,GRN,ON,True
VIC,210,Dunkley,OTH,5,4,ALP>LNP>GRN>ON,4,3,Lisa Abbott,OTH_HMP,CENTRE_LEFT,0.43870805790310435,0.10321800646734179,0.06084568835757165,GRN,GRN,False
WA,237,Cowan,OTH,5,4,ALP>LNP>GRN>ON,4,3,John Bell,OTH_HMP,CENTRE_LEFT,0.3193990347189787,0.10260030112160146,0.07374149439469246,GRN,GRN,False
QLD,178,Wide Bay,OTH,5,3,ALP>LNP>GRN>ON,3,2,Kirsti Kenningale,OTH_FFPA,RIGHT,0.3594562175129948,0.10234218103842613,0.10234218103842613,ON,ON,False
SA,186,Kingston,OTH,5,3,ALP>LNP>GRN>ON,3,2,Russell Patrick Jackson,OTH_CYA,RIGHT,0.4260433715220949,0.10178480068622688,0.09331037001779208,ON,ON,False
NSW,136,Newcastle,OTH,5,4,ALP>LNP>GRN>ON,4,3,Jennifer Stefanac,OTH_CYA,RIGHT,0.4425722145804677,0.10141331152335277,0.09355862051873054,ON,ON,False
NSW,105,Bennelong,OTH,5,4,ALP>LNP>GRN>ON,4,3,Eric Chan,OTH_FFPA,RIGHT,0.3204108681245858,0.10022122901687619,0.09154172708112229,ON,ON,False
VIC,234,Wills,OTH,4,5,ALP>LNP>GRN,4,3,Sue Bolton,OTH_SAL,LEFT,0.6329859863456702,0.09869028269835162,0.09869028269835167,GRN,GRN,False
NSW,107,Blaxland,OTH,6,2,ALP>LNP>GRN>ON>IND,2,1,Mike Luo,OTH_LTP,RIGHT,0.5232044198895027,0.09641561413280741,0.09641561413280741,ON,ON,False
QLD,160,Fairfax,OTH,6,3,ALP>LNP>GRN>ON>IND,3,2,Rhys Sanderson,OTH_FFPA,RIGHT,0.43872154518280065,0.09638643760231543,0.09417067934716017,ON,ON,False
NSW,114,Cunningham,OTH,5,2,ALP>LNP>GRN>ON,2,1,Tim Lavers,OTH_AJP,CENTRE_LEFT,0.6478214665249734,0.09398999772122865,0.09398999772122862,GRN,GRN,False
VIC,320,Cooper,OTH,4,3,ALP>LNP>GRN,2,1,Kath Larkin,OTH_VNS,LEFT,0.6751573269403656,0.09375589867128482,0.09375589867128487,GRN,GRN,False
VIC,223,La Trobe,OTH,5,2,ALP>LNP>GRN>ON,2,1,Gregory Thomas Hardiman,OTH_CYA,RIGHT,0.5600710900473934,0.09362552082587591,0.09017160407210667,ON,ON,False
NSW,108,Bradfield,OTH,5,4,ALP>LNP>GRN>IND,3,2,Andy Yin,IND_MINOR,CENTRE,0.6461731493099122,0.09332952474802905,0.07573689441515707,ALP,LNP,True
VIC,228,Melbourne,OTH,4,4,ALP>LNP>GRN,3,2,Anthony Koutoufides,IND_MINOR,CENTRE,0.47501853224610824,0.09277288171265634,0.09277288171265635,LNP,LNP,False
NSW,115,Dobell,OTH,5,4,ALP>LNP>GRN>ON,4,3,Tim Claydon,OTH_HMP,CENTRE_LEFT,0.45683621091927207,0.09109232777605558,0.07276322086748777,ALP,ON,True
VIC,321,Fraser,OTH,4,3,ALP>LNP>GRN,2,1,Jasmine Duff,OTH_VNS,LEFT,0.596,0.09069656785588637,0.09069656785588642,GRN,GRN,False
TAS,196,Lyons,OTH,5,4,ALP>LNP>GRN>ON,4,3,Carlo Di Falco,OTH_ASP,CENTRE_RIGHT,0.3432969215491559,0.089538359249906,0.0861077034518303,ON,ON,False
QLD,161,Fisher,OTH,6,3,ALP>LNP>GRN>ON>IND,3,2,James Pidgeon,OTH_GRPF,RIGHT,0.49222849222849224,0.08839791351002113,0.08839791351002113,ON,ON,False
SA,182,Boothby,OTH,5,2,ALP>LNP>GRN>ON,2,1,Nicole Hussey,OTH_CYA,RIGHT,0.5802535261560435,0.08415046540916918,0.08415046540916915,ON,ON,False
NSW,138,Page,OTH,5,7,ALP>LNP>GRN>ON,7,6,Donna Lee Pike,OTH_CYA,RIGHT,0.21820346803601995,0.08152266417620342,0.08152266417620344,ON,ON,False
SA,190,Sturt,OTH,6,2,ALP>LNP>GRN>ON>IND,2,1,Nicholas Duffield,OTH_CYA,RIGHT,0.5282433271260087,0.07954681368395794,0.05807011931955686,ON,ON,False
NSW,126,Hunter,OTH,5,5,ALP>LNP>GRN>ON,5,4,Andrew David Fenwick,OTH_HMP,CENTRE_LEFT,0.34266497000545354,0.07898674673835789,0.07898674673835787,ON,ON,False
VIC,326,Hawke,OTH,5,3,ALP>LNP>GRN>ON,3,2,Devon Starbuck,OTH_HMP,CENTRE_LEFT,0.4462161696259266,0.07636028700483749,0.06994974213646532,GRN,GRN,False
NSW,111,Chifley,OTH,5,4,ALP>LNP>GRN>ON,4,3,Jamie Green,OTH_FFPA,RIGHT,0.5005158990713817,0.07614570527349694,0.07614570527349696,GRN,GRN,False
QLD,175,Petrie,OTH,5,2,ALP>LNP>GRN>ON,2,1,Ryan Mensink,OTH_CYA,RIGHT,0.5572074215033301,0.07571703466736394,0.0757170346673639,ON,ON,False
NT,306,Lingiari,OTH,5,2,ALP>LNP>GRN>ON,2,1,Chris Tomlins,OTH_IAP,LEFT,0.563061137238136,0.07545118211228298,0.06119895551747778,GRN,ALP,True
SA,180,Barker,OTH,5,6,ALP>LNP>GRN>ON,5,4,Cody Scholes,IND_MINOR,CENTRE_LEFT,0.24418987967694084,0.07343164428394107,0.07142960964979031,ON,ON,False
VIC,203,Calwell,OTH,6,6,ALP>LNP>GRN>ON>IND,6,5,Gianni Del Rosario-Makridis,OTH_HMP,CENTRE_LEFT,0.25906688536540917,0.07292562027905695,0.07292562027905694,IND,IND,False
NSW,251,Watson,OTH,5,5,ALP>LNP>GRN>IND,4,3,Vanessa Hadchiti,OTH_LTP,RIGHT,0.43381277425646025,0.07291325410784578,0.06905904585851166,IND,LNP,True
NSW,104,Barton,OTH,5,2,ALP>LNP>GRN>ON,2,1,Thomas Pambris,OTH_CYA,RIGHT,0.5273054057790681,0.07202998092591864,0.06637979944000216,ON,ON,False
NT,307,Solomon,OTH,6,2,ALP>LNP>GRN>ON>IND,2,1,Janey Davies,IND_MINOR,CENTRE,0.668918918918919,0.07021240641930296,0.07021240641930299,IND,IND,False
NSW,140,Parramatta,OTH,5,4,ALP>LNP>GRN>ON,4,3,Ganesh Loke,OTH_CYA,RIGHT,0.3770820481184454,0.06969401122619329,0.06218066838928915,ON,ON,False
NSW,131,Macarthur,OTH,5,3,ALP>LNP>GRN>ON,3,2,Graham Ernest Charlesworth,OTH_FFPA,RIGHT,0.49101796407185627,0.06934757178100276,0.05899587028393244,ON,ON,False
NSW,139,Parkes,OTH,4,7,ALP>LNP>ON,6,5,Stephen Pope,OTH_ASP,CENTRE_RIGHT,0.31339901022154387,0.06910918275234763,0.06910918275234762,ON,ON,False
QLD,172,Moncrieff,OTH,6,4,ALP>LNP>GRN>ON>IND,4,3,Vic Naicker,OTH_CYA,RIGHT,0.3816901408450704,0.06733583599805026,0.06029101346011687,ON,ON,False
VIC,200,Bendigo,OTH,5,5,ALP>LNP>GRN>ON,5,4,Wayne Taylor,OTH_HMP,CENTRE_LEFT,0.34513274336283184,0.06586180548477943,0.06261417918200879,GRN,GRN,False
NSW,118,Farrer,OTH,6,4,ALP>LNP>GRN>ON>IND,4,3,Peter Sinclair,OTH_ASP,CENTRE_RIGHT,0.3468101609462866,0.06541942849849272,0.06541942849849275,ON,ON,False
VIC,211,Flinders,OTH,6,2,ALP>LNP>GRN>ON>IND,2,1,Jason Smart,OTH_CYA,RIGHT,0.7623666343355965,0.06483811200866614,0.04644161378568196,ON,ON,False
WA,239,Forrest,OTH,6,3,ALP>LNP>GRN>ON>IND,2,1,Aaron Peet,OTH_HMP,CENTRE_LEFT,0.7850367197062423,0.06438266194605055,0.06438266194605058,ON,ON,False
QLD,302,Longman,OTH,5,2,ALP>LNP>GRN>ON,2,1,Benjamin Wood,OTH_CYA,RIGHT,0.5617081182543406,0.06294614633257858,0.06294614633257856,ON,ON,False
VIC,216,Holt,OTH,5,2,ALP>LNP>GRN>ON,2,1,Shane Foreman,OTH_FFPA,RIGHT,0.5221550855991943,0.059973114986947074,0.05735197261138095,ON,GRN,True
NSW,128,Lindsay,OTH,5,6,ALP>LNP>GRN>ON,6,5,Antony Victor Emmanuel,OTH_FFPA,RIGHT,0.21002698233092523,0.05988123377284456,0.059184095199366626,ON,ON,False
TAS,192,Bass,OTH,6,2,ALP>LNP>GRN>ON>IND,2,1,Ray Broomhall,OTH_CYA,RIGHT,0.7653949129852744,0.05389373586299218,0.041982745798006815,ON,ON,False
QLD,163,Griffith,OTH,5,3,ALP>LNP>GRN>ON,3,2,Dion Hunt,OTH_GRPF,RIGHT,0.4817991233085573,0.0523119079457737,0.05231190794577367,ON,ON,False
VIC,201,Bruce,OTH,5,4,ALP>LNP>GRN>ON,4,3,Wendy Birchall,OTH_FFPA,RIGHT,0.3335983463189696,0.05167128894837321,0.04490628783141662,ON,ON,False
NSW,146,Robertson,OTH,5,3,ALP>LNP>GRN>ON,3,2,Tom Lillicrap,OTH_HMP,CENTRE_LEFT,0.38555678059536935,0.05161029533679384,0.04542677576648024,GRN,ON,True
QLD,162,Forde,OTH,5,4,ALP>LNP>GRN>ON,4,3,Corneliu Pop,OTH_FFPA,RIGHT,0.3802856147683734,0.048809898703616225,0.042421251136414095,ON,ON,False
WA,312,Durack,OTH,5,4,ALP>LNP>GRN>ON,4,3,Kat Wright,OTH_HMP,CENTRE_LEFT,0.50263839585532,0.04862753210694869,0.04862753210694867,LNP,LNP,False
VIC,229,Menzies,OTH,6,3,ALP>LNP>GRN>ON>IND,3,2,Amanda Paliouras,OTH_CYA,RIGHT,0.4645736833075999,0.04771881155692978,0.04667336615317774,ON,ON,False
VIC,198,Ballarat,OTH,5,3,ALP>LNP>GRN>ON,3,2,Ian Maxwell Harkness,OTH_FFPA,RIGHT,0.41473341473341474,0.04670171918233933,0.02785468192444937,ON,ON,False
QLD,158,Dawson,OTH,4,4,ALP>LNP>ON,3,2,Alexander John Beaumont,OTH_GRPF,RIGHT,0.38654179673950745,0.04523621406712203,0.04523621406712208,ON,ON,False
VIC,221,Kooyong,OTH,6,2,ALP>LNP>GRN>ON>IND,2,1,Richard Peppard,OTH_LTP,RIGHT,0.5675259715275106,0.04470669063928409,0.044706690639284064,LNP,ON,True
VIC,214,Goldstein,OTH,6,2,ALP>LNP>GRN>ON>IND,2,1,Vicki Jane Williams,OTH_CYA,RIGHT,0.55196366550895,0.044254562539729314,0.04040922365426958,ON,ON,False
SA,183,Grey,OTH,6,3,ALP>LNP>GRN>ON>IND,2,1,Kylie Evans,OTH_FFPA,RIGHT,0.5902341956222257,0.04189728411828988,0.026710296785340593,ON,ON,False
NSW,150,Whitlam,OTH,5,6,ALP>LNP>GRN>ON,6,5,Ben Britton,IND_MINOR,CENTRE_RIGHT,0.3683730075135173,0.03961686007039836,0.03961686007039833,ON,ON,False
VIC,209,Deakin,OTH,6,3,ALP>LNP>GRN>ON>IND,3,2,Richard Griffith-Jones,OTH_FFPA,RIGHT,0.37987012987012986,0.0379972432211238,0.03775494820270936,ON,ON,False
NSW,124,Hughes,OTH,5,4,ALP>LNP>GRN>ON,4,3,Nathaniel David Marsh,OTH_FFPA,RIGHT,0.31061496278887585,0.03514828361735894,0.02833474932372665,ON,ON,False
QLD,157,Capricornia,OTH,4,3,ALP>LNP>ON,2,1,Stephen Andrew,OTH_CYA,RIGHT,0.6219803006739243,0.03489893648483043,0.034898936484830445,ON,ON,False
SA,325,Spence,OTH,5,4,ALP>LNP>GRN>ON,4,3,John William Bennett,OTH_FFPA,RIGHT,0.3392399806188136,0.034731819112021826,0.03473181911202183,ON,ON,False
VIC,222,Lalor,OTH,5,3,ALP>LNP>GRN>ON,3,2,Matthew Emerson,OTH_FFPA,RIGHT,0.5748367654445002,0.03281037179154536,0.03281037179154539,ON,ON,False
QLD,169,Lilley,OTH,5,2,ALP>LNP>GRN>ON,2,1,Joshua Morrison,OTH_CYA,RIGHT,0.5325161729656112,0.030892444630910953,0.027832569577890015,ON,ON,False
VIC,224,Mallee,OTH,5,4,ALP>LNP>GRN>ON,4,3,Ashleigh Gray,OTH_FFPA,RIGHT,0.34663865546218486,0.030586646984079535,0.026702850771820802,ON,ON,False
NSW,112,Cook,OTH,5,2,ALP>LNP>GRN>ON,2,1,Natalie Fuller,OTH_FFPA,RIGHT,0.5048810250152532,0.02870075688867634,0.02870075688867635,ON,ON,False
VIC,205,Chisholm,OTH,6,2,ALP>LNP>GRN>ON>IND,2,1,Gary Ong,OTH_FFPA,RIGHT,0.5831726133076182,0.028695636095726514,0.022186475054260774,ON,ON,False
QLD,174,Oxley,OTH,5,3,ALP>LNP>GRN>ON,3,2,William Tento,OTH_FFPA,RIGHT,0.4089328697512704,0.028663828455614396,0.028663828455614382,ON,ON,False
NSW,119,Fowler,OTH,5,3,ALP>LNP>GRN>IND,2,1,Jared Athavle,OTH_FFPA,RIGHT,0.6670374490174268,0.027670221350267726,0.027670221350267754,IND,IND,False
QLD,170,Maranoa,OTH,4,5,ALP>LNP>ON,4,3,Rod Draper,OTH_GRPF,RIGHT,0.42658470995005765,0.02677626303721249,0.02677626303721245,ON,ON,False
NSW,117,Eden-Monaro,OTH,5,4,ALP>LNP>GRN>ON,4,3,Andrew Evan Thaler,IND_MINOR,CENTRE,0.28830179972311953,0.02515239970208412,0.020508224182548385,ON,ON,False
WA,236,Canning,OTH,5,2,ALP>LNP>GRN>ON,2,1,Paul Gullan,OTH_HMP,CENTRE_LEFT,0.8515068493150685,0.02459917666695803,0.02459917666695799,GRN,ON,True
NSW,133,Macquarie,OTH,5,2,ALP>LNP>GRN>ON,2,1,Roger Gerard Bowen,OTH_FFPA,RIGHT,0.6405877680698967,0.02383280184758796,0.02383280184758796,ON,ON,False
WA,242,Moore,OTH,3,6,ALP>LNP,3,2,Ian Goodenough,OTH_UNAFFILIATED,UNKNOWN,0.7068334553197152,0.02147535546550916,0.02147535546550916,LNP,LNP,False
QLD,165,Herbert,OTH,3,6,ALP>LNP,4,3,Darryn Casson,OTH_KAP,CENTRE_RIGHT,0.4877667881311817,0.0190442634841054,0.019044263484105428,LNP,LNP,False
NSW,138,Page,ON,4,8,ALP>LNP>GRN,1,0,Peter Nottle,ON,,1.0,6.245004513516506e-17,1.1102230246251565e-16,LNP,LNP,False
QLD,302,Longman,GRN,4,3,ALP>LNP>ON,1,0,Gabrielle Unverzagt,GRN,,1.0,6.245004513516506e-17,1.1102230246251565e-16,ALP,ALP,False
SA,179,Adelaide,GRN,3,5,ALP>LNP,1,0,Mat Monti,GRN,,1.0,6.245004513516506e-17,1.1102230246251565e-16,ALP,ALP,False
VIC,203,Calwell,ON,5,7,ALP>LNP>GRN>IND,1,0,Luay Toma,ON,,1.0,6.245004513516506e-17,1.1102230246251565e-16,IND,IND,False
ACT,318,Bean,LNP,3,2,ALP>IND,1,0,David Lamerton,LIB,,1.0,5.551115123125783e-17,1.1102230246251565e-16,IND,IND,False
NSW,117,Eden-Monaro,GRN,3,6,ALP>LNP,1,0,Emma Goward,GRN,,1.0,5.551115123125783e-17,1.1102230246251565e-16,ALP,ALP,False
NSW,127,Kingsford Smith,GRN,3,3,ALP>LNP,1,0,Keiron Brown,GRN,,1.0,5.551115123125783e-17,1.1102230246251565e-16,ALP,ALP,False
QLD,160,Fairfax,IND,3,6,ALP>LNP,1,0,Francine Wiig,IND_PROMINENT,CENTRE_LEFT,1.0,5.551115123125783e-17,1.1102230246251565e-16,ALP,ALP,False
QLD,178,Wide Bay,ON,3,5,ALP>LNP,1,0,Chad Burgess,ON,,1.0,5.551115123125783e-17,1.1102230246251565e-16,LNP,LNP,False
QLD,310,Bonner,GRN,3,6,ALP>LNP,1,0,Wen Li,GRN,,1.0,5.551115123125783e-17,1.1102230246251565e-16,ALP,ALP,False
VIC,197,Aston,GRN,3,7,ALP>LNP,1,0,Reuben Steen,GRN,,1.0,5.551115123125783e-17,1.1102230246251565e-16,ALP,ALP,False
VIC,211,Flinders,ALP,3,5,LNP>IND,1,0,Sarah Race,ALP,,1.0,5.551115123125783e-17,1.1102230246251565e-16,IND,IND,False
VIC,216,Holt,GRN,3,4,ALP>LNP,1,0,Payal Tiwari,GRN,,1.0,5.551115123125783e-17,1.1102230246251565e-16,ALP,ALP,False
VIC,309,Gorton,GRN,3,5,ALP>LNP,1,0,Thuc Bao Huynh,GRN,,1.0,5.551115123125783e-17,1.1102230246251565e-16,ALP,ALP,False
VIC,322,Macnamara,GRN,3,4,ALP>LNP,1,0,Sonya Semmens,GRN,,1.0,5.551115123125783e-17,1.1102230246251565e-16,ALP,ALP,False
VIC,323,Monash,GRN,5,4,ALP>LNP>ON>IND,1,0,Terence Steele,GRN,,1.0,5.551115123125783e-17,1.1102230246251565e-16,IND,IND,False
VIC,323,Monash,ON,4,5,ALP>LNP>IND,1,0,Kuljeet Kaur Robinson,ON,,1.0,5.551115123125783e-17,1.1102230246251565e-16,IND,IND,False
WA,235,Brand,GRN,3,3,ALP>LNP,1,0,Jody Freeman,GRN,,1.0,5.551115123125783e-17,1.1102230246251565e-16,ALP,ALP,False
WA,243,O'Connor,ON,3,5,ALP>LNP,1,0,Gemma Johnston,ON,,1.0,5.551115123125783e-17,1.1102230246251565e-16,LNP,LNP,False
QLD,160,Fairfax,GRN,5,4,ALP>LNP>ON>IND,1,0,Sue Etheridge,GRN,,1.0,5.551115123125783e-17,5.551115123125783e-17,ALP,ALP,False
VIC,328,Corangamite,ON,5,4,ALP>LNP>GRN>OTH,1,0,Colin Seabrook,ON,,1.0,5.551115123125783e-17,5.551115123125783e-17,LNP,LNP,False
SA,188,Mayo,GRN,4,4,ALP>LNP>OTH,1,0,Genevieve Dawson-Scott,GRN,,1.0,3.122502256758253e-17,5.551115123125783e-17,ALP,ALP,False
NSW,106,Berowra,GRN,4,5,ALP>LNP>IND,1,0,Martin Cousins,GRN,,1.0,2.7755575615628914e-17,5.551115123125783e-17,ALP,ALP,False
NSW,118,Farrer,ON,4,6,ALP>LNP>IND,1,0,Emma Hicks,ON,,1.0,2.7755575615628914e-17,5.551115123125783e-17,IND,IND,False
NSW,125,Hume,ON,3,6,ALP>LNP,1,0,Helen Ducker,ON,,1.0,2.7755575615628914e-17,5.551115123125783e-17,LNP,LNP,False
NSW,130,Lyne,IND,3,8,ALP>LNP,1,0,Jeremy Miller,IND_PROMINENT,CENTRE_LEFT,1.0,2.7755575615628914e-17,5.551115123125783e-17,ALP,ALP,False
NSW,251,Watson,GRN,4,6,ALP>LNP>IND,1,0,Jocelyn Brewer,GRN,,1.0,2.7755575615628914e-17,5.551115123125783e-17,ALP,ALP,False
NT,307,Solomon,GRN,4,4,ALP>LNP>IND,1,0,Jonathan Parry,GRN,,1.0,2.7755575615628914e-17,5.551115123125783e-17,IND,IND,False
QLD,161,Fisher,GRN,5,4,ALP>LNP>ON>IND,1,0,Renay Wells,GRN,,1.0,2.7755575615628914e-17,5.551115123125783e-17,IND,IND,False
TAS,195,Franklin,LNP,3,4,ALP>IND,1,0,Josh Garvin,LIB,,1.0,2.7755575615628914e-17,5.551115123125783e-17,ALP,ALP,False
VIC,205,Chisholm,IND,4,4,ALP>LNP>GRN,1,0,Kath Davies,IND_PROMINENT,LEFT,1.0,2.7755575615628914e-17,5.551115123125783e-17,GRN,GRN,False
VIC,211,Flinders,GRN,4,4,ALP>LNP>IND,1,0,Adam Frogley,GRN,,1.0,2.7755575615628914e-17,5.551115123125783e-17,IND,IND,False
VIC,232,Scullin,ON,4,5,ALP>LNP>GRN,1,0,Arthur Tsoutsoulis,ON,,1.0,2.7755575615628914e-17,5.551115123125783e-17,LNP,LNP,False
WA,240,Fremantle,ON,5,3,ALP>LNP>GRN>IND,1,0,Hannah Marriner,ON,,1.0,2.7755575615628914e-17,5.551115123125783e-17,LNP,LNP,False
WA,312,Durack,GRN,4,5,ALP>LNP>ON,1,0,Brendan Sturcke,GRN,,1.0,2.7755575615628914e-17,5.551115123125783e-17,ALP,ALP,False
WA,329,Bullwinkel,GRN,3,4,ALP>LNP,1,0,Abbey Bishop,GRN,,1.0,2.7755575615628914e-17,5.551115123125783e-17,ALP,ALP,False
NSW,108,Bradfield,ON,6,3,ALP>LNP>GRN>IND>OTH,1,0,John Manton,ON,,1.0,2.0816681711721685e-17,2.7755575615628914e-17,LNP,LNP,False
NSW,105,Bennelong,ON,4,5,ALP>LNP>GRN,1,0,Craig Bennett,ON,,1.0,1.3877787807814457e-17,2.7755575615628914e-17,LNP,LNP,False
NSW,106,Berowra,ON,5,4,ALP>LNP>GRN>IND,1,0,Gerald Mattinson,ON,,1.0,1.3877787807814457e-17,2.7755575615628914e-17,LNP,LNP,False
NSW,107,Blaxland,ON,5,3,ALP>LNP>GRN>IND,1,0,Mitchell Klievens,ON,,1.0,1.3877787807814457e-17,2.7755575615628914e-17,LNP,LNP,False
NSW,111,Chifley,ON,4,5,ALP>LNP>GRN,1,0,Tony Nikolic,ON,,1.0,1.3877787807814457e-17,2.7755575615628914e-17,LNP,LNP,False
NSW,131,Macarthur,GRN,3,5,ALP>LNP,1,0,Frankie Scott,GRN,,1.0,1.3877787807814457e-17,2.7755575615628914e-17,ALP,ALP,False
NSW,131,Macarthur,ON,4,4,ALP>LNP>GRN,1,0,Gregory Grogan,ON,,1.0,1.3877787807814457e-17,2.7755575615628914e-17,LNP,LNP,False
NSW,132,Mackellar,GRN,4,6,ALP>LNP>IND,1,0,Ethan Hrnjak,GRN,,1.0,1.3877787807814457e-17,2.7755575615628914e-17,IND,IND,False
NSW,136,Newcastle,ON,4,5,ALP>LNP>GRN,1,0,Phillip Heyne,ON,,1.0,1.3877787807814457e-17,2.7755575615628914e-17,LNP,LNP,False
NSW,146,Robertson,ON,4,4,ALP>LNP>GRN,1,0,Matt Lloyd,ON,,1.0,1.3877787807814457e-17,2.7755575615628914e-17,LNP,LNP,False
NT,306,Lingiari,GRN,3,4,ALP>LNP,1,0,Blair Mcfarland,GRN,,1.0,1.3877787807814457e-17,2.7755575615628914e-17,ALP,ALP,False
QLD,172,Moncrieff,ON,4,6,ALP>LNP>GRN,1,0,Glen Wadsworth,ON,,1.0,1.3877787807814457e-17,2.7755575615628914e-17,LNP,LNP,False
QLD,174,Oxley,GRN,3,5,ALP>LNP,1,0,Brandan Holt,GRN,,1.0,1.3877787807814457e-17,2.7755575615628914e-17,ALP,ALP,False
QLD,174,Oxley,ON,4,4,ALP>LNP>GRN,1,0,Darren Baker,ON,,1.0,1.3877787807814457e-17,2.7755575615628914e-17,LNP,LNP,False
QLD,175,Petrie,GRN,3,4,ALP>LNP,1,0,Nikil Paul,GRN,,1.0,1.3877787807814457e-17,2.7755575615628914e-17,ALP,ALP,False
QLD,176,Rankin,ON,4,5,ALP>LNP>GRN,1,0,Kyle Lentz,ON,,1.0,1.3877787807814457e-17,2.7755575615628914e-17,LNP,LNP,False
QLD,177,Ryan,ALP,3,6,LNP>GRN,1,0,Rebecca Hack,ALP,,1.0,1.3877787807814457e-17,2.7755575615628914e-17,GRN,GRN,False
SA,182,Boothby,ON,4,3,ALP>LNP>GRN,1,0,Tonya Scott,ON,,1.0,1.3877787807814457e-17,2.7755575615628914e-17,LNP,LNP,False
SA,183,Grey,ON,4,5,ALP>LNP>IND,1,0,Brandon Turton,ON,,1.0,1.3877787807814457e-17,2.7755575615628914e-17,IND,IND,False
SA,185,Hindmarsh,ON,4,6,ALP>LNP>GRN,1,0,Rocco Deangelis,ON,,1.0,1.3877787807814457e-17,2.7755575615628914e-17,LNP,LNP,False
TAS,192,Bass,ON,4,4,ALP>LNP>GRN,1,0,Jordan Potter,ON,,1.0,1.3877787807814457e-17,2.7755575615628914e-17,LNP,LNP,False
TAS,193,Braddon,IND,5,2,ALP>LNP>GRN>ON,1,0,Adam Martin,IND_PROMINENT,CENTRE_LEFT,1.0,1.3877787807814457e-17,2.7755575615628914e-17,ON,ON,False
VIC,204,Casey,IND,3,6,ALP>LNP,1,0,Claire Ferres Miles,IND_PROMINENT,LEFT,1.0,1.3877787807814457e-17,2.7755575615628914e-17,ALP,ALP,False
VIC,211,Flinders,ON,5,3,ALP>LNP>GRN>IND,1,0,Mike Brown,ON,,1.0,1.3877787807814457e-17,2.7755575615628914e-17,LNP,LNP,False
VIC,217,Hotham,ON,4,3,ALP>LNP>GRN,1,0,Stuart Fogarty,ON,,1.0,1.3877787807814457e-17,2.7755575615628914e-17,LNP,LNP,False
VIC,221,Kooyong,GRN,4,4,ALP>LNP>IND,1,0,Jackie Carter,GRN,,1.0,1.3877787807814457e-17,2.7755575615628914e-17,IND,IND,False
VIC,226,McEwen,GRN,3,7,ALP>LNP,1,0,Marley Mcrae Mcleod,GRN,,1.0,1.3877787807814457e-17,2.7755575615628914e-17,ALP,ALP,False
VIC,226,McEwen,ON,4,6,ALP>LNP>GRN,1,0,Jeremy Johnson,ON,,1.0,1.3877787807814457e-17,2.7755575615628914e-17,LNP,LNP,False
VIC,234,Wills,LNP,3,6,ALP>GRN,1,0,Jeff Kidney,LIB,,1.0,1.3877787807814457e-17,2.7755575615628914e-17,ALP,ALP,False
VIC,234,Wills,ON,5,4,ALP>LNP>GRN>OTH,1,0,Bruce Stevens,ON,,1.0,1.3877787807814457e-17,2.7755575615628914e-17,LNP,LNP,False
VIC,309,Gorton,ON,4,4,ALP>LNP>GRN,1,0,Alan Reid,ON,,1.0,1.3877787807814457e-17,2.7755575615628914e-17,LNP,LNP,False
VIC,320,Cooper,ON,5,2,ALP>LNP>GRN>OTH,1,0,William Turner,ON,,1.0,1.3877787807814457e-17,2.7755575615628914e-17,LNP,LNP,False
VIC,326,Hawke,ON,4,4,ALP>LNP>GRN,1,0,Matthew Katselis,ON,,1.0,1.3877787807814457e-17,2.7755575615628914e-17,LNP,LNP,False
WA,235,Brand,ON,4,2,ALP>LNP>GRN,1,0,Stephen Box,ON,,1.0,1.3877787807814457e-17,2.7755575615628914e-17,LNP,LNP,False
WA,237,Cowan,GRN,3,6,ALP>LNP,1,0,Matthew Count,GRN,,1.0,1.3877787807814457e-17,2.7755575615628914e-17,ALP,ALP,False
WA,248,Tangney,GRN,3,4,ALP>LNP,1,0,Eric Hayward,GRN,,1.0,1.3877787807814457e-17,2.7755575615628914e-17,ALP,ALP,False
NSW,145,Richmond,ON,4,7,ALP>LNP>GRN,1,0,Ian Mye,ON,,1.0,6.938893903907228e-18,1.3877787807814457e-17,LNP,LNP,False
QLD,156,Brisbane,GRN,3,6,ALP>LNP,1,0,Stephen Bates,GRN,,1.0,6.938893903907228e-18,1.3877787807814457e-17,ALP,ALP,False
QLD,161,Fisher,ON,4,5,ALP>LNP>IND,1,0,Benjamin Kelly,ON,,1.0,6.938893903907228e-18,1.3877787807814457e-17,LNP,LNP,False
QLD,164,Groom,GRN,5,4,ALP>LNP>ON>IND,1,0,Alyce Nelligan,GRN,,1.0,6.938893903907228e-18,1.3877787807814457e-17,ALP,ALP,False
QLD,168,Leichhardt,GRN,4,7,ALP>LNP>ON,1,0,Phillip Musumeci,GRN,,1.0,6.938893903907228e-18,1.3877787807814457e-17,ALP,ALP,False
QLD,311,Flynn,GRN,5,5,ALP>LNP>ON>OTH,1,0,Paul Bambrick,GRN,,1.0,6.938893903907228e-18,1.3877787807814457e-17,ALP,ALP,False
VIC,204,Casey,ON,5,4,ALP>LNP>GRN>IND,1,0,Ambere Livori,ON,,1.0,6.938893903907228e-18,1.3877787807814457e-17,LNP,LNP,False
WA,312,Durack,ON,3,6,ALP>LNP,1,0,Mark Berry,ON,,1.0,6.938893903907228e-18,1.3877787807814457e-17,LNP,LNP,False
QLD,252,Dickson,ON,5,5,ALP>LNP>GRN>IND,1,0,Joel Stevenson,ON,,1.0,3.469446951953614e-18,6.938893903907228e-18,LNP,LNP,False
VIC,218,Indi,GRN,5,5,ALP>LNP>ON>IND,1,0,Alysia Regan,GRN,,1.0,3.469446951953614e-18,6.938893903907228e-18,IND,IND,False
ACT,101,Canberra,IND,4,3,ALP>LNP>GRN,1,0,Claire Miles,IND_PROMINENT,LEFT,1.0,0.0,0.0,ALP,ALP,False
ACT,101,Canberra,LNP,3,4,ALP>GRN,1,0,Will Roche,LIB,,1.0,0.0,0.0,ALP,ALP,False
ACT,102,Fenner,GRN,3,2,ALP>LNP,1,0,Dani Hunterford,GRN,,1.0,0.0,0.0,ALP,ALP,False
ACT,102,Fenner,OTH,4,1,ALP>LNP>GRN,1,0,Elizabeth Kikkert,OTH_FFPA,RIGHT,1.0,0.0,0.0,LNP,LNP,False
ACT,318,Bean,GRN,4,1,ALP>LNP>IND,1,0,Sam Carter,GRN,,1.0,0.0,0.0,IND,IND,False
NSW,103,Banks,GRN,3,6,ALP>LNP,1,0,Natalie Hanna,GRN,,1.0,0.0,0.0,ALP,ALP,False
NSW,103,Banks,ON,4,5,ALP>LNP>GRN,1,0,Todd Nicol,ON,,1.0,0.0,0.0,LNP,LNP,False
NSW,104,Barton,GRN,3,4,ALP>LNP,1,0,Manal Bahsa,GRN,,1.0,0.0,0.0,ALP,ALP,False
NSW,104,Barton,ON,4,3,ALP>LNP>GRN,1,0,Christos Nicolis,ON,,1.0,0.0,0.0,LNP,LNP,False
NSW,105,Bennelong,GRN,3,6,ALP>LNP,1,0,Adam Hart,GRN,,1.0,0.0,0.0,ALP,ALP,False
NSW,106,Berowra,IND,3,6,ALP>LNP,1,0,Tina Brown,IND_PROMINENT,LEFT,1.0,0.0,0.0,ALP,ALP,False
NSW,107,Blaxland,GRN,4,4,ALP>LNP>IND,1,0,Omar Sakr,GRN,,1.0,0.0,0.0,ALP,ALP,False
NSW,107,Blaxland,IND,3,5,ALP>LNP,1,0,Ahmed Ouf,IND_PROMINENT,LEFT,1.0,0.0,0.0,ALP,ALP,False
NSW,108,Bradfield,ALP,3,6,LNP>IND,1,0,Louise Mccallum,ALP,,1.0,0.0,0.0,IND,IND,False
NSW,108,Bradfield,GRN,4,5,ALP>LNP>IND,1,0,Harjit Singh,GRN,,1.0,0.0,0.0,IND,IND,False
NSW,109,Calare,ALP,3,7,LNP>IND,1,0,Julie Cunningham,ALP,,1.0,0.0,0.0,IND,IND,False
NSW,109,Calare,GRN,6,4,ALP>LNP>ON>IND>OTH,1,0,Ben Parker,GRN,,1.0,0.0,0.0,IND,IND,False
NSW,109,Calare,ON,4,6,ALP>LNP>IND,1,0,Jennifer Hughes,ON,,1.0,0.0,0.0,IND,IND,False
NSW,111,Chifley,GRN,3,6,ALP>LNP,1,0,Sukhjinder Pal Singh,GRN,,1.0,0.0,0.0,ALP,ALP,False
NSW,112,Cook,GRN,3,4,ALP>LNP,1,0,Martin Moore,GRN,,1.0,0.0,0.0,ALP,ALP,False
NSW,112,Cook,ON,4,3,ALP>LNP>GRN,1,0,Mark Preston,ON,,1.0,0.0,0.0,LNP,LNP,False
NSW,113,Cowper,ALP,3,9,LNP>IND,1,0,Greg Vigors,ALP,,1.0,0.0,0.0,IND,IND,False
NSW,113,Cowper,GRN,6,6,ALP>LNP>ON>IND>OTH,1,0,Wendy Firefly,GRN,,1.0,0.0,0.0,IND,IND,False
NSW,113,Cowper,ON,4,8,ALP>LNP>IND,1,0,Chris Walsh,ON,,1.0,0.0,0.0,LNP,LNP,False
NSW,114,Cunningham,GRN,3,4,ALP>LNP,1,0,Jess Whittaker,GRN,,1.0,0.0,0.0,ALP,ALP,False
NSW,114,Cunningham,ON,4,3,ALP>LNP>GRN,1,0,John Fuller,ON,,1.0,0.0,0.0,LNP,LNP,False
NSW,115,Dobell,GRN,3,6,ALP>LNP,1,0,Simon George Cooper,GRN,,1.0,0.0,0.0,ALP,ALP,False
NSW,115,Dobell,ON,4,5,ALP>LNP>GRN,1,0,Martin Stevenson,ON,,1.0,0.0,0.0,LNP,LNP,False
NSW,117,Eden-Monaro,ON,4,5,ALP>LNP>GRN,1,0,Richard Graham,ON,,1.0,0.0,0.0,LNP,LNP,False
NSW,118,Farrer,ALP,3,7,LNP>IND,1,0,Glen Hyde,ALP,,1.0,0.0,0.0,IND,IND,False
NSW,118,Farrer,GRN,5,5,ALP>LNP>ON>IND,1,0,Richard August Hendrie,GRN,,1.0,0.0,0.0,IND,IND,False
NSW,119,Fowler,GRN,4,4,ALP>LNP>IND,1,0,Avery Jacob Howard,GRN,,1.0,0.0,0.0,ALP,ALP,False
NSW,119,Fowler,LNP,3,5,ALP>IND,1,0,Vivek Singha,LIB,,1.0,0.0,0.0,IND,IND,False
NSW,119,Fowler,ON,6,2,ALP>LNP>GRN>IND>OTH,1,0,Tony Margos,ON,,1.0,0.0,0.0,IND,IND,False
NSW,120,Gilmore,GRN,4,5,ALP>LNP>IND,1,0,Debbie Killian,GRN,,1.0,0.0,0.0,ALP,ALP,False
NSW,120,Gilmore,IND,3,6,ALP>LNP,1,0,Kate Dezarnaulds,IND_PROMINENT,LEFT,1.0,0.0,0.0,ALP,ALP,False
NSW,120,Gilmore,ON,5,4,ALP>LNP>GRN>IND,1,0,John Hawke,ON,,1.0,0.0,0.0,LNP,LNP,False
NSW,121,Grayndler,LNP,3,4,ALP>GRN,1,0,David Smallbone,LIB,,1.0,0.0,0.0,ALP,ALP,False
NSW,121,Grayndler,ON,4,3,ALP>LNP>GRN,1,0,Rodney Smith,ON,,1.0,0.0,0.0,LNP,LNP,False
NSW,122,Greenway,GRN,3,5,ALP>LNP,1,0,Palaniappan Subramanian,GRN,,1.0,0.0,0.0,ALP,ALP,False
NSW,122,Greenway,ON,4,4,ALP>LNP>GRN,1,0,Edwin Swann,ON,,1.0,0.0,0.0,LNP,LNP,False
NSW,124,Hughes,GRN,3,6,ALP>LNP,1,0,Catherine Elizabeth Dyson,GRN,,1.0,0.0,0.0,ALP,ALP,False
NSW,124,Hughes,ON,4,5,ALP>LNP>GRN,1,0,Deborah Swinbourn,ON,,1.0,0.0,0.0,LNP,LNP,False
NSW,125,Hume,GRN,4,5,ALP>LNP>ON,1,0,Steve Bruce,GRN,,1.0,0.0,0.0,ALP,ALP,False
NSW,126,Hunter,GRN,4,6,ALP>LNP>ON,1,0,Louise Stokes,GRN,,1.0,0.0,0.0,ALP,ALP,False
NSW,126,Hunter,LNP,3,7,ALP>ON,1,0,Sue Gilroy,NAT,,1.0,0.0,0.0,ON,ON,False
NSW,127,Kingsford Smith,ON,4,2,ALP>LNP>GRN,1,0,Mark Jelic,ON,,1.0,0.0,0.0,LNP,LNP,False
NSW,127,Kingsford Smith,OTH,5,1,ALP>LNP>GRN>ON,1,0,Elsa Parker,IND_MINOR,CENTRE_LEFT,1.0,0.0,0.0,GRN,GRN,False
NSW,128,Lindsay,GRN,4,7,ALP>LNP>ON,1,0,Aaron David Mcallister,GRN,,1.0,0.0,0.0,ALP,ALP,False
NSW,128,Lindsay,ON,3,8,ALP>LNP,1,0,Christopher Buckley,ON,,1.0,0.0,0.0,LNP,LNP,False
NSW,130,Lyne,GRN,5,6,ALP>LNP>ON>IND,1,0,Tom Ferrier,GRN,,1.0,0.0,0.0,ALP,ALP,False
NSW,130,Lyne,ON,4,7,ALP>LNP>IND,1,0,Colin Hughes,ON,,1.0,0.0,0.0,LNP,LNP,False
NSW,132,Mackellar,ALP,3,7,LNP>IND,1,0,Jeffrey Quinn,ALP,,1.0,0.0,0.0,IND,IND,False
NSW,132,Mackellar,ON,5,5,ALP>LNP>GRN>IND,1,0,Brad Hayman,ON,,1.0,0.0,0.0,LNP,LNP,False
NSW,133,Macquarie,GRN,3,4,ALP>LNP,1,0,Terry Morgan,GRN,,1.0,0.0,0.0,ALP,ALP,False
NSW,133,Macquarie,ON,4,3,ALP>LNP>GRN,1,0,Matthew Jacobson,ON,,1.0,0.0,0.0,LNP,LNP,False
NSW,134,Mitchell,GRN,3,3,ALP>LNP,1,0,Ben Speechly,GRN,,1.0,0.0,0.0,ALP,ALP,False
NSW,134,Mitchell,ON,4,2,ALP>LNP>GRN,1,0,Brendan Mccreanor,ON,,1.0,0.0,0.0,LNP,LNP,False
NSW,134,Mitchell,OTH,5,1,ALP>LNP>GRN>ON,1,0,Mark Crocker,OTH_CYA,RIGHT,1.0,0.0,0.0,ON,ON,False
NSW,135,New England,GRN,4,4,ALP>LNP>ON,1,0,Wendy Wales,GRN,,1.0,0.0,0.0,ALP,ALP,False
NSW,135,New England,ON,3,5,ALP>LNP,1,0,Brent Larkham,ON,,1.0,0.0,0.0,LNP,LNP,False
NSW,136,Newcastle,LNP,3,6,ALP>GRN,1,0,Asarri Mcphee,LIB,,1.0,0.0,0.0,ALP,ALP,False
NSW,138,Page,GRN,3,9,ALP>LNP,1,0,Luke Robinson,GRN,,1.0,0.0,0.0,ALP,ALP,False
NSW,139,Parkes,GRN,5,6,ALP>LNP>ON>OTH,1,0,Trish Frail,GRN,,1.0,0.0,0.0,ALP,ALP,False
NSW,139,Parkes,ON,3,8,ALP>LNP,1,0,Mark Carter,ON,,1.0,0.0,0.0,LNP,LNP,False
NSW,140,Parramatta,GRN,3,6,ALP>LNP,1,0,Liz Tilly,GRN,,1.0,0.0,0.0,ALP,ALP,False
NSW,140,Parramatta,ON,4,5,ALP>LNP>GRN,1,0,Nicholas Matzen,ON,,1.0,0.0,0.0,LNP,LNP,False
NSW,144,Reid,GRN,3,5,ALP>LNP,1,0,Joanna Somerville,GRN,,1.0,0.0,0.0,ALP,ALP,False
NSW,144,Reid,ON,4,4,ALP>LNP>GRN,1,0,Gina Ingrouille,ON,,1.0,0.0,0.0,LNP,LNP,False
NSW,145,Richmond,GRN,3,8,ALP>LNP,1,0,Mandy Nolan,GRN,,1.0,0.0,0.0,ALP,ALP,False
NSW,146,Robertson,GRN,3,5,ALP>LNP,1,0,Cheryl Wallace,GRN,,1.0,0.0,0.0,ALP,ALP,False
NSW,148,Shortland,GRN,3,5,ALP>LNP,1,0,Therese Doyle,GRN,,1.0,0.0,0.0,ALP,ALP,False
NSW,148,Shortland,ON,4,4,ALP>LNP>GRN,1,0,Barry Reed,ON,,1.0,0.0,0.0,LNP,LNP,False
NSW,149,Sydney,LNP,3,3,ALP>GRN,1,0,Alex Xu,LIB,,1.0,0.0,0.0,ALP,ALP,False
NSW,149,Sydney,ON,4,2,ALP>LNP>GRN,1,0,Vedran Torbarac,ON,,1.0,0.0,0.0,LNP,LNP,False
NSW,149,Sydney,OTH,5,1,ALP>LNP>GRN>ON,1,0,Rachel Evans,OTH_SAL,LEFT,1.0,0.0,0.0,GRN,GRN,False
NSW,150,Whitlam,GRN,3,8,ALP>LNP,1,0,Jamie Dixon,GRN,,1.0,0.0,0.0,ALP,ALP,False
NSW,150,Whitlam,ON,4,7,ALP>LNP>GRN,1,0,Sharon Cousins,ON,,1.0,0.0,0.0,LNP,LNP,False
NSW,151,Warringah,ALP,3,6,LNP>IND,1,0,Celine Varghese-Fell,ALP,,1.0,0.0,0.0,IND,IND,False
NSW,151,Warringah,GRN,4,5,ALP>LNP>IND,1,0,Bonnie Harvey,GRN,,1.0,0.0,0.0,IND,IND,False
NSW,151,Warringah,ON,5,4,ALP>LNP>GRN>IND,1,0,Gavin Wright,ON,,1.0,0.0,0.0,LNP,LNP,False
NSW,152,Wentworth,ALP,3,4,LNP>IND,1,0,Savanna Peake,ALP,,1.0,0.0,0.0,IND,IND,False
NSW,152,Wentworth,GRN,4,3,ALP>LNP>IND,1,0,Nick Ward,GRN,,1.0,0.0,0.0,IND,IND,False
NSW,152,Wentworth,ON,5,2,ALP>LNP>GRN>IND,1,0,James Sternhell,ON,,1.0,0.0,0.0,LNP,LNP,False
NSW,152,Wentworth,OTH,6,1,ALP>LNP>GRN>ON>IND,1,0,Michael Richmond,IND_MINOR,CENTRE,1.0,0.0,0.0,IND,IND,False
NSW,153,Werriwa,GRN,3,7,ALP>LNP,1,0,Janet Rebecca Castle,GRN,,1.0,0.0,0.0,ALP,ALP,False
NSW,153,Werriwa,ON,4,6,ALP>LNP>GRN,1,0,Ian Cimera,ON,,1.0,0.0,0.0,LNP,LNP,False
NSW,249,Paterson,GRN,5,6,ALP>LNP>ON>IND,1,0,Paul Johns,GRN,,1.0,0.0,0.0,ALP,ALP,False
NSW,249,Paterson,IND,3,8,ALP>LNP,1,0,Philip Penfold,IND_PROMINENT,CENTRE_LEFT,1.0,0.0,0.0,LNP,LNP,False
NSW,249,Paterson,ON,4,7,ALP>LNP>IND,1,0,Arnon Wither,ON,,1.0,0.0,0.0,IND,IND,False
NSW,250,Riverina,GRN,6,8,ALP>LNP>ON>IND>OTH,1,0,Pheonix Valxori,GRN,,1.0,0.0,0.0,ALP,ALP,False
NSW,250,Riverina,IND,4,10,ALP>LNP>ON,1,0,Jenny Rolfe,IND_PROMINENT,CENTRE_LEFT,1.0,0.0,0.0,ALP,ALP,False
NSW,250,Riverina,ON,3,11,ALP>LNP,1,0,Mark Craig,ON,,1.0,0.0,0.0,LNP,LNP,False
NSW,251,Watson,LNP,3,7,ALP>IND,1,0,Zakir Alam,LIB,,1.0,0.0,0.0,IND,IND,False
NSW,251,Watson,ON,6,4,ALP>LNP>GRN>IND>OTH,1,0,Elisha Trevena,ON,,1.0,0.0,0.0,LNP,LNP,False
NSW,315,McMahon,GRN,4,2,ALP>LNP>IND,1,0,Ben Hammond,GRN,,1.0,0.0,0.0,ALP,ALP,False
NSW,315,McMahon,IND,3,3,ALP>LNP,1,0,Matthew Camenzuli,IND_PROMINENT,CENTRE_RIGHT,1.0,0.0,0.0,LNP,LNP,False
NSW,315,McMahon,ON,5,1,ALP>LNP>GRN>IND,1,0,Melissa Janicska,ON,,1.0,0.0,0.0,LNP,LNP,False
NT,306,Lingiari,ON,4,3,ALP>LNP>GRN,1,0,Sakellarios Bairamis,ON,,1.0,0.0,0.0,LNP,LNP,False
NT,307,Solomon,IND,3,5,ALP>LNP,1,0,Phil Scott,IND_PROMINENT,CENTRE_LEFT,1.0,0.0,0.0,ALP,ALP,False
NT,307,Solomon,ON,5,3,ALP>LNP>GRN>IND,1,0,Benjamin Craker,ON,,1.0,0.0,0.0,LNP,LNP,False
QLD,155,Bowman,GRN,3,5,ALP>LNP,1,0,Kristie Lockhart,GRN,,1.0,0.0,0.0,ALP,ALP,False
QLD,155,Bowman,ON,4,4,ALP>LNP>GRN,1,0,Matthew Knight,ON,,1.0,0.0,0.0,LNP,LNP,False
QLD,156,Brisbane,ON,4,5,ALP>LNP>GRN,1,0,Cheryl Wood,ON,,1.0,0.0,0.0,LNP,LNP,False
QLD,157,Capricornia,GRN,5,2,ALP>LNP>ON>OTH,1,0,Mick Jones,GRN,,1.0,0.0,0.0,ALP,ALP,False
QLD,157,Capricornia,ON,3,4,ALP>LNP,1,0,Cheryl Kempton,ON,,1.0,0.0,0.0,LNP,LNP,False
QLD,158,Dawson,GRN,5,3,ALP>LNP>ON>OTH,1,0,Paula Creen,GRN,,1.0,0.0,0.0,ALP,ALP,False
QLD,158,Dawson,ON,3,5,ALP>LNP,1,0,Darren Brown,ON,,1.0,0.0,0.0,LNP,LNP,False
QLD,159,Fadden,GRN,4,6,ALP>LNP>ON,1,0,Andrew Stimson,GRN,,1.0,0.0,0.0,ALP,ALP,False
QLD,159,Fadden,ON,3,7,ALP>LNP,1,0,Nick Muir,ON,,1.0,0.0,0.0,LNP,LNP,False
QLD,160,Fairfax,ON,4,5,ALP>LNP>IND,1,0,Beatrice Marsh,ON,,1.0,0.0,0.0,LNP,LNP,False
QLD,161,Fisher,IND,3,6,ALP>LNP,1,0,Keryn Jones,IND_PROMINENT,CENTRE_LEFT,1.0,0.0,0.0,ALP,ALP,False
QLD,162,Forde,GRN,4,5,ALP>LNP>ON,1,0,Kirsty Petersen,GRN,,1.0,0.0,0.0,ALP,ALP,False
QLD,162,Forde,ON,3,6,ALP>LNP,1,0,Matthew Lambert,ON,,1.0,0.0,0.0,LNP,LNP,False
QLD,163,Griffith,LNP,3,5,ALP>GRN,1,0,Anthony Bishop,LNP,,1.0,0.0,0.0,ALP,ALP,False
QLD,163,Griffith,ON,4,4,ALP>LNP>GRN,1,0,Lindsay Bell,ON,,1.0,0.0,0.0,LNP,LNP,False
QLD,164,Groom,ALP,3,6,LNP>IND,1,0,Richard Edwards,ALP,,1.0,0.0,0.0,IND,IND,False
QLD,164,Groom,ON,4,5,ALP>LNP>IND,1,0,Rebecca Konz,ON,,1.0,0.0,0.0,LNP,LNP,False
QLD,165,Herbert,GRN,4,5,ALP>LNP>OTH,1,0,Chris Evans,GRN,,1.0,0.0,0.0,ALP,ALP,False
QLD,165,Herbert,ON,5,4,ALP>LNP>GRN>OTH,1,0,Ross Macdonald,ON,,1.0,0.0,0.0,OTH,OTH,False
QLD,166,Hinkler,GRN,4,4,ALP>LNP>ON,1,0,Andrew Mclean,GRN,,1.0,0.0,0.0,ALP,ALP,False
QLD,166,Hinkler,ON,3,5,ALP>LNP,1,0,Tyler Carman,ON,,1.0,0.0,0.0,LNP,LNP,False
QLD,167,Kennedy,ALP,3,6,LNP>OTH,1,0,Sharon Winn,ALP,,1.0,0.0,0.0,OTH,OTH,False
QLD,167,Kennedy,GRN,5,4,ALP>LNP>ON>OTH,1,0,Carole Stanford,GRN,,1.0,0.0,0.0,ALP,ALP,False
QLD,167,Kennedy,ON,4,5,ALP>LNP>OTH,1,0,Kate Harris,ON,,1.0,0.0,0.0,OTH,OTH,False
QLD,168,Leichhardt,ON,3,8,ALP>LNP,1,0,Robert Hicks,ON,,1.0,0.0,0.0,LNP,LNP,False
QLD,169,Lilley,GRN,3,4,ALP>LNP,1,0,Melissa Stevens,GRN,,1.0,0.0,0.0,ALP,ALP,False
QLD,169,Lilley,ON,4,3,ALP>LNP>GRN,1,0,Michelle Mckay,ON,,1.0,0.0,0.0,LNP,LNP,False
QLD,170,Maranoa,ALP,3,6,LNP>ON,1,0,Alex Newman,ALP,,1.0,0.0,0.0,LNP,LNP,False
QLD,170,Maranoa,GRN,5,4,ALP>LNP>ON>OTH,1,0,Elizabeth Johnston,GRN,,1.0,0.0,0.0,ALP,ALP,False
QLD,171,McPherson,GRN,4,9,ALP>LNP>IND,1,0,Amanda Kennealy,GRN,,1.0,0.0,0.0,ALP,ALP,False
QLD,171,McPherson,IND,3,10,ALP>LNP,1,0,Erchana Murray-Bartlett,IND_PROMINENT,CENTRE_LEFT,1.0,0.0,0.0,ALP,ALP,False
QLD,171,McPherson,ON,5,8,ALP>LNP>GRN>IND,1,0,Zyion Attiig,ON,,1.0,0.0,0.0,LNP,LNP,False
QLD,172,Moncrieff,GRN,3,7,ALP>LNP,1,0,Sally Spain,GRN,,1.0,0.0,0.0,ALP,ALP,False
QLD,172,Moncrieff,IND,5,5,ALP>LNP>GRN>ON,1,0,Nicole Arrowsmith,IND_PROMINENT,CENTRE,1.0,0.0,0.0,GRN,GRN,False
QLD,173,Moreton,GRN,3,6,ALP>LNP,1,0,Remah Naji,GRN,,1.0,0.0,0.0,ALP,ALP,False
QLD,173,Moreton,ON,4,5,ALP>LNP>GRN,1,0,Grant Spork,ON,,1.0,0.0,0.0,LNP,LNP,False
QLD,175,Petrie,ON,4,3,ALP>LNP>GRN,1,0,Nicole Shires,ON,,1.0,0.0,0.0,LNP,LNP,False
QLD,176,Rankin,GRN,3,6,ALP>LNP,1,0,Joshua Riethmuller,GRN,,1.0,0.0,0.0,ALP,ALP,False
QLD,177,Ryan,ON,4,5,ALP>LNP>GRN,1,0,Robbie Elsom,ON,,1.0,0.0,0.0,LNP,LNP,False
QLD,178,Wide Bay,GRN,4,4,ALP>LNP>ON,1,0,Emma Buhse,GRN,,1.0,0.0,0.0,ALP,ALP,False
QLD,252,Dickson,GRN,4,6,ALP>LNP>IND,1,0,Vinnie Batten,GRN,,1.0,0.0,0.0,ALP,ALP,False
QLD,252,Dickson,IND,3,7,ALP>LNP,1,0,Ellie Smith,IND_PROMINENT,LEFT,1.0,0.0,0.0,ALP,ALP,False
QLD,302,Longman,ON,3,4,ALP>LNP,1,0,Peter Mccasker,ON,,1.0,0.0,0.0,LNP,LNP,False
QLD,304,Blair,GRN,4,7,ALP>LNP>ON,1,0,Paul Toner,GRN,,1.0,0.0,0.0,ALP,ALP,False
QLD,304,Blair,ON,3,8,ALP>LNP,1,0,Brendan Kross,ON,,1.0,0.0,0.0,LNP,LNP,False
QLD,310,Bonner,ON,4,5,ALP>LNP>GRN,1,0,Christopher De Winter,ON,,1.0,0.0,0.0,LNP,LNP,False
QLD,311,Flynn,ON,3,7,ALP>LNP,1,0,David Harris,ON,,1.0,0.0,0.0,LNP,LNP,False
QLD,316,Wright,GRN,4,5,ALP>LNP>ON,1,0,Nicole Thompson,GRN,,1.0,0.0,0.0,ALP,ALP,False
QLD,316,Wright,ON,3,6,ALP>LNP,1,0,Natalie Davis,ON,,1.0,0.0,0.0,LNP,LNP,False
SA,179,Adelaide,ON,4,4,ALP>LNP>GRN,1,0,Riley Size,ON,,1.0,0.0,0.0,LNP,LNP,False
SA,180,Barker,GRN,4,7,ALP>LNP>ON,1,0,Major Moogy Sumner,GRN,,1.0,0.0,0.0,ALP,ALP,False
SA,180,Barker,ON,3,8,ALP>LNP,1,0,Jennifer Troeth,ON,,1.0,0.0,0.0,LNP,LNP,False
SA,182,Boothby,GRN,3,4,ALP>LNP,1,0,Joanna Wells,GRN,,1.0,0.0,0.0,ALP,ALP,False
SA,183,Grey,GRN,5,4,ALP>LNP>ON>IND,1,0,Kathryn Hardwick-Franco,GRN,,1.0,0.0,0.0,ALP,ALP,False
SA,183,Grey,IND,3,6,ALP>LNP,1,0,Anita Kuss,IND_PROMINENT,CENTRE_LEFT,1.0,0.0,0.0,ALP,ALP,False
SA,185,Hindmarsh,GRN,3,7,ALP>LNP,1,0,Matthew Wright,GRN,,1.0,0.0,0.0,ALP,ALP,False
SA,186,Kingston,GRN,3,5,ALP>LNP,1,0,John Photakis,GRN,,1.0,0.0,0.0,ALP,ALP,False
SA,186,Kingston,ON,4,4,ALP>LNP>GRN,1,0,Nathan Skrlj,ON,,1.0,0.0,0.0,LNP,LNP,False
SA,187,Makin,GRN,3,6,ALP>LNP,1,0,Samuel Moore,GRN,,1.0,0.0,0.0,ALP,ALP,False
SA,187,Makin,ON,4,5,ALP>LNP>GRN,1,0,Alison Dew-Fennell,ON,,1.0,0.0,0.0,LNP,LNP,False
SA,188,Mayo,LNP,3,5,ALP>OTH,1,0,Zane Basic,LIB,,1.0,0.0,0.0,OTH,OTH,False
SA,188,Mayo,ON,5,3,ALP>LNP>GRN>OTH,1,0,Rebecca Hewett,ON,,1.0,0.0,0.0,LNP,LNP,False
SA,190,Sturt,GRN,3,5,ALP>LNP,1,0,Katie Mccusker,GRN,,1.0,0.0,0.0,ALP,ALP,False
SA,190,Sturt,IND,4,4,ALP>LNP>GRN,1,0,Verity Cooper,IND_PROMINENT,CENTRE_LEFT,1.0,0.0,0.0,GRN,GRN,False
SA,190,Sturt,ON,5,3,ALP>LNP>GRN>IND,1,0,Peter Bogatec,ON,,1.0,0.0,0.0,LNP,LNP,False
SA,325,Spence,GRN,3,6,ALP>LNP,1,0,Luke Skinner,GRN,,1.0,0.0,0.0,ALP,ALP,False
SA,325,Spence,ON,4,5,ALP>LNP>GRN,1,0,Darryl Bothe,ON,,1.0,0.0,0.0,LNP,LNP,False
TAS,192,Bass,GRN,3,5,ALP>LNP,1,0,Charlene Mclennan,GRN,,1.0,0.0,0.0,ALP,ALP,False
TAS,192,Bass,IND,5,3,ALP>LNP>GRN>ON,1,0,George Razay,IND_PROMINENT,CENTRE,1.0,0.0,0.0,ALP,ALP,False
TAS,193,Braddon,GRN,4,3,ALP>LNP>ON,1,0,Erin Morrow,GRN,,1.0,0.0,0.0,ALP,ALP,False
TAS,193,Braddon,ON,3,4,ALP>LNP,1,0,Christopher Methorst,ON,,1.0,0.0,0.0,LNP,LNP,False
TAS,193,Braddon,OTH,6,1,ALP>LNP>GRN>ON>IND,1,0,Stephen John Kenney,OTH_CYA,RIGHT,1.0,0.0,0.0,ON,ON,False
TAS,195,Franklin,GRN,4,3,ALP>LNP>IND,1,0,Owen Fitzgerald,GRN,,1.0,0.0,0.0,IND,IND,False
TAS,195,Franklin,ON,6,1,ALP>LNP>GRN>IND>OTH,1,0,Stefan Popescu,ON,,1.0,0.0,0.0,LNP,LNP,False
TAS,195,Franklin,OTH,5,2,ALP>LNP>GRN>IND,1,0,Brendan Blomeley,IND_MINOR,CENTRE,1.0,0.0,0.0,IND,IND,False
TAS,196,Lyons,GRN,3,6,ALP>LNP,1,0,Alistair Allan,GRN,,1.0,0.0,0.0,ALP,ALP,False
TAS,196,Lyons,ON,4,5,ALP>LNP>GRN,1,0,Shaun Broadby,ON,,1.0,0.0,0.0,LNP,LNP,False
TAS,319,Clark,GRN,4,2,ALP>LNP>IND,1,0,Janet Shelley,GRN,,1.0,0.0,0.0,IND,IND,False
TAS,319,Clark,LNP,3,3,ALP>IND,1,0,Marilena Di Florio,LIB,,1.0,0.0,0.0,IND,IND,False
TAS,319,Clark,ON,5,1,ALP>LNP>GRN>IND,1,0,Cathy Griggs,ON,,1.0,0.0,0.0,IND,IND,False
VIC,197,Aston,ON,4,6,ALP>LNP>GRN,1,0,John De Wacht,ON,,1.0,0.0,0.0,LNP,LNP,False
VIC,198,Ballarat,GRN,3,5,ALP>LNP,1,0,John Barnes,GRN,,1.0,0.0,0.0,ALP,ALP,False
VIC,198,Ballarat,ON,4,4,ALP>LNP>GRN,1,0,Terri Pryse-Smith,ON,,1.0,0.0,0.0,LNP,LNP,False
VIC,200,Bendigo,GRN,3,8,ALP>LNP,1,0,Avery Barnett-Dacey,GRN,,1.0,0.0,0.0,ALP,ALP,False
VIC,200,Bendigo,ON,4,6,ALP>LNP>GRN,1,0,Heather Freeman,ON,,1.0,0.0,0.0,LNP,LNP,False
VIC,201,Bruce,GRN,3,6,ALP>LNP,1,0,Rhonda Garad,GRN,,1.0,0.0,0.0,ALP,ALP,False
VIC,201,Bruce,ON,4,5,ALP>LNP>GRN,1,0,Bianca Colecchia,ON,,1.0,0.0,0.0,LNP,LNP,False
VIC,203,Calwell,GRN,4,10,ALP>LNP>IND,1,0,Ravneet Kaur Garcha,GRN,,1.0,0.0,0.0,ALP,ALP,False
VIC,203,Calwell,LNP,3,11,ALP>IND,1,0,Usman Ghani,LIB,,1.0,0.0,0.0,IND,IND,False
VIC,204,Casey,GRN,4,5,ALP>LNP>IND,1,0,Merran Blair,GRN,,1.0,0.0,0.0,IND,IND,False
VIC,205,Chisholm,GRN,3,5,ALP>LNP,1,0,Tim Randall,GRN,,1.0,0.0,0.0,ALP,ALP,False
VIC,205,Chisholm,ON,5,3,ALP>LNP>GRN>IND,1,0,Guy Livori,ON,,1.0,0.0,0.0,LNP,LNP,False
VIC,208,Corio,GRN,3,4,ALP>LNP,1,0,Emilie Flynn,GRN,,1.0,0.0,0.0,ALP,ALP,False
VIC,208,Corio,ON,4,3,ALP>LNP>GRN,1,0,Adam Helman,ON,,1.0,0.0,0.0,LNP,LNP,False
VIC,209,Deakin,GRN,3,6,ALP>LNP,1,0,Amy Mills,GRN,,1.0,0.0,0.0,ALP,ALP,False
VIC,209,Deakin,IND,4,5,ALP>LNP>GRN,1,0,Jess Ness,IND_PROMINENT,LEFT,1.0,0.0,0.0,GRN,GRN,False
VIC,209,Deakin,ON,5,4,ALP>LNP>GRN>IND,1,0,Anne Cooke,ON,,1.0,0.0,0.0,LNP,LNP,False
VIC,210,Dunkley,GRN,3,6,ALP>LNP,1,0,Matt Maber,GRN,,1.0,0.0,0.0,ALP,ALP,False
VIC,210,Dunkley,ON,4,5,ALP>LNP>GRN,1,0,Jessica Davis,ON,,1.0,0.0,0.0,LNP,LNP,False
VIC,212,Gellibrand,GRN,3,3,ALP>LNP,1,0,Ponraj Krishna Pandi,GRN,,1.0,0.0,0.0,ALP,ALP,False
VIC,212,Gellibrand,ON,4,2,ALP>LNP>GRN,1,0,Stephen Bennett,ON,,1.0,0.0,0.0,LNP,LNP,False
VIC,212,Gellibrand,OTH,5,1,ALP>LNP>GRN>ON,1,0,Jo Garcia,OTH_FFPA,RIGHT,1.0,0.0,0.0,ON,ON,False
VIC,213,Gippsland,GRN,4,2,ALP>LNP>ON,1,0,Rochelle Hine,GRN,,1.0,0.0,0.0,ALP,ALP,False
VIC,213,Gippsland,ON,3,3,ALP>LNP,1,0,Gregory Hansford,ON,,1.0,0.0,0.0,LNP,LNP,False
VIC,213,Gippsland,OTH,5,1,ALP>LNP>GRN>ON,1,0,Simon Wilson,OTH_LTP,RIGHT,1.0,0.0,0.0,ON,ON,False
VIC,214,Goldstein,ALP,3,5,LNP>IND,1,0,Nildhara Gadani,ALP,,1.0,0.0,0.0,IND,IND,False
VIC,214,Goldstein,GRN,4,4,ALP>LNP>IND,1,0,Alana Galli-Mcrostie,GRN,,1.0,0.0,0.0,IND,IND,False
VIC,214,Goldstein,ON,5,3,ALP>LNP>GRN>IND,1,0,Leon Gardiner,ON,,1.0,0.0,0.0,LNP,LNP,False
VIC,216,Holt,ON,4,3,ALP>LNP>GRN,1,0,Trevor Hammond,ON,,1.0,0.0,0.0,LNP,LNP,False
VIC,217,Hotham,GRN,3,4,ALP>LNP,1,0,Martin Barry,GRN,,1.0,0.0,0.0,ALP,ALP,False
VIC,218,Indi,ALP,4,6,LNP>ON>IND,1,0,Mitch Bridges,ALP,,1.0,0.0,0.0,IND,IND,False
VIC,218,Indi,ON,3,7,LNP>IND,1,0,Athol Thomas,ON,,1.0,0.0,0.0,LNP,LNP,False
VIC,219,Isaacs,GRN,3,3,ALP>LNP,1,0,Matthew Kirwan,GRN,,1.0,0.0,0.0,ALP,ALP,False
VIC,219,Isaacs,ON,4,2,ALP>LNP>GRN,1,0,Geoff Mcmahon,ON,,1.0,0.0,0.0,LNP,LNP,False
VIC,219,Isaacs,OTH,5,1,ALP>LNP>GRN>ON,1,0,Audrey Harmse,OTH_FFPA,RIGHT,1.0,0.0,0.0,ON,ON,False
VIC,220,Jagajaga,GRN,3,5,ALP>LNP,1,0,Jy Sandford,GRN,,1.0,0.0,0.0,ALP,ALP,False
VIC,220,Jagajaga,ON,5,3,ALP>LNP>GRN>OTH,1,0,Leslie Ralph,ON,,1.0,0.0,0.0,LNP,LNP,False
VIC,221,Kooyong,ALP,3,5,LNP>IND,1,0,Clive Crosby,ALP,,1.0,0.0,0.0,IND,IND,False
VIC,221,Kooyong,ON,5,3,ALP>LNP>GRN>IND,1,0,Camille Brache,ON,,1.0,0.0,0.0,LNP,LNP,False
VIC,222,Lalor,GRN,3,5,ALP>LNP,1,0,Owen Parris,GRN,,1.0,0.0,0.0,ALP,ALP,False
VIC,222,Lalor,ON,4,4,ALP>LNP>GRN,1,0,Jason Oosthuizen,ON,,1.0,0.0,0.0,LNP,LNP,False
VIC,223,La Trobe,GRN,3,4,ALP>LNP,1,0,Jamie Longmuir,GRN,,1.0,0.0,0.0,ALP,ALP,False
VIC,223,La Trobe,ON,4,3,ALP>LNP>GRN,1,0,Leo Panetta,ON,,1.0,0.0,0.0,LNP,LNP,False
VIC,224,Mallee,GRN,4,5,ALP>LNP>ON,1,0,Nicole Rowan,GRN,,1.0,0.0,0.0,ALP,ALP,False
VIC,224,Mallee,ON,3,6,ALP>LNP,1,0,Vaughan Williams,ON,,1.0,0.0,0.0,LNP,LNP,False
VIC,225,Maribyrnong,GRN,3,2,ALP>LNP,1,0,James Williams,GRN,,1.0,0.0,0.0,ALP,ALP,False
VIC,225,Maribyrnong,ON,4,1,ALP>LNP>GRN,1,0,Alannah Casey,ON,,1.0,0.0,0.0,LNP,LNP,False
VIC,228,Melbourne,LNP,3,5,ALP>GRN,1,0,Steph Hunt,LIB,,1.0,0.0,0.0,ALP,ALP,False
VIC,228,Melbourne,ON,5,3,ALP>LNP>GRN>OTH,1,0,Melanie Casey,ON,,1.0,0.0,0.0,LNP,LNP,False
VIC,229,Menzies,GRN,3,6,ALP>LNP,1,0,Bill Pheasant,GRN,,1.0,0.0,0.0,ALP,ALP,False
VIC,229,Menzies,IND,4,5,ALP>LNP>GRN,1,0,Stella Yee,IND_PROMINENT,LEFT,1.0,0.0,0.0,GRN,GRN,False
VIC,229,Menzies,ON,5,4,ALP>LNP>GRN>IND,1,0,Jhett Edwards-Scott,ON,,1.0,0.0,0.0,LNP,LNP,False
VIC,232,Scullin,GRN,3,6,ALP>LNP,1,0,Loki Sangarya,GRN,,1.0,0.0,0.0,ALP,ALP,False
VIC,233,Wannon,ALP,3,7,LNP>IND,1,0,Fiona Mackenzie,ALP,,1.0,0.0,0.0,IND,IND,False
VIC,233,Wannon,GRN,5,5,ALP>LNP>ON>IND,1,0,Kate Gazzard,GRN,,1.0,0.0,0.0,IND,IND,False
VIC,233,Wannon,ON,4,6,ALP>LNP>IND,1,0,Leo Curtain,ON,,1.0,0.0,0.0,LNP,LNP,False
VIC,320,Cooper,LNP,3,4,ALP>GRN,1,0,Stewart Todhunter,LIB,,1.0,0.0,0.0,ALP,ALP,False
VIC,321,Fraser,LNP,3,4,ALP>GRN,1,0,Satish Patel,LIB,,1.0,0.0,0.0,ALP,ALP,False
VIC,321,Fraser,ON,5,2,ALP>LNP>GRN>OTH,1,0,George Rozario,ON,,1.0,0.0,0.0,LNP,LNP,False
VIC,322,Macnamara,ON,4,3,ALP>LNP>GRN,1,0,Sean Rubin,ON,,1.0,0.0,0.0,LNP,LNP,False
VIC,324,Nicholls,GRN,4,4,ALP>LNP>ON,1,0,Shelby Eade,GRN,,1.0,0.0,0.0,ALP,ALP,False
VIC,324,Nicholls,ON,3,5,ALP>LNP,1,0,Aaron Tyrrell,ON,,1.0,0.0,0.0,LNP,LNP,False
VIC,326,Hawke,GRN,3,5,ALP>LNP,1,0,Sarah Newman,GRN,,1.0,0.0,0.0,ALP,ALP,False
VIC,328,Corangamite,GRN,3,6,ALP>LNP,1,0,Mitch Pope,GRN,,1.0,0.0,0.0,ALP,ALP,False
WA,235,Brand,OTH,5,1,ALP>LNP>GRN>ON,1,0,Jim Matters,OTH_HMP,CENTRE_LEFT,1.0,0.0,0.0,GRN,GRN,False
WA,236,Canning,GRN,4,3,ALP>LNP>ON,1,0,Jordan Cahill,GRN,,1.0,0.0,0.0,ALP,ALP,False
WA,236,Canning,ON,3,4,ALP>LNP,1,0,Fernando Bove,ON,,1.0,0.0,0.0,LNP,LNP,False
WA,237,Cowan,ON,4,5,ALP>LNP>GRN,1,0,Bradley Yates,ON,,1.0,0.0,0.0,LNP,LNP,False
WA,238,Curtin,ALP,3,4,LNP>IND,1,0,Viktor Andrew Ko,ALP,,1.0,0.0,0.0,IND,IND,False
WA,238,Curtin,GRN,4,3,ALP>LNP>IND,1,0,Kitty Hemsley,GRN,,1.0,0.0,0.0,IND,IND,False
WA,238,Curtin,ON,5,2,ALP>LNP>GRN>IND,1,0,Alexander Ironside,ON,,1.0,0.0,0.0,LNP,LNP,False
WA,238,Curtin,OTH,6,1,ALP>LNP>GRN>ON>IND,1,0,Fred Mulholland,OTH_HMP,CENTRE_LEFT,1.0,0.0,0.0,GRN,GRN,False
WA,239,Forrest,GRN,5,4,ALP>LNP>ON>IND,1,0,Georgia Beardman,GRN,,1.0,0.0,0.0,ALP,ALP,False
WA,239,Forrest,IND,3,6,ALP>LNP,1,0,Sue Chapman,IND_PROMINENT,CENTRE_LEFT,1.0,0.0,0.0,ALP,ALP,False
WA,239,Forrest,ON,4,5,ALP>LNP>IND,1,0,Paul Van Der Mey,ON,,1.0,0.0,0.0,LNP,LNP,False
WA,240,Fremantle,GRN,4,4,ALP>LNP>IND,1,0,Amy Warne,GRN,,1.0,0.0,0.0,IND,IND,False
WA,240,Fremantle,LNP,3,5,ALP>IND,1,0,Tait Marston,LIB,,1.0,0.0,0.0,IND,IND,False
WA,242,Moore,GRN,4,5,ALP>LNP>OTH,1,0,Scott Mccarthy,GRN,,1.0,0.0,0.0,ALP,ALP,False
WA,242,Moore,IND,5,4,ALP>LNP>GRN>OTH,1,0,Nathan Barton,IND_PROMINENT,CENTRE_LEFT,1.0,0.0,0.0,OTH,OTH,False
WA,242,Moore,ON,6,3,ALP>LNP>GRN>IND>OTH,1,0,Paul Fimognari,ON,,1.0,0.0,0.0,LNP,LNP,False
WA,243,O'Connor,GRN,4,4,ALP>LNP>ON,1,0,Giz Watson,GRN,,1.0,0.0,0.0,ALP,ALP,False
WA,244,Pearce,GRN,3,4,ALP>LNP,1,0,Nicholas D'Alonzo,GRN,,1.0,0.0,0.0,ALP,ALP,False
WA,244,Pearce,ON,4,3,ALP>LNP>GRN,1,0,John Burton,ON,,1.0,0.0,0.0,LNP,LNP,False
WA,245,Perth,GRN,3,2,ALP>LNP,1,0,Sophie Greer,GRN,,1.0,0.0,0.0,ALP,ALP,False
WA,245,Perth,ON,4,1,ALP>LNP>GRN,1,0,Peter Hallifax,ON,,1.0,0.0,0.0,LNP,LNP,False
WA,247,Swan,GRN,3,4,ALP>LNP,1,0,Clint Uink,GRN,,1.0,0.0,0.0,ALP,ALP,False
WA,247,Swan,ON,4,3,ALP>LNP>GRN,1,0,Michael Halley,ON,,1.0,0.0,0.0,LNP,LNP,False
WA,248,Tangney,ON,4,3,ALP>LNP>GRN,1,0,Steve Kefalinos,ON,,1.0,0.0,0.0,LNP,LNP,False
WA,305,Hasluck,GRN,3,5,ALP>LNP,1,0,Tamica Matson,GRN,,1.0,0.0,0.0,ALP,ALP,False
WA,305,Hasluck,ON,4,4,ALP>LNP>GRN,1,0,Adrian Deeth,ON,,1.0,0.0,0.0,LNP,LNP,False
WA,317,Burt,GRN,4,4,ALP>LNP>ON,1,0,Adam Abdul Razak,GRN,,1.0,0.0,0.0,ALP,ALP,False
WA,317,Burt,ON,3,5,ALP>LNP,1,0,Liz Ierardi,ON,,1.0,0.0,0.0,LNP,LNP,False
WA,329,Bullwinkel,ON,4,3,ALP>LNP>GRN,1,0,Trevor Mayes,ON,,1.0,0.0,0.0,LNP,LNP,False
