Division,State,ALP_primary,LNP_primary,GRN_primary,ON_primary,IND_primary,OTH_primary,ALP_3CP,LNP_3CP,GRN_3CP,ON_3CP,IND_3CP,OTH_3CP,ALP_2CP,LNP_2CP,GRN_2CP,ON_2CP,IND_2CP,OTH_2CP,ALP_2PP,LNP_2PP,GRN_2PP,ON_2PP,IND_2PP,OTH_2PP
Adelaide,SA,39.5548,15.1246,21.4520,18.8037,0.0000,5.0649,43.2245,0.0000,24.1999,32.5756,0.0000,0.0000,64.8834,0.0000,0.0000,35.1166,0.0000,0.0000,69.0654,30.9346,0.0000,0.0000,0.0000,0.0000
Aston,VIC,30.4978,28.1245,13.7151,17.8233,3.9337,5.9057,44.4530,32.7822,0.0000,22.7649,0.0000,0.0000,50.6575,49.3425,0.0000,0.0000,0.0000,0.0000,53.4279,46.5721,0.0000,0.0000,0.0000,0.0000
Ballarat,VIC,36.8011,16.8816,16.1488,23.0055,2.5342,4.6287,51.4655,20.9803,0.0000,27.5541,0.0000,0.0000,57.4240,0.0000,0.0000,42.5760,0.0000,0.0000,60.6648,39.3352,0.0000,0.0000,0.0000,0.0000
Banks,NSW,30.7276,29.6800,13.0708,18.7298,1.7797,6.0121,42.9185,32.9722,0.0000,24.1093,0.0000,0.0000,49.5025,50.4975,0.0000,0.0000,0.0000,0.0000,52.3879,47.6121,0.0000,0.0000,0.0000,0.0000
Barker,SA,15.8866,37.9010,9.6780,24.7851,5.7770,5.9723,26.1827,43.0498,0.0000,30.7674,0.0000,0.0000,0.0000,58.4741,0.0000,41.5259,0.0000,0.0000,36.9824,63.0176,0.0000,0.0000,0.0000,0.0000
Barton,NSW,41.4201,14.2417,16.5187,21.9196,0.0000,5.8999,44.4166,0.0000,18.3885,37.1949,0.0000,0.0000,60.8743,0.0000,0.0000,39.1257,0.0000,0.0000,66.0033,33.9967,0.0000,0.0000,0.0000,0.0000
Bass,TAS,30.7345,22.1683,14.1944,22.4104,5.5037,4.7838,45.0968,27.0598,0.0000,27.6384,0.0000,0.0000,52.7818,0.0000,0.0000,47.0133,0.0000,0.0000,58.0104,41.9896,0.0000,0.0000,0.0000,0.0000
Bean,ACT,40.2542,15.3700,14.4426,4.6652,25.2680,0.0000,40.7056,17.9603,14.7917,0.0000,26.5424,0.0000,47.8324,18.4060,0.0000,0.0000,33.7616,0.0000,69.2902,30.7098,0.0000,0.0000,0.0000,0.0000
Bendigo,VIC,30.0735,26.0848,13.9291,21.3107,0.0000,8.6019,42.7574,33.3552,0.0000,23.8874,0.0000,0.0000,49.3251,50.6749,0.0000,0.0000,0.0000,0.0000,51.3989,48.6011,0.0000,0.0000,0.0000,0.0000
Bennelong,NSW,37.6133,26.3311,13.8058,15.0096,0.0000,7.2403,51.2070,29.5497,0.0000,19.2432,0.0000,0.0000,56.3856,43.6144,0.0000,0.0000,0.0000,0.0000,59.2613,40.7387,0.0000,0.0000,0.0000,0.0000
Berowra,NSW,20.5182,32.3711,14.7173,20.3429,9.0962,2.9543,39.0725,36.6013,0.0000,24.3262,0.0000,0.0000,45.4443,54.5557,0.0000,0.0000,0.0000,0.0000,48.3655,51.6345,0.0000,0.0000,0.0000,0.0000
Blair,QLD,30.1737,16.4012,12.6488,27.2447,0.0000,13.5317,41.4428,21.1176,0.0000,37.4396,0.0000,0.0000,47.4402,0.0000,0.0000,52.5598,0.0000,0.0000,55.5477,44.4523,0.0000,0.0000,0.0000,0.0000
Blaxland,NSW,40.5147,9.9905,9.2177,17.2719,18.1150,4.8901,46.7412,0.0000,0.0000,28.4531,24.8057,0.0000,67.2059,0.0000,0.0000,32.7941,0.0000,0.0000,71.9034,28.0966,0.0000,0.0000,0.0000,0.0000
Bonner,QLD,31.4302,26.9045,15.5162,19.6901,0.0000,6.4591,44.7944,31.3097,0.0000,23.8959,0.0000,0.0000,51.3090,48.6910,0.0000,0.0000,0.0000,0.0000,54.9977,45.0023,0.0000,0.0000,0.0000,0.0000
Boothby,SA,32.6463,21.6833,17.6768,15.5479,8.8089,3.6368,40.0900,34.9736,24.9365,0.0000,0.0000,0.0000,62.0564,37.9436,0.0000,0.0000,0.0000,0.0000,61.1033,38.8967,0.0000,0.0000,0.0000,0.0000
Bowman,QLD,24.9150,28.8967,13.8026,24.1710,0.0000,8.2148,36.6528,33.3891,0.0000,29.9581,0.0000,0.0000,44.8977,55.1023,0.0000,0.0000,0.0000,0.0000,47.5724,52.4276,0.0000,0.0000,0.0000,0.0000
Braddon,TAS,29.1284,23.4276,9.7745,23.3820,8.3507,5.9369,41.5092,27.0833,0.0000,31.4075,0.0000,0.0000,49.2009,0.0000,0.0000,50.7991,0.0000,0.0000,57.2007,42.7993,0.0000,0.0000,0.0000,0.0000
Bradfield,NSW,14.8517,30.7730,9.8266,13.6466,26.7789,4.1231,21.5841,42.8660,0.0000,0.0000,35.5499,0.0000,0.0000,49.8332,0.0000,0.0000,50.1668,0.0000,45.0473,54.9527,0.0000,0.0000,0.0000,0.0000
Brand,WA,40.7822,8.8844,14.4560,27.8826,0.0000,7.9948,44.3401,0.0000,17.7815,37.8783,0.0000,0.0000,60.2546,0.0000,0.0000,39.7454,0.0000,0.0000,66.9197,33.0803,0.0000,0.0000,0.0000,0.0000
Brisbane,QLD,25.8080,24.7352,29.0853,15.9775,0.0000,4.3940,29.6754,37.8942,32.4304,0.0000,0.0000,0.0000,0.0000,45.0852,54.9148,0.0000,0.0000,0.0000,58.9598,41.0402,0.0000,0.0000,0.0000,0.0000
Bruce,VIC,37.8956,13.8341,13.2350,24.0650,0.0000,10.9702,51.5447,18.3575,0.0000,30.0978,0.0000,0.0000,56.7583,0.0000,0.0000,43.2417,0.0000,0.0000,64.6163,35.3837,0.0000,0.0000,0.0000,0.0000
Bullwinkel,WA,26.9591,25.0240,12.9916,24.2902,0.0000,10.7352,38.0255,32.2037,0.0000,29.7708,0.0000,0.0000,45.7538,54.2462,0.0000,0.0000,0.0000,0.0000,50.5092,49.4908,0.0000,0.0000,0.0000,0.0000
Burt,WA,41.1269,9.1898,12.6912,25.5228,1.8962,9.5732,46.3849,0.0000,16.5586,37.0565,0.0000,0.0000,60.5890,0.0000,0.0000,39.4110,0.0000,0.0000,65.7051,34.2949,0.0000,0.0000,0.0000,0.0000
Calare,NSW,5.5029,22.7420,5.5346,24.4753,34.6520,7.0932,0.0000,28.3440,0.0000,28.4135,43.2425,0.0000,0.0000,0.0000,0.0000,50.6838,49.3162,0.0000,37.7436,62.2564,0.0000,0.0000,0.0000,0.0000
Calwell,VIC,32.0587,7.3107,11.9457,22.5905,13.5073,12.5871,44.3885,0.0000,0.0000,29.7110,25.9006,0.0000,61.6555,0.0000,0.0000,38.3445,0.0000,0.0000,64.7063,35.2937,0.0000,0.0000,0.0000,0.0000
Canberra,ACT,47.5584,9.0573,26.2156,4.4057,11.1401,1.6229,48.3001,12.0404,26.8913,0.0000,12.7682,0.0000,63.8042,0.0000,36.1958,0.0000,0.0000,0.0000,76.4178,23.5822,0.0000,0.0000,0.0000,0.0000
Canning,WA,25.0074,30.8654,10.5064,26.6213,0.0000,6.9995,35.2390,33.6339,0.0000,31.1270,0.0000,0.0000,44.0945,55.9055,0.0000,0.0000,0.0000,0.0000,43.4489,56.5511,0.0000,0.0000,0.0000,0.0000
Capricornia,QLD,24.6497,25.7705,7.8291,32.5234,0.0000,9.2273,31.8167,28.6663,0.0000,39.5170,0.0000,0.0000,39.9579,0.0000,0.0000,60.0421,0.0000,0.0000,44.0333,55.9667,0.0000,0.0000,0.0000,0.0000
Casey,VIC,18.5690,28.7821,13.4086,20.2302,10.2062,8.8039,38.3435,34.2502,0.0000,27.4062,0.0000,0.0000,45.6198,54.3802,0.0000,0.0000,0.0000,0.0000,47.0343,52.9657,0.0000,0.0000,0.0000,0.0000
Chifley,NSW,47.4549,9.7995,10.7004,22.2396,0.0000,9.8057,58.7005,0.0000,0.0000,29.0541,0.0000,12.2454,64.2680,0.0000,0.0000,35.7320,0.0000,0.0000,69.8325,30.1675,0.0000,0.0000,0.0000,0.0000
Chisholm,VIC,33.0827,27.6141,15.3286,13.3869,5.9113,4.6762,37.7491,41.9318,20.3191,0.0000,0.0000,0.0000,55.0457,44.9543,0.0000,0.0000,0.0000,0.0000,55.7009,44.2991,0.0000,0.0000,0.0000,0.0000
Clark,TAS,13.8920,2.9832,15.2978,18.7380,49.0889,0.0000,0.0000,0.0000,28.5706,19.5444,51.8850,0.0000,0.0000,0.0000,31.1232,0.0000,68.8768,0.0000,70.8874,29.1126,0.0000,0.0000,0.0000,0.0000
Cook,NSW,23.8709,38.7222,11.7673,19.7469,0.0000,5.8926,33.7060,42.7031,0.0000,23.5909,0.0000,0.0000,39.9887,60.0113,0.0000,0.0000,0.0000,0.0000,42.8058,57.1942,0.0000,0.0000,0.0000,0.0000
Cooper,VIC,36.0259,4.1661,28.1460,20.3079,0.0000,11.3541,39.4964,0.0000,35.4932,25.0104,0.0000,0.0000,58.3818,0.0000,41.6182,0.0000,0.0000,0.0000,78.5316,21.4684,0.0000,0.0000,0.0000,0.0000
Corangamite,VIC,32.1617,23.2646,16.7134,17.1482,4.2037,6.5085,38.0079,38.9028,23.0893,0.0000,0.0000,0.0000,58.3531,41.6469,0.0000,0.0000,0.0000,0.0000,58.0475,41.9525,0.0000,0.0000,0.0000,0.0000
Corio,VIC,36.4002,13.5716,17.3167,25.0991,2.9948,4.6177,39.8398,0.0000,21.9558,38.2043,0.0000,0.0000,59.4903,0.0000,0.0000,40.5097,0.0000,0.0000,63.2313,36.7687,0.0000,0.0000,0.0000,0.0000
Cowan,WA,40.6276,14.6769,12.4613,19.9600,3.3034,8.9709,53.9715,21.0458,0.0000,24.9827,0.0000,0.0000,59.9485,0.0000,0.0000,40.0515,0.0000,0.0000,63.6347,36.3653,0.0000,0.0000,0.0000,0.0000
Cowper,NSW,6.3665,27.3683,6.5006,21.4700,29.1504,9.1443,0.0000,32.7358,0.0000,26.3497,40.9145,0.0000,0.0000,51.2441,0.0000,0.0000,48.7559,0.0000,40.9236,59.0764,0.0000,0.0000,0.0000,0.0000
Cunningham,NSW,37.5052,12.1618,22.1244,25.1443,0.0000,3.0642,39.9117,0.0000,24.2270,35.8613,0.0000,0.0000,61.5949,0.0000,0.0000,38.4051,0.0000,0.0000,67.5217,32.4783,0.0000,0.0000,0.0000,0.0000
Curtin,WA,8.8600,30.5091,10.6733,15.1607,33.1825,1.6144,0.0000,33.1994,0.0000,17.1156,49.6850,0.0000,0.0000,44.8627,0.0000,0.0000,55.1373,0.0000,47.8405,52.1595,0.0000,0.0000,0.0000,0.0000
Dawson,QLD,19.5054,30.4546,8.7925,28.5359,0.0000,12.7116,27.3588,35.6119,0.0000,37.0293,0.0000,0.0000,0.0000,51.7289,0.0000,48.2711,0.0000,0.0000,38.1596,61.8404,0.0000,0.0000,0.0000,0.0000
Deakin,VIC,28.8296,28.7056,14.5634,15.9365,7.0210,4.9438,45.1173,33.8444,0.0000,21.0382,0.0000,0.0000,50.5546,49.4454,0.0000,0.0000,0.0000,0.0000,52.8228,47.1772,0.0000,0.0000,0.0000,0.0000
Dickson,QLD,27.3535,25.5019,10.8790,20.0925,9.4647,6.7084,43.9463,31.0480,0.0000,25.0057,0.0000,0.0000,50.5964,49.4036,0.0000,0.0000,0.0000,0.0000,56.0589,43.9411,0.0000,0.0000,0.0000,0.0000
Dobell,NSW,36.4253,17.8211,11.5436,26.2677,0.0000,7.9423,47.4805,21.9386,0.0000,30.5809,0.0000,0.0000,53.7111,0.0000,0.0000,46.2889,0.0000,0.0000,59.4284,40.5716,0.0000,0.0000,0.0000,0.0000
Dunkley,VIC,32.8174,20.9258,13.1549,21.8919,2.6948,8.5152,48.0871,25.2458,0.0000,26.6670,0.0000,0.0000,55.2569,0.0000,0.0000,44.7431,0.0000,0.0000,57.0793,42.9207,0.0000,0.0000,0.0000,0.0000
Durack,WA,18.5130,22.0252,10.2090,26.5688,0.0000,22.6840,29.5680,32.9466,0.0000,37.4854,0.0000,0.0000,0.0000,50.3651,0.0000,49.6349,0.0000,0.0000,39.8468,60.1532,0.0000,0.0000,0.0000,0.0000
Eden-Monaro,NSW,36.0431,21.3364,11.5189,24.2799,2.3967,4.4250,46.9352,24.5815,0.0000,28.4833,0.0000,0.0000,53.9163,0.0000,0.0000,46.0837,0.0000,0.0000,57.2146,42.7854,0.0000,0.0000,0.0000,0.0000
Fadden,QLD,19.8719,30.3018,11.3298,25.2570,3.3464,9.8931,31.9302,34.6654,0.0000,33.4044,0.0000,0.0000,0.0000,53.4754,0.0000,46.5246,0.0000,0.0000,43.1567,56.8433,0.0000,0.0000,0.0000,0.0000
Fairfax,QLD,17.4354,27.3908,12.3762,23.3868,12.7055,6.7052,34.5080,36.0667,0.0000,29.4253,0.0000,0.0000,42.3133,57.6867,0.0000,0.0000,0.0000,0.0000,46.7194,53.2806,0.0000,0.0000,0.0000,0.0000
Farrer,NSW,9.5497,32.7935,7.4175,21.8183,18.8056,9.6153,0.0000,38.4750,0.0000,29.3564,32.1686,0.0000,0.0000,52.8772,0.0000,0.0000,47.1228,0.0000,37.1142,62.8858,0.0000,0.0000,0.0000,0.0000
Fenner,ACT,53.4163,13.9681,21.0564,4.6791,0.0000,6.8801,54.0189,16.1358,21.5420,0.0000,0.0000,8.3034,56.4855,20.4261,23.0884,0.0000,0.0000,0.0000,72.0813,27.9187,0.0000,0.0000,0.0000,0.0000
Fisher,QLD,15.8510,26.6324,11.9835,22.7261,15.4114,7.3957,0.0000,36.3974,0.0000,28.3975,35.2050,0.0000,0.0000,51.5051,0.0000,0.0000,48.4949,0.0000,43.9657,56.0343,0.0000,0.0000,0.0000,0.0000
Flinders,VIC,15.7210,29.2330,8.5841,19.5252,20.9422,5.9945,0.0000,44.8591,0.0000,24.5121,30.6288,0.0000,0.0000,62.4925,0.0000,0.0000,37.5075,0.0000,45.2181,54.7819,0.0000,0.0000,0.0000,0.0000
Flynn,QLD,20.8446,25.6729,7.0602,30.9930,4.9311,10.4981,29.6931,29.4708,0.0000,40.8360,0.0000,0.0000,38.0629,0.0000,0.0000,61.9371,0.0000,0.0000,39.7365,60.2635,0.0000,0.0000,0.0000,0.0000
Forde,QLD,26.3093,20.7199,12.6545,26.9647,3.2001,10.1516,38.6879,25.9380,0.0000,35.3741,0.0000,0.0000,46.0543,0.0000,0.0000,53.9457,0.0000,0.0000,51.8004,48.1996,0.0000,0.0000,0.0000,0.0000
Forrest,WA,16.9327,21.8250,10.5606,23.7677,17.2211,9.6928,0.0000,33.5357,0.0000,28.0965,38.3679,0.0000,0.0000,50.4318,0.0000,0.0000,49.5682,0.0000,47.7644,52.2356,0.0000,0.0000,0.0000,0.0000
Fowler,NSW,31.6396,2.3389,8.1798,19.5929,32.7989,5.4498,36.9286,0.0000,0.0000,22.5912,40.4802,0.0000,43.6077,0.0000,0.0000,0.0000,56.3923,0.0000,68.1863,31.8137,0.0000,0.0000,0.0000,0.0000
Franklin,TAS,30.8404,9.0671,13.3265,18.6912,25.1649,2.9099,47.1492,0.0000,0.0000,21.5661,31.2847,0.0000,55.8958,0.0000,0.0000,0.0000,44.1042,0.0000,69.4410,30.5590,0.0000,0.0000,0.0000,0.0000
Fraser,VIC,36.9649,7.5987,25.8504,19.7183,0.0000,9.8677,41.7648,0.0000,34.5962,23.6391,0.0000,0.0000,53.3020,0.0000,46.6980,0.0000,0.0000,0.0000,72.0230,27.9770,0.0000,0.0000,0.0000,0.0000
Fremantle,WA,32.3844,8.4889,14.2909,20.2464,21.7203,2.8692,41.1589,0.0000,0.0000,23.1765,35.6646,0.0000,45.4682,0.0000,0.0000,0.0000,54.5318,0.0000,68.6821,31.3179,0.0000,0.0000,0.0000,0.0000
Gellibrand,VIC,39.9464,15.2767,18.6272,21.1857,0.0000,4.9640,43.2298,0.0000,20.9746,35.7956,0.0000,0.0000,62.0021,0.0000,0.0000,37.9979,0.0000,0.0000,65.1024,34.8976,0.0000,0.0000,0.0000,0.0000
Gilmore,NSW,31.5158,25.0408,9.7027,19.3427,7.2701,7.1278,46.2034,29.2093,0.0000,24.5873,0.0000,0.0000,52.8270,47.1730,0.0000,0.0000,0.0000,0.0000,55.1295,44.8705,0.0000,0.0000,0.0000,0.0000
Gippsland,VIC,14.5741,41.2516,10.1830,30.4271,0.0000,3.5642,22.7395,44.5999,0.0000,32.6606,0.0000,0.0000,0.0000,57.9957,0.0000,42.0043,0.0000,0.0000,30.6440,69.3560,0.0000,0.0000,0.0000,0.0000
Goldstein,VIC,7.9876,32.9129,9.7756,13.7343,32.7676,2.8220,0.0000,35.3643,0.0000,16.6465,47.9891,0.0000,0.0000,48.3643,0.0000,0.0000,51.6357,0.0000,46.0300,53.9700,0.0000,0.0000,0.0000,0.0000
Gorton,VIC,36.5024,17.4183,12.1203,23.2465,0.0000,10.7125,49.5645,22.7547,0.0000,27.6808,0.0000,0.0000,56.0268,0.0000,0.0000,43.9732,0.0000,0.0000,60.2839,39.7161,0.0000,0.0000,0.0000,0.0000
Grayndler,NSW,48.2479,3.9865,26.3952,18.0177,2.0824,1.2703,50.8047,0.0000,28.2969,20.8983,0.0000,0.0000,60.8300,0.0000,39.1700,0.0000,0.0000,0.0000,80.1755,19.8245,0.0000,0.0000,0.0000,0.0000
Greenway,NSW,43.2937,17.8310,11.8366,20.0075,2.3895,4.6417,53.3854,22.0604,0.0000,24.5542,0.0000,0.0000,59.6505,0.0000,0.0000,40.3495,0.0000,0.0000,63.7614,36.2386,0.0000,0.0000,0.0000,0.0000
Grey,SA,16.0077,25.9498,7.8416,26.1422,16.3555,7.7033,0.0000,36.0632,0.0000,30.7887,33.1481,0.0000,0.0000,52.2261,0.0000,0.0000,47.7739,0.0000,45.3579,54.6421,0.0000,0.0000,0.0000,0.0000
Griffith,QLD,27.9847,16.9053,35.3562,16.4507,0.0000,3.3032,36.7256,0.0000,37.9069,25.3674,0.0000,0.0000,48.5101,0.0000,51.4899,0.0000,0.0000,0.0000,65.9418,34.0582,0.0000,0.0000,0.0000,0.0000
Groom,QLD,10.9573,29.9965,7.3456,26.8438,19.3884,5.4684,0.0000,36.0032,0.0000,31.1649,32.8319,0.0000,0.0000,53.4071,0.0000,0.0000,46.5929,0.0000,36.6496,63.3504,0.0000,0.0000,0.0000,0.0000
Hasluck,WA,41.2388,12.9061,14.0374,22.7754,0.0000,9.0423,45.3649,0.0000,17.3243,37.3108,0.0000,0.0000,60.8702,0.0000,0.0000,39.1298,0.0000,0.0000,65.9742,34.0258,0.0000,0.0000,0.0000,0.0000
Hawke,VIC,32.2634,17.8581,11.3047,25.7052,0.0000,12.8687,43.4619,22.9338,0.0000,33.6042,0.0000,0.0000,49.9751,0.0000,0.0000,50.0249,0.0000,0.0000,57.6303,42.3697,0.0000,0.0000,0.0000,0.0000
Herbert,QLD,16.7104,37.2468,10.9324,21.3418,0.0000,13.7686,28.2595,44.5095,0.0000,27.2310,0.0000,0.0000,35.5734,64.4266,0.0000,0.0000,0.0000,0.0000,36.6257,63.3743,0.0000,0.0000,0.0000,0.0000
Hindmarsh,SA,41.5008,14.5561,15.7680,20.7631,0.0000,7.4120,45.2461,0.0000,19.1463,35.6075,0.0000,0.0000,62.3821,0.0000,0.0000,37.6179,0.0000,0.0000,66.3487,33.6513,0.0000,0.0000,0.0000,0.0000
Hinkler,QLD,22.8600,27.3992,8.5465,29.3845,2.3900,9.4199,30.0552,31.1249,0.0000,38.8200,0.0000,0.0000,0.0000,48.8303,0.0000,51.1697,0.0000,0.0000,43.6982,56.3018,0.0000,0.0000,0.0000,0.0000
Holt,VIC,37.7768,14.8166,12.2867,24.6320,0.0000,10.4879,51.7154,18.8698,0.0000,29.4148,0.0000,0.0000,57.0745,0.0000,0.0000,42.9255,0.0000,0.0000,64.0285,35.9715,0.0000,0.0000,0.0000,0.0000
Hotham,VIC,42.1084,15.4388,16.8981,19.2397,0.0000,6.3151,45.5655,0.0000,19.8389,34.5957,0.0000,0.0000,63.3213,0.0000,0.0000,36.6787,0.0000,0.0000,66.8594,33.1406,0.0000,0.0000,0.0000,0.0000
Hughes,NSW,30.7811,26.6878,12.2015,19.4130,0.0000,10.9166,42.5332,31.4831,0.0000,25.9836,0.0000,0.0000,49.5591,50.4409,0.0000,0.0000,0.0000,0.0000,53.0566,46.9434,0.0000,0.0000,0.0000,0.0000
Hume,NSW,20.1168,31.8037,9.4490,24.3074,4.1348,10.1883,29.5540,36.9518,0.0000,33.4942,0.0000,0.0000,0.0000,54.3620,0.0000,45.6380,0.0000,0.0000,41.9436,58.0564,0.0000,0.0000,0.0000,0.0000
Hunter,NSW,36.1332,8.4394,9.4817,33.0183,0.0000,12.9274,45.2009,0.0000,0.0000,40.0669,0.0000,14.7322,50.8983,0.0000,0.0000,49.1017,0.0000,0.0000,59.4813,40.5187,0.0000,0.0000,0.0000,0.0000
Indi,VIC,2.3182,19.2893,5.3699,23.4106,43.0249,6.5871,0.0000,21.5781,0.0000,27.9810,50.4409,0.0000,0.0000,0.0000,0.0000,44.9352,55.0648,0.0000,43.3335,56.6665,0.0000,0.0000,0.0000,0.0000
Isaacs,VIC,42.3362,17.6207,15.5812,19.5903,0.0000,4.8717,55.8238,21.0199,0.0000,23.1562,0.0000,0.0000,61.7935,0.0000,0.0000,38.2065,0.0000,0.0000,64.3403,35.6597,0.0000,0.0000,0.0000,0.0000
Jagajaga,VIC,36.4489,18.3164,17.8614,17.9303,5.8148,3.6282,41.9806,35.1618,22.8576,0.0000,0.0000,0.0000,62.6059,37.3941,0.0000,0.0000,0.0000,0.0000,62.8791,37.1209,0.0000,0.0000,0.0000,0.0000
Kennedy,QLD,11.2385,14.9221,8.5930,16.3642,0.0000,48.8823,18.5083,0.0000,0.0000,28.2470,0.0000,53.2447,0.0000,0.0000,0.0000,30.4893,0.0000,69.5107,40.6691,59.3309,0.0000,0.0000,0.0000,0.0000
Kingsford Smith,NSW,43.8709,15.7302,15.8994,21.1787,3.3209,0.0000,47.1435,0.0000,18.3232,34.5334,0.0000,0.0000,63.5427,0.0000,0.0000,36.4573,0.0000,0.0000,67.1872,32.8128,0.0000,0.0000,0.0000,0.0000
Kingston,SA,44.4176,8.8336,14.4713,21.5063,4.2699,6.5012,49.0613,0.0000,17.2232,33.7154,0.0000,0.0000,64.4762,0.0000,0.0000,35.5238,0.0000,0.0000,70.7405,29.2595,0.0000,0.0000,0.0000,0.0000
Kooyong,VIC,6.1576,34.5049,10.8796,10.5628,36.0710,1.8241,0.0000,44.9052,14.3731,0.0000,40.7217,0.0000,0.0000,46.3282,0.0000,0.0000,53.6718,0.0000,47.6281,52.3719,0.0000,0.0000,0.0000,0.0000
La Trobe,VIC,24.5320,29.2885,14.1745,23.7955,0.0000,8.2095,36.5248,34.4971,0.0000,28.9780,0.0000,0.0000,44.4704,55.5296,0.0000,0.0000,0.0000,0.0000,47.9395,52.0605,0.0000,0.0000,0.0000,0.0000
Lalor,VIC,36.7537,14.4792,15.8415,22.6586,2.5084,7.7586,41.3244,0.0000,19.5401,39.1355,0.0000,0.0000,58.8128,0.0000,0.0000,41.1872,0.0000,0.0000,63.2136,36.7864,0.0000,0.0000,0.0000,0.0000
Leichhardt,QLD,28.3844,18.4488,11.3343,25.2896,0.0000,16.5430,39.5188,22.9735,0.0000,37.5078,0.0000,0.0000,46.0432,0.0000,0.0000,53.9568,0.0000,0.0000,56.1303,43.8697,0.0000,0.0000,0.0000,0.0000
Lilley,QLD,39.5212,17.1769,18.6285,19.6689,0.0000,5.0044,43.0288,0.0000,20.5681,36.4031,0.0000,0.0000,61.4372,0.0000,0.0000,38.5628,0.0000,0.0000,64.5201,35.4799,0.0000,0.0000,0.0000,0.0000
Lindsay,NSW,26.2020,30.3717,11.0657,23.2059,0.0000,9.1547,37.2246,34.0798,0.0000,28.6956,0.0000,0.0000,45.6424,54.3576,0.0000,0.0000,0.0000,0.0000,47.2174,52.7826,0.0000,0.0000,0.0000,0.0000
Lingiari,NT,35.1762,19.7024,11.6632,24.1419,4.4722,4.8441,48.8981,24.1973,0.0000,26.9046,0.0000,0.0000,55.7702,0.0000,0.0000,44.2298,0.0000,0.0000,58.1259,41.8741,0.0000,0.0000,0.0000,0.0000
Longman,QLD,28.1199,25.0424,10.8837,26.8178,0.0000,9.1363,37.7146,28.2397,0.0000,34.0458,0.0000,0.0000,45.7346,0.0000,0.0000,54.2654,0.0000,0.0000,49.8897,50.1103,0.0000,0.0000,0.0000,0.0000
Lyne,NSW,13.7274,26.0215,8.2999,22.0967,14.8001,15.0544,0.0000,37.6843,0.0000,29.4779,32.8378,0.0000,0.0000,55.3836,0.0000,0.0000,44.6164,0.0000,40.2204,59.7796,0.0000,0.0000,0.0000,0.0000
Lyons,TAS,33.3181,17.5700,12.7367,22.8941,2.9136,10.5675,47.5309,23.0177,0.0000,29.4514,0.0000,0.0000,54.0679,0.0000,0.0000,45.9321,0.0000,0.0000,61.5837,38.4163,0.0000,0.0000,0.0000,0.0000
Macarthur,NSW,41.5314,13.2651,13.2919,24.9121,0.0000,6.9994,44.9214,0.0000,15.8204,39.2582,0.0000,0.0000,59.0806,0.0000,0.0000,40.9194,0.0000,0.0000,65.6058,34.3942,0.0000,0.0000,0.0000,0.0000
Mackellar,NSW,5.4072,27.0646,8.4865,15.4911,39.5399,4.0107,0.0000,30.9574,0.0000,18.4703,50.5723,0.0000,0.0000,44.6566,0.0000,0.0000,55.3434,0.0000,46.3428,53.6572,0.0000,0.0000,0.0000,0.0000
Macnamara,VIC,30.7021,21.6095,30.0456,16.0486,0.0000,1.5942,33.4898,33.9991,32.5111,0.0000,0.0000,0.0000,63.3623,36.6377,0.0000,0.0000,0.0000,0.0000,61.7951,38.2049,0.0000,0.0000,0.0000,0.0000
Macquarie,NSW,36.1443,21.2375,13.4160,25.1314,0.0000,4.0709,47.5526,23.6524,0.0000,28.7949,0.0000,0.0000,54.2699,0.0000,0.0000,45.7301,0.0000,0.0000,57.7057,42.2943,0.0000,0.0000,0.0000,0.0000
Makin,SA,41.4147,13.4476,13.9404,22.7757,0.0000,8.4216,44.8280,0.0000,17.4679,37.7040,0.0000,0.0000,60.4618,0.0000,0.0000,39.5382,0.0000,0.0000,64.6578,35.3422,0.0000,0.0000,0.0000,0.0000
Mallee,VIC,9.9909,31.2580,8.3781,23.7519,12.4505,14.1706,23.5129,41.2317,0.0000,35.2554,0.0000,0.0000,0.0000,55.0831,0.0000,44.9169,0.0000,0.0000,30.7222,69.2778,0.0000,0.0000,0.0000,0.0000
Maranoa,QLD,9.6680,42.1686,6.7843,29.6308,0.0000,11.7482,15.4507,46.5888,0.0000,37.9605,0.0000,0.0000,0.0000,55.6908,0.0000,44.3092,0.0000,0.0000,26.0362,73.9638,0.0000,0.0000,0.0000,0.0000
Maribyrnong,VIC,35.8907,18.4201,22.0875,21.6431,0.0000,1.9586,38.9315,0.0000,23.8438,37.2247,0.0000,0.0000,60.2717,0.0000,0.0000,39.7283,0.0000,0.0000,62.6456,37.3544,0.0000,0.0000,0.0000,0.0000
Mayo,SA,14.3685,13.2384,15.0246,21.7246,0.0000,35.6439,28.0575,0.0000,0.0000,27.8423,0.0000,44.1002,34.5815,0.0000,0.0000,0.0000,0.0000,65.4185,54.9760,45.0240,0.0000,0.0000,0.0000,0.0000
McEwen,VIC,31.2545,21.2762,13.6102,22.9409,0.0000,10.9182,44.8776,26.6207,0.0000,28.5018,0.0000,0.0000,52.4378,0.0000,0.0000,47.5622,0.0000,0.0000,54.6545,45.3455,0.0000,0.0000,0.0000,0.0000
McMahon,NSW,39.0308,15.3732,9.8564,25.1823,9.2808,1.2766,50.9021,20.9257,0.0000,28.1723,0.0000,0.0000,56.8450,0.0000,0.0000,43.1550,0.0000,0.0000,59.0198,40.9802,0.0000,0.0000,0.0000,0.0000
McPherson,QLD,16.5909,25.8662,11.6485,20.2464,14.3624,11.2855,35.4334,36.3009,0.0000,28.2656,0.0000,0.0000,42.8180,57.1820,0.0000,0.0000,0.0000,0.0000,45.6144,54.3856,0.0000,0.0000,0.0000,0.0000
Melbourne,VIC,24.8268,8.7643,44.2914,14.3705,4.8705,2.8764,32.0547,0.0000,48.1314,19.8139,0.0000,0.0000,47.9350,0.0000,52.0650,0.0000,0.0000,0.0000,73.9707,26.0293,0.0000,0.0000,0.0000,0.0000
Menzies,VIC,28.8781,30.4176,13.6828,14.4533,6.3056,6.2625,44.2788,36.2197,0.0000,19.5015,0.0000,0.0000,49.4332,50.5668,0.0000,0.0000,0.0000,0.0000,51.0774,48.9226,0.0000,0.0000,0.0000,0.0000
Mitchell,NSW,25.5912,37.0501,15.2846,19.8479,0.0000,2.2262,36.9046,40.4879,0.0000,22.6075,0.0000,0.0000,43.0902,56.9098,0.0000,0.0000,0.0000,0.0000,46.1913,53.8087,0.0000,0.0000,0.0000,0.0000
Monash,VIC,15.4216,21.7985,7.8753,24.9033,23.1616,6.8397,0.0000,33.2000,0.0000,26.3006,40.4994,0.0000,0.0000,49.8610,0.0000,0.0000,50.1390,0.0000,45.9554,54.0446,0.0000,0.0000,0.0000,0.0000
Moncrieff,QLD,17.1621,31.0235,11.7141,22.2985,8.5652,9.2367,31.6135,37.8592,0.0000,30.5272,0.0000,0.0000,39.8435,60.1565,0.0000,0.0000,0.0000,0.0000,41.2515,58.7485,0.0000,0.0000,0.0000,0.0000
Moore,WA,25.6962,22.2303,13.3430,18.9031,15.6379,4.1895,43.1416,33.6649,0.0000,23.1935,0.0000,0.0000,49.1824,50.8176,0.0000,0.0000,0.0000,0.0000,52.8862,47.1138,0.0000,0.0000,0.0000,0.0000
Moreton,QLD,36.0098,16.7658,23.8899,17.3899,0.0000,5.9446,39.9580,0.0000,26.0130,34.0290,0.0000,0.0000,63.2397,0.0000,0.0000,36.7603,0.0000,0.0000,66.0912,33.9088,0.0000,0.0000,0.0000,0.0000
New England,NSW,13.9813,40.0558,9.4621,27.1576,3.5846,5.7585,23.4635,44.2300,0.0000,32.3065,0.0000,0.0000,0.0000,58.0524,0.0000,41.9476,0.0000,0.0000,32.9404,67.0596,0.0000,0.0000,0.0000,0.0000
Newcastle,NSW,39.4864,9.2093,23.7935,21.1360,0.0000,6.3749,44.6962,0.0000,27.7071,27.5967,0.0000,0.0000,58.5974,0.0000,41.4026,0.0000,0.0000,0.0000,70.7923,29.2077,0.0000,0.0000,0.0000,0.0000
Nicholls,VIC,12.6539,28.1068,7.0449,22.7572,22.3694,7.0678,0.0000,38.7157,0.0000,26.9516,34.3327,0.0000,0.0000,60.4812,0.0000,0.0000,39.5188,0.0000,35.8229,64.1771,0.0000,0.0000,0.0000,0.0000
O'Connor,WA,16.2667,25.4434,11.9049,27.2571,0.0000,19.1279,26.0798,35.5491,0.0000,38.3711,0.0000,0.0000,0.0000,50.9127,0.0000,49.0873,0.0000,0.0000,36.7365,63.2635,0.0000,0.0000,0.0000,0.0000
Oxley,QLD,45.5911,11.8915,15.6408,22.1435,0.0000,4.7331,48.1580,0.0000,17.3807,34.4614,0.0000,0.0000,63.7137,0.0000,0.0000,36.2863,0.0000,0.0000,69.3232,30.6768,0.0000,0.0000,0.0000,0.0000
Page,NSW,15.4357,34.2919,15.5629,18.8159,3.2287,12.6649,31.0904,41.3103,0.0000,27.5992,0.0000,0.0000,38.4298,61.5702,0.0000,0.0000,0.0000,0.0000,40.7142,59.2858,0.0000,0.0000,0.0000,0.0000
Parkes,NSW,13.3917,30.5205,7.4521,30.8696,2.5572,15.2090,0.0000,38.1429,0.0000,34.7143,0.0000,27.1428,0.0000,48.1499,0.0000,51.8501,0.0000,0.0000,37.0303,62.9697,0.0000,0.0000,0.0000,0.0000
Parramatta,NSW,42.1480,22.1966,14.0367,16.3956,0.0000,5.2231,54.6046,25.1939,0.0000,20.2015,0.0000,0.0000,60.0432,39.9568,0.0000,0.0000,0.0000,0.0000,62.5476,37.4524,0.0000,0.0000,0.0000,0.0000
Paterson,NSW,30.7512,17.9459,9.0820,23.7098,11.4494,7.0618,45.7153,26.1869,0.0000,28.0977,0.0000,0.0000,53.1524,0.0000,0.0000,46.8476,0.0000,0.0000,56.8894,43.1106,0.0000,0.0000,0.0000,0.0000
Pearce,WA,34.4581,17.5684,13.4469,25.0035,0.0000,9.5230,46.2028,24.4469,0.0000,29.3503,0.0000,0.0000,53.1457,0.0000,0.0000,46.8543,0.0000,0.0000,56.4362,43.5638,0.0000,0.0000,0.0000,0.0000
Perth,WA,36.3699,15.2305,25.9413,21.2286,0.0000,1.2297,38.8027,0.0000,27.3059,33.8915,0.0000,0.0000,63.2414,0.0000,0.0000,36.7586,0.0000,0.0000,66.5123,33.4877,0.0000,0.0000,0.0000,0.0000
Petrie,QLD,28.7536,27.9733,13.5035,22.9588,0.0000,6.8108,40.0193,31.8415,0.0000,28.1392,0.0000,0.0000,47.9622,52.0378,0.0000,0.0000,0.0000,0.0000,51.1174,48.8826,0.0000,0.0000,0.0000,0.0000
Rankin,QLD,41.8598,10.7501,12.6449,23.7425,0.0000,11.0027,45.2909,0.0000,17.1335,37.5756,0.0000,0.0000,60.6254,0.0000,0.0000,39.3746,0.0000,0.0000,65.5532,34.4468,0.0000,0.0000,0.0000,0.0000
Reid,NSW,42.3075,22.8022,13.2667,15.2363,2.8952,3.4921,54.4305,26.3489,0.0000,19.2206,0.0000,0.0000,59.6772,40.3228,0.0000,0.0000,0.0000,0.0000,62.0074,37.9926,0.0000,0.0000,0.0000,0.0000
Richmond,NSW,26.3857,14.3120,30.8278,14.5654,0.0000,13.9090,30.9303,0.0000,34.9623,34.1074,0.0000,0.0000,0.0000,0.0000,64.6215,35.3785,0.0000,0.0000,60.0036,39.9964,0.0000,0.0000,0.0000,0.0000
Riverina,NSW,13.3348,26.2610,6.5306,26.1553,15.5173,12.2010,0.0000,35.8738,0.0000,31.9879,32.1382,0.0000,0.0000,61.7066,0.0000,0.0000,38.2934,0.0000,37.3792,62.6208,0.0000,0.0000,0.0000,0.0000
Robertson,NSW,36.5754,21.2959,10.9321,23.7431,3.0322,4.4213,47.7426,25.0106,0.0000,27.2468,0.0000,0.0000,54.8456,0.0000,0.0000,45.1544,0.0000,0.0000,59.3665,40.6335,0.0000,0.0000,0.0000,0.0000
Ryan,QLD,21.5660,25.3100,32.3710,15.4566,0.0000,5.2964,24.9047,39.5195,35.5758,0.0000,0.0000,0.0000,0.0000,45.5544,54.4456,0.0000,0.0000,0.0000,57.8203,42.1797,0.0000,0.0000,0.0000,0.0000
Scullin,VIC,39.0918,9.5213,11.5421,23.3349,0.0000,16.5100,51.0434,0.0000,0.0000,30.0040,0.0000,18.9526,56.9373,0.0000,0.0000,43.0627,0.0000,0.0000,64.2933,35.7067,0.0000,0.0000,0.0000,0.0000
Shortland,NSW,36.8868,15.9226,12.5831,25.1719,4.1097,5.3259,49.1438,20.4813,0.0000,30.3750,0.0000,0.0000,54.9604,0.0000,0.0000,45.0396,0.0000,0.0000,61.5070,38.4930,0.0000,0.0000,0.0000,0.0000
Solomon,NT,27.4012,21.4483,12.7085,22.3277,12.9473,3.1670,44.1295,29.5178,0.0000,26.3527,0.0000,0.0000,51.0367,48.9633,0.0000,0.0000,0.0000,0.0000,51.3105,48.6895,0.0000,0.0000,0.0000,0.0000
Spence,SA,37.6246,8.9921,15.2774,27.1503,2.1600,8.7957,41.4185,0.0000,19.2691,39.3124,0.0000,0.0000,58.6643,0.0000,0.0000,41.3357,0.0000,0.0000,65.3382,34.6618,0.0000,0.0000,0.0000,0.0000
Sturt,SA,28.3549,25.5148,17.7812,17.4613,6.9817,3.9061,34.0799,41.7130,24.2071,0.0000,0.0000,0.0000,54.7999,45.2001,0.0000,0.0000,0.0000,0.0000,56.6226,43.3774,0.0000,0.0000,0.0000,0.0000
Swan,WA,36.4599,17.0653,18.9523,19.9559,0.0000,7.5665,41.0853,0.0000,22.3623,36.5524,0.0000,0.0000,61.0995,0.0000,0.0000,38.9005,0.0000,0.0000,63.9886,36.0114,0.0000,0.0000,0.0000,0.0000
Sydney,NSW,49.5623,6.9477,24.4013,17.1291,0.0000,1.9596,52.9976,0.0000,26.8069,20.1955,0.0000,0.0000,63.5600,0.0000,36.4400,0.0000,0.0000,0.0000,78.0772,21.9228,0.0000,0.0000,0.0000,0.0000
Tangney,WA,36.1982,24.8838,14.9633,18.2694,0.0000,5.6854,48.9458,29.7075,0.0000,21.3467,0.0000,0.0000,54.7348,45.2652,0.0000,0.0000,0.0000,0.0000,56.9893,43.0107,0.0000,0.0000,0.0000,0.0000
Wannon,VIC,6.8478,32.9981,5.6609,19.0870,29.4230,5.9831,0.0000,38.5130,0.0000,22.9753,38.5117,0.0000,0.0000,53.8732,0.0000,0.0000,46.1268,0.0000,39.0763,60.9237,0.0000,0.0000,0.0000,0.0000
Warringah,NSW,8.3445,22.3870,10.9636,14.0197,40.5768,3.7084,0.0000,25.6536,0.0000,17.2255,57.1209,0.0000,0.0000,39.1541,0.0000,0.0000,60.8459,0.0000,54.5141,45.4859,0.0000,0.0000,0.0000,0.0000
Watson,NSW,42.9768,6.6351,10.1494,16.9779,15.5629,7.6979,52.8739,0.0000,0.0000,22.1283,24.9978,0.0000,63.6178,0.0000,0.0000,0.0000,36.3822,0.0000,72.8590,27.1410,0.0000,0.0000,0.0000,0.0000
Wentworth,NSW,8.8584,26.7311,12.7511,14.8795,36.7799,0.0000,0.0000,38.3728,17.6599,0.0000,43.9674,0.0000,0.0000,40.1101,0.0000,0.0000,59.8899,0.0000,50.5556,49.4444,0.0000,0.0000,0.0000,0.0000
Werriwa,NSW,34.7747,19.7913,11.9377,19.2812,2.3081,11.9070,47.6438,27.0889,0.0000,25.2674,0.0000,0.0000,54.7276,45.2724,0.0000,0.0000,0.0000,0.0000,56.7740,43.2260,0.0000,0.0000,0.0000,0.0000
Whitlam,NSW,32.7957,17.0056,13.4185,23.5038,8.1142,5.1622,45.0814,23.9491,0.0000,30.9695,0.0000,0.0000,51.8830,0.0000,0.0000,48.1170,0.0000,0.0000,56.2461,43.7539,0.0000,0.0000,0.0000,0.0000
Wide Bay,QLD,18.3234,28.2761,10.4167,28.7496,4.4862,9.7480,29.8461,32.4991,0.0000,37.6548,0.0000,0.0000,0.0000,50.0814,0.0000,49.9186,0.0000,0.0000,42.5904,57.4096,0.0000,0.0000,0.0000,0.0000
Wills,VIC,30.5128,2.4687,37.4876,17.7333,0.0000,11.7977,33.5670,0.0000,44.4937,21.9393,0.0000,0.0000,46.7822,0.0000,53.2178,0.0000,0.0000,0.0000,80.8610,19.1390,0.0000,0.0000,0.0000,0.0000
Wright,QLD,18.2055,24.8441,11.6975,32.9002,0.0000,12.3527,27.5793,28.7425,0.0000,43.6781,0.0000,0.0000,0.0000,44.9895,0.0000,55.0105,0.0000,0.0000,42.0274,57.9726,0.0000,0.0000,0.0000,0.0000
