Division,State,ALP_primary,LNP_primary,GRN_primary,ON_primary,IND_primary,OTH_primary,ALP_3CP,LNP_3CP,GRN_3CP,ON_3CP,IND_3CP,OTH_3CP,ALP_2CP,LNP_2CP,GRN_2CP,ON_2CP,IND_2CP,OTH_2CP,ALP_2PP,LNP_2PP,GRN_2PP,ON_2PP,IND_2PP,OTH_2PP
Wentworth,NSW,13.38%,36.36%,10.18%,2.38%,37.70%,0.00%,,,,,,,,41.66%,,,58.34%,,50.56%,49.44%,,,,
Sydney,NSW,55.15%,17.59%,21.60%,3.45%,0.00%,2.22%,,,,,,,70.95%,,29.05%,,,,78.08%,21.92%,,,,
Kingsford Smith,NSW,50.79%,26.15%,13.56%,5.92%,3.59%,0.00%,,,,,,,67.19%,32.81%,,,,,67.19%,32.81%,,,,
Bennelong,NSW,45.35%,35.07%,11.78%,2.31%,0.00%,5.50%,,,,,,,59.26%,40.74%,,,,,59.26%,40.74%,,,,
Bradfield,NSW,20.29%,38.03%,6.73%,1.54%,31.14%,2.26%,,,,,,,,49.99%,,,50.01%,,45.05%,54.95%,,,,
North Sydney,NSW,,,,,,,,,,,,,#DIV/0!,#DIV/0!,,,,,#DIV/0!,#DIV/0!,,,,
Warringah,NSW,14.57%,31.72%,8.75%,1.72%,40.70%,2.54%,,,,,,,,38.80%,,,61.20%,,54.51%,45.49%,,,,
Banks,NSW,36.43%,39.10%,11.88%,3.71%,2.02%,6.87%,,,,,,,52.39%,47.61%,,,,,52.39%,47.61%,,,,
Cook,NSW,31.47%,48.06%,9.94%,4.36%,0.00%,6.16%,,,,,,,42.81%,57.19%,,,,,42.81%,57.19%,,,,
Barton,NSW,47.12%,24.17%,15.89%,5.58%,0.00%,7.24%,,,,,,,66.00%,34.00%,,,,,66.00%,34.00%,,,,
Blaxland,NSW,46.04%,19.59%,7.89%,3.55%,18.76%,4.17%,,,,,,,71.90%,28.10%,,,,,71.90%,28.10%,,,,
Grayndler,NSW,53.54%,14.31%,25.11%,3.16%,2.31%,1.56%,,,,,,,66.86%,,33.14%,,,,80.18%,19.82%,,,,
Parramatta,NSW,47.77%,30.72%,12.11%,2.73%,2.59%,4.08%,,,,,,,62.55%,37.45%,,,,,62.55%,37.45%,,,,
Reid,NSW,48.57%,31.72%,11.54%,2.32%,3.06%,2.78%,,,,,,,62.01%,37.99%,,,,,62.01%,37.99%,,,,
Watson,NSW,48.00%,15.19%,8.93%,3.23%,16.01%,8.63%,,,,,,,66.52%,,,,33.48%,,72.86%,27.14%,,,,
Berowra,NSW,27.01%,41.72%,11.92%,4.07%,12.44%,2.84%,,,,,,,48.37%,51.63%,,,,,48.37%,51.63%,,,,
Mackellar,NSW,12.07%,35.45%,6.13%,2.53%,40.66%,3.16%,,,,,,,,44.34%,,,55.66%,,46.34%,53.66%,,,,
Mitchell,NSW,33.22%,46.33%,13.73%,4.27%,0.00%,2.44%,,,,,,,46.19%,53.81%,,,,,46.19%,53.81%,,,,
Chifley,NSW,52.65%,19.70%,9.76%,5.97%,1.70%,10.22%,,,,,,,69.83%,30.17%,,,,,69.83%,30.17%,,,,
Fowler,NSW,37.56%,12.27%,6.77%,4.13%,33.47%,5.80%,,,,,,,47.32%,,,,52.68%,,68.19%,31.81%,,,,
Greenway,NSW,50.41%,27.47%,10.72%,4.57%,2.64%,4.18%,,,,,,,63.76%,36.24%,,,,,63.76%,36.24%,,,,
Lindsay,NSW,32.10%,39.74%,9.59%,6.86%,1.12%,10.59%,,,,,,,47.22%,52.78%,,,,,47.22%,52.78%,,,,
McMahon,NSW,45.52%,26.80%,9.12%,8.73%,9.83%,0.00%,,,,,,,59.02%,40.98%,,,,,59.02%,40.98%,,,,
Hughes,NSW,39.00%,36.45%,11.42%,5.34%,0.00%,7.79%,,,,,,,53.06%,46.94%,,,,,53.06%,46.94%,,,,
Hume,NSW,27.22%,43.85%,8.50%,8.01%,4.46%,7.96%,,,,,,,41.94%,58.06%,,,,,41.94%,58.06%,,,,
Macarthur,NSW,48.20%,23.09%,12.84%,7.84%,0.00%,8.03%,,,,,,,65.61%,34.39%,,,,,65.61%,34.39%,,,,
Werriwa,NSW,40.84%,30.82%,11.12%,3.99%,2.55%,10.67%,,,,,,,56.77%,43.23%,,,,,56.77%,43.23%,,,,
Dobell,NSW,42.80%,27.80%,10.29%,8.74%,0.00%,10.36%,,,,,,,59.43%,40.57%,,,,,59.43%,40.57%,,,,
Newcastle,NSW,45.31%,19.06%,22.22%,5.35%,0.00%,8.06%,,,,,,,65.80%,,34.20%,,,,70.79%,29.21%,,,,
Paterson,NSW,37.06%,27.23%,7.56%,7.59%,12.09%,8.46%,,,,,,,56.89%,43.11%,,,,,56.89%,43.11%,,,,
Robertson,NSW,44.76%,30.39%,8.99%,6.93%,3.33%,5.61%,,,,,,,59.37%,40.63%,,,,,59.37%,40.63%,,,,
Shortland,NSW,44.61%,26.21%,11.34%,9.08%,4.44%,4.33%,,,,,,,61.51%,38.49%,,,,,61.51%,38.49%,,,,
Macquarie,NSW,42.64%,31.58%,12.46%,8.74%,0.00%,4.59%,,,,,,,57.71%,42.29%,,,,,57.71%,42.29%,,,,
Cowper,NSW,11.80%,37.90%,4.23%,6.36%,30.17%,9.53%,,,,,,,,52.54%,,,47.46%,,40.92%,59.08%,,,,
Cunningham,NSW,44.69%,23.22%,20.42%,7.59%,0.00%,4.07%,,,,,,,67.52%,32.48%,,,,,67.52%,32.48%,,,,
Whitlam,NSW,38.63%,28.27%,12.40%,7.66%,8.56%,4.46%,,,,,,,56.25%,43.75%,,,,,56.25%,43.75%,,,,
Calare,NSW,10.43%,29.71%,3.53%,7.72%,39.46%,9.15%,,,,,,,,43.22%,,,56.78%,,37.74%,62.26%,,,,
Eden-Monaro,NSW,43.04%,31.88%,10.03%,6.96%,3.92%,4.17%,,,,,,,57.21%,42.79%,,,,,57.21%,42.79%,,,,
Gilmore,NSW,38.13%,34.44%,7.14%,5.00%,7.54%,7.75%,,,,,,,55.13%,44.87%,,,,,55.13%,44.87%,,,,
Hunter,NSW,43.50%,18.17%,7.42%,16.13%,0.00%,14.78%,,,,,,,59.04%,,,40.96%,,,59.48%,40.52%,,,,
Lyne,NSW,19.81%,36.24%,6.38%,8.39%,15.49%,13.68%,,,,,,,40.22%,59.78%,,,,,40.22%,59.78%,,,,
New England,NSW,20.32%,52.22%,7.89%,9.96%,3.71%,5.90%,,,,,,,32.94%,67.06%,,,,,32.94%,67.06%,,,,
Page,NSW,22.04%,44.66%,15.12%,5.70%,3.43%,9.06%,,,,,,,40.71%,59.29%,,,,,40.71%,59.29%,,,,
Parkes,NSW,19.67%,39.96%,6.11%,13.65%,2.48%,18.14%,,,,,,,37.03%,62.97%,,,,,37.03%,62.97%,,,,
Richmond,NSW,30.40%,24.58%,26.47%,5.44%,2.60%,10.51%,,,,,,,60.00%,40.00%,,,,,60.00%,40.00%,,,,
Farrer,NSW,15.09%,43.41%,4.93%,6.60%,19.96%,10.01%,,,,,,,,56.19%,,,43.81%,,37.11%,62.89%,,,,
Riverina,NSW,18.43%,40.32%,4.50%,9.85%,16.55%,10.34%,,,,,,,37.38%,62.62%,,,,,37.38%,62.62%,,,,
Chisholm,VIC,38.74%,37.24%,12.50%,1.91%,5.93%,3.68%,,,,,,,55.70%,44.30%,,,,,55.70%,44.30%,,,,
Goldstein,VIC,13.67%,43.42%,7.19%,1.76%,30.72%,3.24%,,,,,,,,50.08%,,,49.92%,,46.03%,53.97%,,,,
Higgins,VIC,,,,,,,,,,,,,,,,,,,,,,,,
Hotham,VIC,48.85%,25.75%,14.86%,4.67%,0.00%,5.88%,,,,,,,66.86%,33.14%,,,,,66.86%,33.14%,,,,
Kooyong,VIC,11.90%,43.13%,7.75%,1.05%,33.91%,2.26%,,,,,,,,49.33%,,,50.67%,,47.63%,52.37%,,,,
Macnamara,VIC,36.11%,32.50%,25.47%,2.79%,1.83%,1.29%,,,,,,,61.80%,38.20%,,,,,61.80%,38.20%,,,,
Cooper,VIC,41.97%,15.13%,25.21%,5.28%,0.00%,12.41%,,,,,,,59.72%,,40.28%,,,,78.53%,21.47%,,,,
Melbourne,VIC,31.34%,19.77%,39.46%,2.50%,4.95%,1.98%,,,,,,,53.02%,,46.98%,,,,73.97%,26.03%,,,,
Wills,VIC,35.59%,12.86%,35.37%,3.50%,0.00%,12.68%,,,,,,,51.43%,,48.57%,,,,80.86%,19.14%,,,,
Fraser,VIC,42.60%,16.87%,25.28%,4.78%,0.00%,10.47%,,,,,,,59.23%,,40.77%,,,,72.02%,27.98%,,,,
Gellibrand,VIC,46.62%,26.18%,17.05%,5.98%,0.00%,4.18%,,,,,,,65.10%,34.90%,,,,,65.10%,34.90%,,,,
Maribyrnong,VIC,41.43%,30.46%,21.22%,6.89%,0.00%,0.00%,,,,,,,62.65%,37.35%,,,,,62.65%,37.35%,,,,
Aston,VIC,37.26%,37.67%,11.53%,3.40%,4.14%,6.00%,,,,,,,53.43%,46.57%,,,,,53.43%,46.57%,,,,
Deakin,VIC,34.78%,38.73%,11.91%,2.63%,7.15%,4.80%,,,,,,,52.82%,47.18%,,,,,52.82%,47.18%,,,,
Menzies,VIC,34.74%,40.64%,10.96%,1.97%,6.37%,5.33%,,,,,,,51.08%,48.92%,,,,,51.08%,48.92%,,,,
Calwell,VIC,30.53%,15.70%,8.28%,3.76%,30.08%,11.66%,,,,,,,54.24%,,,,45.76%,,64.71%,35.29%,,,,
Jagajaga,VIC,42.56%,29.45%,15.60%,3.87%,6.02%,2.50%,,,,,,,62.88%,37.12%,,,,,62.88%,37.12%,,,,
Scullin,VIC,44.90%,20.52%,9.42%,6.63%,0.00%,18.54%,,,,,,,64.29%,35.71%,,,,,64.29%,35.71%,,,,
Bruce,VIC,45.31%,22.98%,12.07%,8.16%,0.00%,11.49%,,,,,,,64.62%,35.38%,,,,,64.62%,35.38%,,,,
Dunkley,VIC,38.28%,32.32%,11.59%,6.86%,2.96%,7.99%,,,,,,,57.08%,42.92%,,,,,57.08%,42.92%,,,,
Holt,VIC,45.03%,25.03%,11.21%,8.72%,0.00%,10.01%,,,,,,,64.03%,35.97%,,,,,64.03%,35.97%,,,,
Isaacs,VIC,49.41%,28.34%,14.05%,4.61%,0.00%,3.58%,,,,,,,64.34%,35.66%,,,,,64.34%,35.66%,,,,
Gorton,VIC,43.05%,29.17%,10.79%,6.29%,0.00%,10.69%,,,,,,,60.28%,39.72%,,,,,60.28%,39.72%,,,,
Lalor,VIC,43.60%,26.06%,15.29%,7.04%,2.12%,5.91%,,,,,,,63.21%,36.79%,,,,,63.21%,36.79%,,,,
La Trobe,VIC,32.13%,39.13%,12.92%,7.68%,0.00%,8.15%,,,,,,,47.94%,52.06%,,,,,47.94%,52.06%,,,,
Ballarat,VIC,42.35%,28.59%,14.33%,7.68%,2.81%,4.24%,,,,,,,60.66%,39.34%,,,,,60.66%,39.34%,,,,
Bendigo,VIC,33.55%,40.22%,11.33%,4.94%,1.05%,8.91%,,,,,,,51.40%,48.60%,,,,,51.40%,48.60%,,,,
Corangamite,VIC,37.31%,34.12%,14.35%,3.21%,4.39%,6.62%,,,,,,,58.05%,41.95%,,,,,58.05%,41.95%,,,,
Corio,VIC,42.84%,24.88%,15.87%,9.94%,3.57%,2.91%,,,,,,,63.23%,36.77%,,,,,63.23%,36.77%,,,,
Hawke,VIC,39.13%,30.23%,9.80%,9.67%,0.00%,11.18%,,,,,,,57.63%,42.37%,,,,,57.63%,42.37%,,,,
Casey,VIC,24.26%,40.88%,10.95%,5.07%,10.48%,8.37%,,,,,,,47.03%,52.97%,,,,,47.03%,52.97%,,,,
Flinders,VIC,22.29%,41.22%,6.36%,5.30%,22.09%,2.74%,,,,,,,,52.29%,,,47.71%,,45.22%,54.47%,,,,
Gippsland,VIC,21.28%,52.54%,8.49%,14.43%,0.00%,3.26%,,,,,,,30.64%,69.36%,,,,,30.64%,69.36%,,,,
Monash,VIC,20.29%,31.78%,4.94%,7.97%,27.29%,7.74%,,,,,,,45.96%,54.04%,,,,,45.96%,54.04%,,,,
Indi,VIC,8.34%,30.71%,3.63%,7.20%,43.72%,6.40%,,,,,,,,41.46%,,,58.54%,,43.33%,56.65%,,,,
McEwen,VIC,37.35%,32.52%,11.10%,6.57%,0.00%,12.46%,,,,,,,54.65%,45.35%,,,,,54.65%,45.35%,,,,
Nicholls,VIC,24.24%,46.24%,7.81%,11.47%,0.00%,10.24%,,,,,,,35.82%,64.18%,,,,,35.82%,64.18%,,,,
Mallee,VIC,19.13%,49.71%,9.14%,11.01%,0.00%,11.02%,,,,,,,30.72%,69.28%,,,,,30.72%,69.28%,,,,
Wannon,VIC,10.55%,43.64%,3.16%,4.18%,32.11%,6.36%,,,,,,,,53.39%,,,46.61%,,39.08%,60.91%,,,,
Brisbane,QLD,32.15%,34.27%,25.88%,2.53%,0.00%,5.17%,,,,,,,58.96%,41.04%,,,,,58.96%,41.04%,,,,
Lilley,QLD,46.08%,27.70%,16.40%,4.25%,0.00%,5.57%,,,,,,,64.52%,35.48%,,,,,64.52%,35.48%,,,,
Griffith,QLD,34.51%,26.58%,31.65%,2.46%,0.00%,4.80%,,,,,,,,60.58%,39.42%,,,,65.94%,34.06%,,,,
Moreton,QLD,42.31%,25.72%,21.67%,2.86%,0.00%,7.44%,,,,,,,66.09%,33.91%,,,,,66.09%,33.91%,,,,
Bonner,QLD,39.51%,35.47%,12.43%,3.82%,0.00%,8.78%,,,,,,,55.00%,45.00%,,,,,55.00%,45.00%,,,,
Bowman,QLD,31.71%,39.61%,11.75%,7.08%,3.13%,6.71%,,,,,,,47.57%,52.43%,,,,,47.57%,52.43%,,,,
Dickson,QLD,33.63%,34.69%,7.64%,4.19%,12.19%,7.66%,,,,,,,56.06%,43.94%,,,,,56.06%,43.94%,,,,
Petrie,QLD,36.42%,37.84%,11.82%,6.72%,0.00%,7.20%,,,,,,,51.12%,48.88%,,,,,51.12%,48.88%,,,,
Fadden,QLD,27.40%,40.96%,9.30%,7.99%,2.80%,11.55%,,,,,,,43.16%,56.84%,,,,,43.16%,56.84%,,,,
Forde,QLD,34.24%,30.71%,11.42%,10.28%,2.96%,10.39%,,,,,,,51.80%,48.20%,,,,,51.80%,48.20%,,,,
Oxley,QLD,52.75%,21.12%,13.43%,5.51%,0.00%,7.19%,,,,,,,69.32%,30.68%,,,,,69.32%,30.68%,,,,
Rankin,QLD,49.42%,19.75%,10.94%,6.57%,0.00%,13.32%,,,,,,,65.55%,34.45%,,,,,65.55%,34.45%,,,,
Ryan,QLD,28.24%,34.61%,28.98%,2.25%,0.00%,5.92%,,,,,,,,46.73%,53.27%,,,,57.82%,42.18%,,,,
Blair,QLD,36.62%,27.19%,10.35%,9.70%,0.00%,16.15%,,,,,,,55.55%,44.45%,,,,,55.55%,44.45%,,,,
Capricornia,QLD,31.91%,36.56%,6.18%,15.56%,0.00%,9.78%,,,,,,,44.03%,55.97%,,,,,44.03%,55.97%,,,,
Herbert,QLD,23.02%,48.74%,9.38%,5.18%,0.00%,13.67%,,,,,,,36.63%,63.37%,,,,,36.63%,63.37%,,,,
Hinkler,QLD,31.18%,38.01%,7.31%,13.26%,2.93%,7.31%,,,,,,,43.70%,56.30%,,,,,43.70%,56.30%,,,,
Longman,QLD,35.46%,36.05%,9.85%,9.89%,0.00%,8.74%,,,,,,,49.89%,50.11%,,,,,49.89%,50.11%,,,,
Groom,QLD,16.64%,40.98%,5.58%,9.55%,20.73%,6.52%,,,,,,,,55.83%,,,44.17%,,36.65%,63.35%,,,,
McPherson,QLD,23.43%,35.92%,8.41%,4.35%,15.00%,12.89%,,,,,,,45.61%,54.39%,,,,,45.61%,54.39%,,,,
Moncrieff,QLD,24.46%,41.91%,9.53%,5.87%,9.00%,9.23%,,,,,,,41.25%,58.75%,,,,,41.25%,58.75%,,,,
Dawson,QLD,26.21%,41.68%,7.05%,10.42%,0.00%,14.64%,,,,,,,38.16%,61.84%,,,,,38.16%,61.84%,,,,
Kennedy,QLD,16.38%,23.81%,5.93%,7.76%,1.67%,44.44%,,,,,,,,35.28%,,,,64.72%,40.67%,59.32%,,,,
Leichhardt,QLD,36.50%,27.25%,9.29%,8.01%,1.76%,17.19%,,,,,,,56.13%,43.87%,,,,,56.13%,43.87%,,,,
Flynn,QLD,25.06%,37.42%,5.69%,14.22%,4.99%,12.62%,,,,,,,39.74%,60.26%,,,,,39.74%,60.26%,,,,
Fairfax,QLD,24.86%,37.89%,10.22%,7.41%,13.42%,6.19%,,,,,,,46.72%,53.28%,,,,,46.72%,53.28%,,,,
Fisher,QLD,22.27%,37.22%,9.62%,6.08%,16.29%,8.53%,,,,,,,43.97%,56.03%,,,,,43.97%,56.03%,,,,
Maranoa,QLD,16.05%,53.18%,5.15%,12.30%,0.00%,13.32%,,,,,,,,70.10%,,29.90%,,,26.04%,73.96%,,,,
Wide Bay,QLD,25.96%,39.08%,8.64%,12.04%,4.84%,9.44%,,,,,,,42.59%,57.41%,,,,,42.59%,57.41%,,,,
Wright,QLD,25.42%,34.06%,9.52%,16.25%,0.00%,14.75%,,,,,,,42.03%,57.97%,,,,,42.03%,57.97%,,,,
Cowan,WA,46.63%,24.17%,10.78%,5.06%,3.55%,9.81%,,,,,,,63.63%,36.37%,,,,,63.63%,36.37%,,,,
Curtin,WA,14.83%,40.28%,7.82%,2.59%,32.23%,2.25%,,,,,,,,46.73%,,,53.27%,,47.84%,52.16%,,,,
Perth,WA,43.05%,26.09%,24.53%,6.33%,0.00%,0.00%,,,,,,,66.51%,33.49%,,,,,66.51%,33.49%,,,,
Stirling,WA,#DIV/0!,#DIV/0!,#DIV/0!,#DIV/0!,#DIV/0!,#DIV/0!,,,,,,,#DIV/0!,#DIV/0!,,,,,#DIV/0!,#DIV/0!,,,,
Fremantle,WA,38.60%,18.85%,11.56%,6.11%,23.01%,1.86%,,,,,,,50.69%,,,,49.31%,,68.68%,31.32%,,,,
Swan,WA,42.63%,26.93%,17.49%,5.22%,0.00%,7.73%,,,,,,,63.99%,36.01%,,,,,63.99%,36.01%,,,,
Tangney,WA,42.50%,34.26%,12.98%,4.07%,0.00%,6.18%,,,,,,,56.99%,43.01%,,,,,56.99%,43.01%,,,,
Bullwinkel,WA,31.95%,40.07%,11.21%,8.61%,0.00%,8.17%,,,,,,,50.51%,49.49%,,,,,50.51%,49.49%,,,,
Hasluck,WA,48.35%,22.16%,12.47%,7.38%,0.00%,9.64%,,,,,,,65.97%,34.03%,,,,,65.97%,34.03%,,,,
Pearce,WA,40.07%,28.52%,11.87%,9.27%,0.00%,10.28%,,,,,,,56.44%,43.56%,,,,,56.44%,43.56%,,,,
Moore,WA,32.51%,31.45%,11.12%,4.53%,6.33%,14.07%,,,,,,,52.89%,47.11%,,,,,52.89%,47.11%,,,,
Brand,WA,45.86%,19.69%,13.23%,12.75%,0.00%,8.46%,,,,,,,66.92%,33.08%,,,,,66.92%,33.08%,,,,
Burt,WA,46.73%,19.13%,11.49%,9.92%,2.18%,10.55%,,,,,,,65.71%,34.29%,,,,,65.71%,34.29%,,,,
Canning,WA,29.90%,42.52%,8.91%,11.41%,0.00%,7.25%,,,,,,,43.45%,56.55%,,,,,43.45%,56.55%,,,,
Durack,WA,23.40%,46.49%,8.18%,10.08%,0.00%,11.85%,,,,,,,39.85%,60.15%,,,,,39.85%,60.15%,,,,
O'Connor,WA,21.06%,47.25%,10.00%,11.04%,0.00%,10.66%,,,,,,,36.74%,63.26%,,,,,36.74%,63.26%,,,,
Forrest,WA,22.55%,35.98%,7.88%,8.72%,18.31%,6.57%,,,,,,,47.76%,52.24%,,,,,47.76%,52.24%,,,,
Adelaide,SA,46.49%,24.17%,18.97%,4.02%,0.00%,6.36%,,,,,,,69.07%,30.93%,,,,,69.07%,30.93%,,,,
Hindmarsh,SA,48.14%,23.10%,13.56%,4.97%,1.59%,8.64%,,,,,,,66.35%,33.65%,,,,,66.35%,33.65%,,,,
Port Adelaide,SA,,,,,,,,,,,,,,,,,,,,,,,,
Sturt,SA,35.29%,34.34%,15.62%,3.44%,7.18%,4.13%,,,,,,,56.62%,43.38%,,,,,56.62%,43.38%,,,,
Boothby,SA,42.62%,32.48%,17.08%,3.03%,0.00%,4.77%,,,,,,,61.10%,38.90%,,,,,61.10%,38.90%,,,,
Kingston,SA,53.03%,18.63%,13.44%,6.23%,0.00%,8.67%,,,,,,,70.74%,29.26%,,,,,70.74%,29.26%,,,,
Makin,SA,47.82%,22.49%,12.37%,6.74%,0.00%,10.58%,,,,,,,64.66%,35.34%,,,,,64.66%,35.34%,,,,
Spence,SA,44.33%,18.69%,14.49%,9.55%,2.46%,10.48%,,,,,,,65.34%,34.66%,,,,,65.34%,34.66%,,,,
Barker,SA,22.49%,50.00%,8.16%,8.19%,5.86%,5.30%,,,,,,,36.98%,63.02%,,,,,36.98%,63.02%,,,,
Grey,SA,22.50%,37.96%,5.92%,9.97%,17.54%,6.11%,,,,,,,45.36%,54.64%,,,,,45.36%,54.64%,,,,
Mayo,SA,21.34%,23.61%,13.62%,5.99%,0.00%,35.45%,,,,,,,,35.11%,,,,64.89%,54.98%,45.02%,,,,
Clark,TAS,20.05%,13.68%,13.19%,4.20%,48.88%,0.00%,,,,,,,29.62%,,,,70.38%,,70.89%,29.11%,,,,
Franklin,TAS,39.03%,18.84%,10.48%,4.96%,26.69%,0.00%,,,,,,,57.78%,,,,42.22%,,69.44%,30.56%,,,,
Bass,TAS,39.63%,31.44%,12.89%,6.48%,5.38%,4.17%,,,,,,,58.01%,41.99%,,,,,58.01%,41.99%,,,,
Braddon,TAS,39.52%,31.67%,8.44%,7.63%,8.25%,4.49%,,,,,,,57.20%,42.80%,,,,,57.20%,42.80%,,,,
Lyons,TAS,43.08%,26.21%,10.88%,6.72%,3.20%,9.90%,,,,,,,61.58%,38.42%,,,,,61.58%,38.42%,,,,
Bean,ACT,41.05%,23.04%,9.50%,0.00%,26.41%,0.00%,,,,,,,50.34%,,,,49.66%,,69.29%,30.71%,,,,
Canberra,ACT,48.32%,18.31%,19.81%,0.00%,10.91%,2.66%,,,,,,,69.52%,,30.48%,,,,76.42%,23.58%,,,,
Fenner,ACT,53.80%,21.94%,16.40%,0.00%,0.00%,7.86%,,,,,,,72.08%,27.92%,,,,,72.08%,27.92%,,,,
Solomon,NT,32.85%,35.99%,10.26%,6.71%,13.63%,0.57%,,,,,,,51.31%,48.69%,,,,,51.31%,48.69%,,,,
Lingiari,NT,44.64%,30.99%,10.18%,9.06%,0.00%,5.13%,,,,,,,58.13%,41.87%,,,,,58.13%,41.87%,,,,
