Electorate,division_key,LegacyWinner,LegacyRunnerUp,LegacyFinalTwo,LegacyWinnerShare,LegacyEliminationOrder,DirectWinner,DirectRunnerUp,DirectFinalTwo,DirectWinnerShare,DirectEliminationOrder,CanonicalWinner,CanonicalRunnerUp,CanonicalFinalTwo,CanonicalWinnerShare,CanonicalEliminationOrder,ActualWinner,ActualRunnerUp,ActualFinalTwo,ActualWinnerShare,WinnerChanged,FinalTwoChanged,EliminationOrderChanged,WinnerShareDeltaPP,LegacyWinnerMatchedActual,DirectWinnerMatchedActual,CanonicalWinnerMatchedActual,LegacyFinalTwoMatchedActual,DirectFinalTwoMatchedActual,CanonicalFinalTwoMatchedActual,LegacyAbsoluteWinnerErrorPP,DirectAbsoluteWinnerErrorPP,CanonicalAbsoluteWinnerErrorPP,AbsoluteErrorChangePP,ReviewPriority
Grey,GREY,LNP,IND,IND+LNP,0.5222613452214364,OTH>GRN>ALP>ON,ON,IND,IND+ON,0.5712070161593736,OTH>GRN>ALP>LNP,ON,IND,IND+ON,0.5734991425872176,OTH>GRN>ALP>LNP,LNP,IND,IND+LNP,52.2261,True,True,True,5.123779736578116,True,False,False,True,False,False,3.452214364374484e-05,4.894601615937367,5.12381425872176,5.123779736578117,CRITICAL
Riverina,RIVERINA,LNP,IND,IND+LNP,0.6170662031789138,GRN>OTH>ALP>ON,LNP,IND,IND+LNP,0.5917032756402125,GRN>OTH>ALP>ON,ON,IND,IND+ON,0.5898130847380274,GRN>OTH>ALP>LNP,LNP,IND,IND+LNP,61.7066,True,True,True,-2.7253118440886404,True,True,False,True,True,False,2.031789138046136e-05,2.536272435978748,2.72529152619726,2.7252712083058794,CRITICAL
Calare,CALARE,ON,IND,IND+ON,0.5068375789560392,ALP>GRN>OTH>LNP,IND,LNP,IND+LNP,0.5323205892358123,ALP>GRN>OTH>ON,IND,LNP,IND+LNP,0.5323205892358123,ALP>GRN>OTH>ON,ON,IND,IND+ON,50.6838,True,True,True,2.5483010279773066,True,False,False,True,False,False,4.210439608076655e-05,2.548258923581226,2.548258923581226,2.548216819185145,CRITICAL
Forrest,FORREST,LNP,IND,IND+LNP,0.504318124743721,OTH>GRN>ALP>ON,ON,IND,IND+ON,0.5194359477891816,OTH>GRN>ALP>LNP,ON,IND,IND+ON,0.5241684797918948,OTH>GRN>ALP>LNP,LNP,IND,IND+LNP,50.4318,True,True,True,1.9850355048173896,True,False,False,True,False,False,1.2474372090842678e-05,1.5117947789181518,1.9850479791894804,1.9850355048173896,CRITICAL
Fisher,FISHER,LNP,IND,IND+LNP,0.5150512777931865,OTH>GRN>ALP>ON,ON,IND,IND+ON,0.5551204610343177,OTH>GRN>ALP>LNP,IND,LNP,IND+LNP,0.5238495047471383,OTH>GRN>ALP>ON,LNP,IND,IND+LNP,51.5051,True,False,False,0.8798226953951827,True,False,False,True,False,True,2.7779318645393403e-05,4.006946103431764,0.879850474713828,0.8798226953951827,CRITICAL
Bendigo,BENDIGO,LNP,ALP,ALP+LNP,0.506748593961558,OTH>GRN>ON,ALP,LNP,ALP+LNP,0.5116200966533232,OTH>GRN>ON,ALP,LNP,ALP+LNP,0.508448758600625,OTH>GRN>ON,LNP,ALP,ALP+LNP,50.6749,True,False,False,0.170016463906697,True,False,False,True,True,True,4.0603844198017214e-05,0.48710966533231925,0.16997586006249898,0.16993525621830097,CRITICAL
Franklin,FRANKLIN,ALP,IND,ALP+IND,0.5017370119419273,OTH>LNP>GRN>ON,IND,ALP,ALP+IND,0.5005974707077168,OTH>LNP>GRN>ON,IND,ALP,ALP+IND,0.5005982893615215,OTH>LNP>GRN>ON,ALP,IND,ALP+IND,55.8958,True,False,False,-0.11387225804058154,True,False,False,True,True,True,5.722098805807274,5.83605292922833,5.835971063847856,0.11387225804058154,CRITICAL
Monash,MONASH,IND,LNP,IND+LNP,0.5013904801727849,OTH>GRN>ALP>ON,IND,ON,IND+ON,0.505452095991393,OTH>GRN>ALP>LNP,ON,IND,IND+ON,0.501037685947545,OTH>GRN>ALP>LNP,IND,LNP,IND+LNP,50.139,True,True,True,-0.03527942252398164,True,True,False,True,False,False,4.801727848668946e-05,0.40620959913929555,0.03523140524549495,0.03518338796700826,CRITICAL
Lyne,LYNE,LNP,IND,IND+LNP,0.5538357560907401,GRN>OTH>ALP>ON,LNP,IND,IND+LNP,0.5182913243167591,GRN>OTH>ALP>ON,LNP,IND,IND+LNP,0.5190064722256549,GRN>OTH>ALP>ON,LNP,IND,IND+LNP,55.3836,False,False,False,-3.4829283865085214,True,True,True,True,True,True,2.4390925990047663e-05,3.5544675683240934,3.4829527774345115,3.4829283865085214,MEDIUM
Nicholls,NICHOLLS,LNP,IND,IND+LNP,0.6048124269195332,GRN>OTH>ALP>ON,LNP,IND,IND+LNP,0.5706279643907902,GRN>OTH>ALP>ON,LNP,IND,IND+LNP,0.5730023429317911,GRN>OTH>ALP>ON,LNP,IND,IND+LNP,60.4812,False,False,False,-3.18100839877421,True,True,True,True,True,True,4.2691953316964515e-05,3.4184035609209795,3.180965706820893,3.180923014867576,MEDIUM
Corangamite,CORANGAMITE,ALP,LNP,ALP+LNP,0.5835309686874947,IND>OTH>ON>GRN,ALP,LNP,ALP+LNP,0.562002842544231,IND>OTH>GRN>ON,ALP,LNP,ALP+LNP,0.5619646769692015,IND>OTH>GRN>ON,ALP,LNP,ALP+LNP,58.3531,False,False,True,-2.1566291718293162,True,True,True,True,True,True,3.131250536636543e-06,2.152815745576897,2.156632303079853,2.1566291718293162,MEDIUM
Mallee,MALLEE,LNP,ON,LNP+ON,0.549905629297305,GRN>IND>OTH>ALP,LNP,ON,LNP+ON,0.5299254886427053,GRN>ALP>IND>OTH,LNP,ON,LNP+ON,0.5299254886427053,GRN>ALP>IND>OTH,LNP,ON,LNP+ON,55.0831,False,False,True,-1.9980140654599743,True,True,True,True,True,True,0.09253707026950497,2.0905511357294793,2.0905511357294793,1.9980140654599743,LOW
Hindmarsh,HINDMARSH,ALP,ON,ALP+ON,0.6238209643030302,OTH>LNP>GRN,ALP,ON,ALP+ON,0.6038665637082066,OTH>LNP>GRN,ALP,ON,ALP+ON,0.6152893788495815,OTH>LNP>GRN,ALP,ON,ALP+ON,62.3821,False,False,False,-0.8531585453448787,True,True,True,True,True,True,3.5696969713505666e-06,1.9954436291793387,0.85316211504185,0.8531585453448787,LOW
Shortland,SHORTLAND,ALP,ON,ALP+ON,0.5537006663430591,IND>OTH>GRN>LNP,ALP,ON,ALP+ON,0.5683510836117348,IND>OTH>GRN>LNP,ALP,ON,ALP+ON,0.5620413867729797,IND>OTH>GRN>LNP,ALP,ON,ALP+ON,54.9604,False,False,False,0.8340720429920512,True,True,True,True,True,True,0.4096666343059163,1.8747083611734827,1.2437386772979675,0.8340720429920512,LOW
Reid,REID,ALP,LNP,ALP+LNP,0.5967721452681737,IND>OTH>GRN>ON,ALP,LNP,ALP+LNP,0.608148668462319,IND>OTH>GRN>ON,ALP,LNP,ALP+LNP,0.603337978635297,IND>OTH>GRN>ON,ALP,LNP,ALP+LNP,59.6772,False,False,False,0.6565833367123353,True,True,True,True,True,True,1.4526817371240952e-05,1.1376668462318995,0.6565978635297065,0.6565833367123353,LOW
Aston,ASTON,ALP,LNP,ALP+LNP,0.5065747046699495,IND>OTH>GRN>ON,ALP,LNP,ALP+LNP,0.5219274531969647,IND>OTH>GRN>ON,ALP,LNP,ALP+LNP,0.5127926243601023,IND>OTH>GRN>ON,ALP,LNP,ALP+LNP,50.6575,False,False,False,0.621791969015284,True,True,True,True,True,True,2.9533005052595485e-05,1.5352453196964655,0.6217624360102314,0.6217329030051788,LOW
Flynn,FLYNN,ON,ALP,ALP+ON,0.6279179669113336,IND>GRN>OTH>LNP,ON,LNP,LNP+ON,0.5381231219160737,IND>GRN>OTH>ALP,ON,ALP,ALP+ON,0.6219070940337605,IND>GRN>OTH>LNP,ON,ALP,ALP+ON,61.9371,False,False,False,-0.601087287757307,True,True,True,True,False,True,0.8546966911333609,8.12478780839263,0.25360940337605387,-0.601087287757307,LOW
Corio,CORIO,ALP,ON,ALP+ON,0.5949029610473502,IND>OTH>LNP>GRN,ALP,ON,ALP+ON,0.5846757139269387,IND>OTH>LNP>GRN,ALP,ON,ALP+ON,0.5895627309364384,IND>OTH>LNP>GRN,ALP,ON,ALP+ON,59.4903,False,False,False,-0.5340230110911781,True,True,True,True,True,True,3.895264977238355e-06,1.0227286073061226,0.5340269063561554,0.5340230110911781,LOW
Wide Bay,WIDE BAY,LNP,ON,LNP+ON,0.5008142045179855,IND>OTH>GRN>ALP,ON,LNP,LNP+ON,0.5012559871512048,IND>OTH>GRN>ALP,LNP,ON,LNP+ON,0.5061243740838679,IND>OTH>GRN>ALP,LNP,ON,LNP+ON,50.0814,False,False,False,0.5310169565882372,True,False,True,True,True,True,2.0451798554699252e-05,0.04419871512048035,0.5310374083867919,0.5310169565882372,LOW
Greenway,GREENWAY,ALP,ON,ALP+ON,0.603564544384707,IND>OTH>GRN>LNP,ALP,ON,ALP+ON,0.6148762611602961,IND>OTH>GRN>LNP,ALP,ON,ALP+ON,0.6085557913390494,IND>OTH>GRN>LNP,ALP,ON,ALP+ON,59.6505,False,False,False,0.49912469543423876,True,True,True,True,True,True,0.7059544384706906,1.8371261160296082,1.2050791339049294,0.49912469543423876,LOW
Gorton,GORTON,ALP,ON,ALP+ON,0.5645917529682095,OTH>GRN>LNP,ALP,ON,ALP+ON,0.5784322219125134,OTH>GRN>LNP,ALP,ON,ALP+ON,0.5692002950552915,OTH>GRN>LNP,ALP,ON,ALP+ON,56.0268,False,False,False,0.4608542087081946,True,True,True,True,True,True,0.43237529682095266,1.8164221912513434,0.8932295055291473,0.4608542087081946,LOW
Bowman,BOWMAN,LNP,ALP,ALP+LNP,0.5544786322253784,OTH>GRN>ON,LNP,ALP,ALP+LNP,0.5568052377526038,OTH>GRN>ON,LNP,ALP,ALP+LNP,0.5500182687493307,OTH>GRN>ON,LNP,ALP,ALP+LNP,55.1023,False,False,False,-0.4460363476047724,True,True,True,True,True,True,0.3455632225378369,0.578223775260378,0.10047312506693551,-0.24509009747090138,LOW
New England,NEW ENGLAND,LNP,ON,LNP+ON,0.5805235372336627,IND>OTH>GRN>ALP,LNP,ON,LNP+ON,0.5902752447092883,IND>OTH>GRN>ALP,LNP,ON,LNP+ON,0.5849012641315131,IND>OTH>GRN>ALP,LNP,ON,LNP+ON,58.0524,False,False,False,0.43777268978504313,True,True,True,True,True,True,4.627663373613089e-05,0.9751244709288232,0.437726413151307,0.4376801365175709,LOW
Lyons,LYONS,ALP,ON,ALP+ON,0.5670060999217411,IND>OTH>GRN>LNP,ALP,ON,ALP+ON,0.5695853406147395,IND>OTH>GRN>LNP,ALP,ON,ALP+ON,0.5711456925121969,IND>OTH>GRN>LNP,ALP,ON,ALP+ON,54.0679,False,False,False,0.41395925904558206,True,True,True,True,True,True,2.6327099921741093,2.890634061473951,3.0466692512196913,0.41395925904558206,LOW
Lalor,LALOR,ALP,ON,ALP+ON,0.5881277439434015,IND>OTH>LNP>GRN,ALP,ON,ALP+ON,0.5899636329966552,IND>OTH>LNP>GRN,ALP,ON,ALP+ON,0.5918599233784466,IND>OTH>LNP>GRN,ALP,ON,ALP+ON,58.8128,False,False,False,0.3732179435045113,True,True,True,True,True,True,2.5605659847993678e-05,0.18356329966552343,0.3731923378446633,0.37316673218481533,LOW
Canberra,CANBERRA,ALP,GRN,ALP+GRN,0.6360494698174132,OTH>ON>LNP>IND,ALP,GRN,ALP+GRN,0.6324952840022213,OTH>ON>LNP>IND,ALP,GRN,ALP+GRN,0.6324897303802225,OTH>ON>LNP>IND,ALP,GRN,ALP+GRN,63.8042,False,False,False,-0.3559739437190679,True,True,True,True,True,True,0.1992530182586827,0.5546715997778673,0.5552269619777506,0.3559739437190679,LOW
Dawson,DAWSON,LNP,ON,LNP+ON,0.5172892455096074,GRN>OTH>ALP,LNP,ON,LNP+ON,0.5094283286471201,GRN>OTH>ALP,LNP,ON,LNP+ON,0.5139841381610434,GRN>OTH>ALP,LNP,ON,LNP+ON,51.7289,False,False,False,-0.33051073485640403,True,True,True,True,True,True,2.4550960742164563e-05,0.7860671352879933,0.33048618389566187,0.3304616329349197,LOW
Banks,BANKS,LNP,ALP,ALP+LNP,0.5049754152424992,IND>OTH>GRN>ON,LNP,ALP,ALP+LNP,0.5070704741589257,IND>OTH>GRN>ON,LNP,ALP,ALP+LNP,0.5017399378927809,IND>OTH>GRN>ON,LNP,ALP,ALP+LNP,50.4975,False,False,False,-0.32354773497182965,True,True,True,True,True,True,4.152424991632486e-05,0.20954741589256365,0.3235062107219133,0.323464686471997,LOW
Cowper,COWPER,LNP,IND,IND+LNP,0.5124413808090766,ALP>GRN>OTH>ON,LNP,IND,IND+LNP,0.5092085833789592,ALP>GRN>OTH>ON,LNP,IND,IND+LNP,0.5092085833789592,ALP>GRN>OTH>ON,LNP,IND,IND+LNP,51.2441,False,False,False,-0.32327974301173956,True,True,True,True,True,True,3.808090766055372e-05,0.323241662104079,0.323241662104079,0.32320358119641845,LOW
Parramatta,PARRAMATTA,ALP,LNP,ALP+LNP,0.6004320715801604,OTH>GRN>ON,ALP,LNP,ALP+LNP,0.6021983254236657,OTH>GRN>ON,ALP,LNP,ALP+LNP,0.6036205863566747,OTH>GRN>ON,ALP,LNP,ALP+LNP,60.0432,False,False,False,0.3188514776514273,True,True,True,True,True,True,7.158016046560078e-06,0.17663254236657266,0.31885863566747386,0.3188514776514273,LOW
Cowan,COWAN,ALP,ON,ALP+ON,0.5967490638179579,IND>OTH>GRN>LNP,ALP,ON,ALP+ON,0.6235543013034974,IND>OTH>LNP>GRN,ALP,ON,ALP+ON,0.5999168129549998,IND>OTH>GRN>LNP,ALP,ON,ALP+ON,59.9485,False,False,False,0.31677491370418753,True,True,True,True,True,True,0.27359361820421535,2.406930130349738,0.04318129549997218,-0.23041232270424317,LOW
Forde,FORDE,ON,ALP,ALP+ON,0.5415324594102832,IND>OTH>GRN>LNP,ON,ALP,ALP+ON,0.5411421951952359,IND>OTH>GRN>LNP,ON,ALP,ALP+ON,0.5384138942146128,IND>OTH>GRN>LNP,ON,ALP,ALP+ON,53.9457,False,False,False,-0.3118565195670331,True,True,True,True,True,True,0.2075459410283087,0.16851951952358002,0.10431057853872439,-0.10323536248958431,LOW
Fadden,FADDEN,LNP,ON,LNP+ON,0.5347542738172787,IND>OTH>GRN>ALP,LNP,ON,LNP+ON,0.5264797019092401,IND>OTH>GRN>ALP,LNP,ON,LNP+ON,0.5377599375169408,IND>OTH>GRN>ALP,LNP,ON,LNP+ON,53.4754,False,False,False,0.30056636996621533,True,True,True,True,True,True,2.7381727873976303e-05,0.8274298090759857,0.3005937516940893,0.30056636996621533,LOW
Page,PAGE,LNP,ALP,ALP+LNP,0.6157024074205859,IND>OTH>GRN>ON,LNP,ALP,ALP+LNP,0.6167115139395549,IND>OTH>GRN>ON,LNP,ALP,ALP+LNP,0.6130611290252481,IND>OTH>GRN>ON,LNP,ALP,ALP+LNP,61.5702,False,False,False,-0.2641278395337787,True,True,True,True,True,True,4.074205859350144e-05,0.10095139395549513,0.2640870974751852,0.2640463554165917,LOW
Lingiari,LINGIARI,ALP,ON,ALP+ON,0.5672618789188036,IND>OTH>GRN>LNP,ALP,ON,ALP+ON,0.5676893163746203,IND>OTH>GRN>LNP,ALP,ON,ALP+ON,0.5647950461266601,IND>OTH>GRN>LNP,ALP,ON,ALP+ON,55.7702,False,False,False,-0.24668327921435473,True,True,True,True,True,True,0.955987891880361,0.9987316374620248,0.7093046126660063,-0.24668327921435473,LOW
Clark,CLARK,IND,GRN,GRN+IND,0.694615063614173,LNP>ALP>ON,IND,GRN,GRN+IND,0.697065389116186,LNP>ALP>ON,IND,GRN,GRN+IND,0.697065389116186,LNP>ALP>ON,IND,GRN,GRN+IND,68.8768,False,False,False,0.24503255020129622,True,True,True,True,True,True,0.5847063614172976,0.8297389116185938,0.8297389116185938,0.24503255020129622,LOW
Ballarat,BALLARAT,ALP,ON,ALP+ON,0.5715121457174246,IND>OTH>GRN>LNP,ALP,ON,ALP+ON,0.5720417004933582,IND>OTH>GRN>LNP,ALP,ON,ALP+ON,0.573956382576287,IND>OTH>GRN>LNP,ALP,ON,ALP+ON,57.424,False,False,False,0.24442368588624142,True,True,True,True,True,True,0.27278542825753815,0.21982995066417432,0.02836174237129674,-0.24442368588624142,LOW
Fremantle,FREMANTLE,IND,ALP,ALP+IND,0.5453175147394377,OTH>LNP>GRN>ON,IND,ALP,ALP+IND,0.5469534587577921,OTH>LNP>GRN>ON,IND,ALP,ALP+IND,0.5477552856029039,OTH>LNP>GRN>ON,IND,ALP,ALP+IND,54.5318,False,False,False,0.24377708634661932,True,True,True,True,True,True,4.852605622884809e-05,0.1635458757792141,0.24372856029039047,0.24368003423416162,LOW
Barker,BARKER,LNP,ON,LNP+ON,0.5775655662490051,IND>OTH>GRN>ALP,LNP,ON,LNP+ON,0.5747213469455184,IND>OTH>GRN>ALP,LNP,ON,LNP+ON,0.5751361404402966,IND>OTH>GRN>ALP,LNP,ON,LNP+ON,58.4741,False,False,False,-0.24294258087085296,True,True,True,True,True,True,0.7175433750994831,1.0019653054481603,0.960485955970336,0.24294258087085296,LOW
Werriwa,WERRIWA,ALP,LNP,ALP+LNP,0.5472762346008302,IND>OTH>GRN>ON,ALP,LNP,ALP+LNP,0.5576469414841242,IND>OTH>GRN>ON,ALP,LNP,ALP+LNP,0.54962593837152,IND>OTH>GRN>ON,ALP,LNP,ALP+LNP,54.7276,False,False,False,0.23497037706897705,True,True,True,True,True,True,2.3460083020676592e-05,1.0370941484124208,0.23499383715199773,0.23497037706897705,LOW
Oxley,OXLEY,ALP,ON,ALP+ON,0.6371367127096818,OTH>LNP>GRN,ALP,ON,ALP+ON,0.6380089686921542,OTH>LNP>GRN,ALP,ON,ALP+ON,0.6393387639667425,OTH>LNP>GRN,ALP,ON,ALP+ON,63.7137,False,False,False,0.22020512570607442,True,True,True,True,True,True,2.8729031831264962e-05,0.08719686921541125,0.22017639667424316,0.2201476676424119,LOW
Hawke,HAWKE,ALP,ON,ALP+ON,0.5008978623976252,GRN>OTH>LNP,ON,ALP,ALP+ON,0.5018894852139242,GRN>OTH>LNP,ALP,ON,ALP+ON,0.5027207409042119,GRN>OTH>LNP,ON,ALP,ALP+ON,50.0249,False,False,False,0.18228785065866893,False,True,False,True,True,True,0.06488623976251828,0.16404852139241255,0.2471740904211872,0.18228785065866893,LOW
Macnamara,MACNAMARA,ALP,LNP,ALP+LNP,0.6336229530699395,OTH>ON>GRN,ALP,LNP,ALP+LNP,0.6366180948166142,OTH>ON>GRN,ALP,LNP,ALP+LNP,0.6354002471651481,OTH>ON>GRN,ALP,LNP,ALP+LNP,63.3623,False,False,False,0.1777294095208548,True,True,True,True,True,True,4.6930060393357564e-06,0.29950948166143077,0.17772471651481547,0.17772002350877614,LOW
Dunkley,DUNKLEY,ALP,ON,ALP+ON,0.5427235930736325,IND>OTH>GRN>LNP,ALP,ON,ALP+ON,0.5480196780909312,IND>OTH>GRN>LNP,ALP,ON,ALP+ON,0.5410793920519047,IND>OTH>GRN>LNP,ALP,ON,ALP+ON,55.2569,False,False,False,-0.1644201021727798,True,True,True,True,True,True,0.9845406926367484,0.454932190906876,1.1489607948095282,0.1644201021727798,LOW
Kingston,KINGSTON,ALP,ON,ALP+ON,0.6447615639482652,IND>OTH>LNP>GRN,ALP,ON,ALP+ON,0.6367008106577479,IND>OTH>LNP>GRN,ALP,ON,ALP+ON,0.6432011527149756,IND>OTH>LNP>GRN,ALP,ON,ALP+ON,64.4762,False,False,False,-0.15604112332896491,True,True,True,True,True,True,4.3605173483118875e-05,0.8061189342252195,0.15608472850244803,0.15604112332896491,LOW
Robertson,ROBERTSON,ALP,ON,ALP+ON,0.5291981079286238,IND>OTH>GRN>LNP,ALP,ON,ALP+ON,0.5326607174999218,IND>OTH>GRN>LNP,ALP,ON,ALP+ON,0.5307181819068142,IND>OTH>GRN>LNP,ALP,ON,ALP+ON,54.8456,False,False,False,0.15200739781904282,True,True,True,True,True,True,1.9257892071376181,1.5795282500078112,1.7737818093185753,-0.15200739781904282,LOW
Durack,DURACK,LNP,ON,LNP+ON,0.5036505259923825,GRN>OTH>ALP,LNP,ON,LNP+ON,0.5021960021499107,GRN>OTH>ALP,LNP,ON,LNP+ON,0.5047613419507456,GRN>OTH>ALP,LNP,ON,LNP+ON,50.3651,False,False,False,0.11108159583631538,True,True,True,True,True,True,4.7400761749027964e-05,0.14549978500892902,0.11103419507456636,0.11098679431281733,LOW
O'Connor,O'CONNOR,LNP,ON,LNP+ON,0.5091271463224937,GRN>OTH>ALP,LNP,ON,LNP+ON,0.5078229472458805,GRN>OTH>ALP,LNP,ON,LNP+ON,0.5101231596602485,GRN>OTH>ALP,LNP,ON,LNP+ON,50.9127,False,False,False,0.09960133377547864,True,True,True,True,True,True,1.4632249367707573e-05,0.1304052754119489,0.09961596602484635,0.09960133377547864,LOW
Blair,BLAIR,ON,ALP,ALP+ON,0.5243976063525971,GRN>OTH>LNP,ON,ALP,ALP+ON,0.5256549087911774,GRN>OTH>LNP,ON,ALP,ALP+ON,0.5236328434723251,GRN>OTH>LNP,ON,ALP,ALP+ON,52.5598,False,False,False,-0.07647628802720519,True,True,True,True,True,True,0.12003936474028754,0.005690879117736802,0.19651565276749272,0.07647628802720519,LOW
Eden-Monaro,EDEN-MONARO,ALP,ON,ALP+ON,0.5290847685591082,IND>OTH>GRN>LNP,ALP,ON,ALP+ON,0.528616484786172,IND>OTH>GRN>LNP,ALP,ON,ALP+ON,0.5283346572767885,IND>OTH>GRN>LNP,ALP,ON,ALP+ON,53.9163,False,False,False,-0.07501112823197209,True,True,True,True,True,True,1.0078231440891705,1.054651521382799,1.0828342723211426,0.07501112823197209,LOW
Sturt,STURT,ALP,LNP,ALP+LNP,0.547528595860255,OTH>IND>ON>GRN,ALP,LNP,ALP+LNP,0.5466658080349672,OTH>IND>ON>GRN,ALP,LNP,ALP+LNP,0.5467835869227479,OTH>IND>ON>GRN,ALP,LNP,ALP+LNP,54.7999,False,False,False,-0.07450089375071745,True,True,True,True,True,True,0.04704041397449732,0.13331919650327873,0.12154130772521476,0.07450089375071745,LOW
Dickson,DICKSON,ALP,LNP,ALP+LNP,0.524756089946262,OTH>IND>GRN>ON,ALP,LNP,ALP+LNP,0.5327906225603438,OTH>IND>GRN>ON,ALP,LNP,ALP+LNP,0.5254817819480364,OTH>IND>GRN>ON,ALP,LNP,ALP+LNP,50.5964,False,False,False,0.0725692001774414,True,True,True,True,True,True,1.8792089946261914,2.682662256034374,1.9517781948036328,0.0725692001774414,LOW
Hume,HUME,LNP,ON,LNP+ON,0.5436201160522958,IND>GRN>OTH>ALP,LNP,ON,LNP+ON,0.5426725422516122,IND>GRN>OTH>ALP,LNP,ON,LNP+ON,0.5443437756230713,IND>GRN>OTH>ALP,LNP,ON,LNP+ON,54.362,False,False,False,0.07236595707755811,True,True,True,True,True,True,1.1605229577327236e-05,0.09474577483877811,0.07237756230713543,0.07236595707755811,LOW
Bradfield,BRADFIELD,IND,LNP,IND+LNP,0.5016681915227641,OTH>GRN>ON>ALP,IND,LNP,IND+LNP,0.5023869915914566,OTH>GRN>ON>ALP,IND,LNP,IND+LNP,0.5023869915914566,OTH>GRN>ON>ALP,IND,LNP,IND+LNP,50.1668,False,False,False,0.07188000686925156,True,True,True,True,True,True,1.91522764092511e-05,0.07189915914566081,0.07189915914566081,0.07188000686925156,LOW
Casey,CASEY,LNP,ALP,ALP+LNP,0.5438016335953936,OTH>IND>GRN>ON,LNP,ALP,ALP+LNP,0.5504360065658763,OTH>IND>GRN>ON,LNP,ALP,ALP+LNP,0.5431015275218753,OTH>IND>GRN>ON,LNP,ALP,ALP+LNP,54.3802,False,False,False,-0.07001060735182252,True,True,True,True,True,True,3.6640460643333483e-05,0.6634006565876316,0.07004724781246585,0.07001060735182252,LOW
Newcastle,NEWCASTLE,ALP,GRN,ALP+GRN,0.5859741910108156,OTH>LNP>ON,ALP,ON,ALP+ON,0.7111050146292539,OTH>LNP>GRN,ALP,GRN,ALP+GRN,0.5866582874305579,OTH>LNP>ON,ALP,GRN,ALP+GRN,58.5974,False,False,False,0.06840964197423194,True,True,True,True,False,True,1.910108156089052e-05,12.513101462925391,0.06842874305579283,0.06840964197423194,LOW
Jagajaga,JAGAJAGA,ALP,LNP,ALP+LNP,0.6260587558844163,OTH>IND>ON>GRN,ALP,LNP,ALP+LNP,0.6254258020571644,OTH>IND>ON>GRN,ALP,LNP,ALP+LNP,0.6254258020571644,OTH>IND>ON>GRN,ALP,LNP,ALP+LNP,62.6059,False,False,False,-0.06329538272519253,True,True,True,True,True,True,2.4411558374737297e-05,0.06331979428356727,0.06331979428356727,0.06329538272519253,LOW
Richmond,RICHMOND,GRN,ON,GRN+ON,0.6462146373032229,OTH>LNP>ALP,GRN,ALP,ALP+GRN,0.5255311764190906,OTH>LNP>ON,GRN,ON,GRN+ON,0.6468211545985927,OTH>LNP>ALP,GRN,ON,GRN+ON,64.6215,False,False,False,0.06065172953697573,True,True,True,True,False,True,3.626967770564704e-05,12.068382358090934,0.06061545985927008,0.060579190181564435,LOW
Berowra,BEROWRA,LNP,ALP,ALP+LNP,0.5455568457888847,OTH>IND>GRN>ON,LNP,ALP,ALP+LNP,0.5497537349303045,OTH>IND>GRN>ON,LNP,ALP,ALP+LNP,0.5449569431771092,OTH>IND>GRN>ON,LNP,ALP,ALP+LNP,54.5557,False,False,False,-0.059990261177556015,True,True,True,True,True,True,1.5421111532187837e-05,0.419673493030448,0.0600056822890882,0.059990261177556015,LOW
Boothby,BOOTHBY,ALP,LNP,ALP+LNP,0.6192758341331752,OTH>IND>ON>GRN,ALP,LNP,ALP+LNP,0.6198189913626044,OTH>IND>ON>GRN,ALP,LNP,ALP+LNP,0.6198374986207079,OTH>IND>ON>GRN,ALP,LNP,ALP+LNP,62.0564,False,False,False,0.056166448753269815,True,True,True,True,True,True,0.12881658668247864,0.07450086373955722,0.07265013792920882,-0.056166448753269815,LOW
Leichhardt,LEICHHARDT,ON,ALP,ALP+ON,0.5462900868085168,GRN>OTH>LNP,ON,ALP,ALP+ON,0.5471175253936194,GRN>OTH>LNP,ON,ALP,ALP+ON,0.5457913681095021,GRN>OTH>LNP,ON,ALP,ALP+ON,53.9568,False,False,False,-0.049871869901463306,True,True,True,True,True,True,0.6722086808516714,0.7549525393619305,0.6223368109502081,-0.049871869901463306,LOW
Gilmore,GILMORE,ALP,LNP,ALP+LNP,0.5282701595268813,OTH>IND>GRN>ON,ALP,LNP,ALP+LNP,0.5353661227933135,OTH>IND>GRN>ON,ALP,LNP,ALP+LNP,0.5287437452309269,OTH>IND>GRN>ON,ALP,LNP,ALP+LNP,52.827,False,False,False,0.04735857040456537,True,True,True,True,True,True,1.5952688126041892e-05,0.7096122793313508,0.04737452309269141,0.04735857040456537,LOW
Maribyrnong,MARIBYRNONG,ALP,ON,ALP+ON,0.6027174534796528,OTH>LNP>GRN,ALP,ON,ALP+ON,0.6031506697649622,OTH>LNP>GRN,ALP,ON,ALP+ON,0.6031708864649199,OTH>LNP>GRN,ALP,ON,ALP+ON,60.2717,False,False,False,0.04534329852671215,True,True,True,True,True,True,4.534796527178031e-05,0.04336697649621746,0.04538864649198393,0.04534329852671215,LOW
Deakin,DEAKIN,ALP,LNP,ALP+LNP,0.5055458184974865,OTH>IND>GRN>ON,ALP,LNP,ALP+LNP,0.5050242151579661,OTH>IND>GRN>ON,ALP,LNP,ALP+LNP,0.5059269583546283,OTH>IND>GRN>ON,ALP,LNP,ALP+LNP,50.5546,False,False,False,0.03811398571418323,True,True,True,True,True,True,1.8150251357429426e-05,0.05217848420339122,0.0380958354628258,0.03807768521146837,LOW
McMahon,MCMAHON,ALP,ON,ALP+ON,0.5676125148468434,OTH>IND>GRN>LNP,ALP,ON,ALP+ON,0.5680223751858945,OTH>IND>GRN>LNP,ALP,ON,ALP+ON,0.5679711999552184,OTH>IND>GRN>LNP,ALP,ON,ALP+ON,56.845,False,False,False,0.03586851083750009,True,True,True,True,True,True,0.08374851531566252,0.042762481410552056,0.04788000447816243,-0.03586851083750009,LOW
Wright,WRIGHT,ON,LNP,LNP+ON,0.5541308189640637,GRN>OTH>ALP,ON,LNP,LNP+ON,0.5545730478204249,GRN>OTH>ALP,ON,LNP,LNP+ON,0.5537930899722447,GRN>OTH>ALP,ON,LNP,LNP+ON,55.0105,False,False,False,-0.03377289918189419,True,True,True,True,True,True,0.4025818964063732,0.44680478204249807,0.368808997224479,-0.03377289918189419,LOW
Menzies,MENZIES,LNP,ALP,ALP+LNP,0.5056683554648412,OTH>IND>GRN>ON,LNP,ALP,ALP+LNP,0.5049600417355058,OTH>IND>GRN>ON,LNP,ALP,ALP+LNP,0.5053334061716661,OTH>IND>GRN>ON,LNP,ALP,ALP+LNP,50.5668,False,False,False,-0.03349492931751241,True,True,True,True,True,True,3.554648412285033e-05,0.07079582644942128,0.03345938283338956,0.03342383634926671,LOW
Herbert,HERBERT,LNP,ALP,ALP+LNP,0.6429420743822185,GRN>OTH>ON,LNP,ALP,ALP+LNP,0.6434786161368827,GRN>OTH>ON,LNP,ALP,ALP+LNP,0.6426126986848967,GRN>OTH>ON,LNP,ALP,ALP+LNP,64.4266,False,False,False,-0.0329375697321832,True,True,True,True,True,True,0.13239256177813852,0.07873838631171637,0.16533013151032172,0.0329375697321832,LOW
Chisholm,CHISHOLM,ALP,LNP,ALP+LNP,0.5504571957214548,OTH>IND>ON>GRN,ALP,LNP,ALP+LNP,0.551164531610487,OTH>IND>ON>GRN,ALP,LNP,ALP+LNP,0.5501522639732689,OTH>IND>ON>GRN,ALP,LNP,ALP+LNP,55.0457,False,False,False,-0.03049317481859104,True,True,True,True,True,True,1.9572145482094072e-05,0.07075316104869778,0.030473602673108946,0.030454030527626852,LOW
Capricornia,CAPRICORNIA,ON,ALP,ALP+ON,0.6107404226023546,GRN>OTH>LNP,ON,ALP,ALP+ON,0.6126041010208217,GRN>OTH>LNP,ON,ALP,ALP+ON,0.6104503684027068,GRN>OTH>LNP,ON,ALP,ALP+ON,60.0421,False,False,False,-0.029005419964778234,True,True,True,True,True,True,1.0319422602354633,1.2183101020821763,1.002936840270685,-0.029005419964778234,LOW
Perth,PERTH,ALP,ON,ALP+ON,0.6324139857413228,OTH>LNP>GRN,ALP,ON,ALP+ON,0.6326859804431857,OTH>LNP>GRN,ALP,ON,ALP+ON,0.6326986734915869,OTH>LNP>GRN,ALP,ON,ALP+ON,63.2414,False,False,False,0.02846877502641343,True,True,True,True,True,True,1.4258677238920825e-06,0.027198044318565984,0.028467349158689537,0.028465923290965645,LOW
Moncrieff,MONCRIEFF,LNP,ON,LNP+ON,0.5702553545704065,IND>OTH>GRN>ALP,LNP,ON,LNP+ON,0.570229043390747,IND>OTH>GRN>ALP,LNP,ON,LNP+ON,0.5704866931739566,IND>OTH>GRN>ALP,LNP,ALP,ALP+LNP,60.1565,False,False,False,0.023133860355006863,True,True,True,False,False,False,3.130964542959347,3.1335956609253035,3.10783068260434,-0.023133860355006863,LOW
Lindsay,LINDSAY,LNP,ALP,ALP+LNP,0.5322710827036355,OTH>GRN>ON,LNP,ALP,ALP+LNP,0.5374749939150191,OTH>GRN>ON,LNP,ALP,ALP+LNP,0.5321508100059948,OTH>GRN>ON,LNP,ALP,ALP+LNP,54.3576,False,False,False,-0.012027269764069981,True,True,True,True,True,True,1.1304917296364403,0.6101006084980876,1.1425189994005103,0.012027269764069981,LOW
Hinkler,HINKLER,ON,LNP,LNP+ON,0.5112492157948659,IND>GRN>OTH>ALP,ON,LNP,LNP+ON,0.5114058377187564,IND>GRN>OTH>ALP,ON,LNP,LNP+ON,0.5111296040509057,IND>GRN>OTH>ALP,ON,LNP,LNP+ON,51.1697,False,False,False,-0.01196117439602462,True,True,True,True,True,True,0.04477842051340275,0.029116228124359544,0.05673959490942737,0.01196117439602462,LOW
Melbourne,MELBOURNE,GRN,ALP,ALP+GRN,0.5206501355375479,OTH>IND>LNP>ON,GRN,ALP,ALP+GRN,0.5207407524579373,OTH>IND>LNP>ON,GRN,ALP,ALP+GRN,0.5207407524579373,OTH>IND>LNP>ON,GRN,ALP,ALP+GRN,52.065,False,False,False,0.009061692038936364,True,True,True,True,True,True,1.3553754796280515e-05,0.009075245793732645,0.009075245793732645,0.009061692038936364,LOW
Maranoa,MARANOA,LNP,ON,LNP+ON,0.5569079459690064,GRN>OTH>ALP,LNP,ON,LNP+ON,0.5556099123580368,GRN>OTH>ALP,LNP,ON,LNP+ON,0.5569967496972485,GRN>OTH>ALP,LNP,ON,LNP+ON,55.6908,False,False,False,0.008880372824215943,True,True,True,True,True,True,5.403099367917719e-06,0.12980876419632636,0.008874969724848025,0.008869566625480108,LOW
Wannon,WANNON,LNP,IND,IND+LNP,0.5263569202888894,GRN>OTH>ALP>ON,LNP,IND,IND+LNP,0.5260808175563265,GRN>OTH>ALP>ON,LNP,IND,IND+LNP,0.5262889368352928,GRN>OTH>ALP>ON,LNP,IND,IND+LNP,53.8732,False,False,False,-0.006798345359659841,True,True,True,True,True,True,1.2375079711110626,1.265118244367347,1.2443063164707224,0.006798345359659841,LOW
Indi,INDI,IND,ON,IND+ON,0.5506475915282936,ALP>GRN>OTH>LNP,IND,ON,IND+ON,0.5507025364756084,ALP>GRN>OTH>LNP,IND,ON,IND+ON,0.5507025364756084,ALP>GRN>OTH>LNP,IND,ON,IND+ON,55.0648,False,False,False,0.00549449473148389,True,True,True,True,True,True,4.0847170645896824e-05,0.005453647560837993,0.005453647560837993,0.005412800390192096,LOW
Bruce,BRUCE,ALP,ON,ALP+ON,0.5769449147804486,OTH>GRN>LNP,ALP,ON,ALP+ON,0.573208654758715,OTH>GRN>LNP,ALP,ON,ALP+ON,0.5769018331115487,OTH>GRN>LNP,ALP,ON,ALP+ON,56.7583,False,False,False,-0.00430816688998803,True,True,True,True,True,True,0.9361914780448677,0.5625654758715015,0.9318833111548797,-0.00430816688998803,LOW
Cook,COOK,LNP,ALP,ALP+LNP,0.600113146419018,OTH>GRN>ON,LNP,ALP,ALP+LNP,0.5995132612240699,OTH>GRN>ON,LNP,ALP,ALP+LNP,0.6001528183714723,OTH>GRN>ON,LNP,ALP,ALP+LNP,60.0113,False,False,False,0.0039671952454245485,True,True,True,True,True,True,1.4641901802114887e-05,0.059973877593011427,0.003981837147226663,0.0039671952454245485,LOW
Bullwinkel,BULLWINKEL,LNP,ALP,ALP+LNP,0.5424620511592101,OTH>GRN>ON,LNP,ALP,ALP+LNP,0.5342388378976854,OTH>GRN>ON,LNP,ALP,ALP+LNP,0.5424899949499056,OTH>GRN>ON,LNP,ALP,ALP+LNP,54.2462,False,False,False,0.0027943790695483806,True,True,True,True,True,True,5.115921009046787e-06,0.8223162102314552,0.0027994949905574273,0.0027943790695483806,LOW
Fairfax,FAIRFAX,LNP,ALP,ALP+LNP,0.5689830460538976,OTH>GRN>IND>ON,LNP,ALP,ALP+LNP,0.5703683085831783,OTH>GRN>IND>ON,LNP,ALP,ALP+LNP,0.56901066557593,OTH>GRN>IND>ON,LNP,ALP,ALP+LNP,57.6867,False,False,False,0.002761952203245155,True,True,True,True,True,True,0.7883953946102418,0.6498691416821689,0.7856334424069966,-0.002761952203245155,LOW
La Trobe,LA TROBE,LNP,ALP,ALP+LNP,0.5552964524221192,OTH>GRN>ON,LNP,ALP,ALP+LNP,0.5549720487743771,OTH>GRN>ON,LNP,ALP,ALP+LNP,0.5553236520989328,OTH>GRN>ON,LNP,ALP,ALP+LNP,55.5296,False,False,False,0.002719967681352742,True,True,True,True,True,True,4.524221192125921e-05,0.032395122562289824,0.002765209893274001,0.002719967681352742,LOW
McPherson,MCPHERSON,LNP,ALP,ALP+LNP,0.5767714019634428,OTH>GRN>IND>ON,LNP,ALP,ALP+LNP,0.584889662961124,OTH>GRN>IND>ON,LNP,ALP,ALP+LNP,0.5767981769051319,OTH>GRN>IND>ON,LNP,ALP,ALP+LNP,57.182,False,False,False,0.0026774941689122755,True,True,True,True,True,True,0.4951401963442792,1.3069662961123996,0.49781769051319147,0.0026774941689122755,LOW
Petrie,PETRIE,LNP,ALP,ALP+LNP,0.523384049947725,OTH>GRN>ON,LNP,ALP,ALP+LNP,0.5248890199621301,OTH>GRN>ON,LNP,ALP,ALP+LNP,0.5234104622730307,OTH>GRN>ON,LNP,ALP,ALP+LNP,52.0378,False,False,False,0.0026412325305646966,True,True,True,True,True,True,0.300604994772502,0.4511019962130103,0.3032462273030667,0.0026412325305646966,LOW
Solomon,SOLOMON,ALP,LNP,ALP+LNP,0.5080699668457712,OTH>GRN>IND>ON,ALP,LNP,ALP+LNP,0.5087783455617214,OTH>GRN>IND>ON,ALP,LNP,ALP+LNP,0.5080449808848034,OTH>GRN>IND>ON,ALP,LNP,ALP+LNP,51.0367,False,False,False,-0.0024985960967782717,True,True,True,True,True,True,0.22970331542288003,0.15886544382786028,0.2322019115196583,0.0024985960967782717,LOW
Hughes,HUGHES,LNP,ALP,ALP+LNP,0.504408798941236,OTH>GRN>ON,LNP,ALP,ALP+LNP,0.5058329626759561,OTH>GRN>ON,LNP,ALP,ALP+LNP,0.5044331879783714,OTH>GRN>ON,LNP,ALP,ALP+LNP,50.4409,False,False,False,0.00243890371354194,True,True,True,True,True,True,2.010587639711403e-05,0.14239626759561252,0.002418797837144826,0.002398691960747712,LOW
Bonner,BONNER,ALP,LNP,ALP+LNP,0.5164943501602053,OTH>GRN>ON,ALP,LNP,ALP+LNP,0.5103176313447928,OTH>GRN>ON,ALP,LNP,ALP+LNP,0.5164719206934866,OTH>GRN>ON,ALP,LNP,ALP+LNP,51.309,False,False,False,-0.002242946671870971,True,True,True,True,True,True,0.34043501602053494,0.2772368655207136,0.33819206934866397,-0.002242946671870971,LOW
Moore,MOORE,LNP,ALP,ALP+LNP,0.5081762092942124,OTH>GRN>IND>ON,LNP,ALP,ALP+LNP,0.5081979794438198,OTH>GRN>IND>ON,LNP,ALP,ALP+LNP,0.5081979794438198,OTH>GRN>IND>ON,LNP,ALP,ALP+LNP,50.8176,False,False,False,0.002177014960746959,True,True,True,True,True,True,2.092942124054531e-05,0.0021979443819875044,0.0021979443819875044,0.002177014960746959,LOW
Mitchell,MITCHELL,LNP,ALP,ALP+LNP,0.569097897771259,OTH>GRN>ON,LNP,ALP,ALP+LNP,0.5691191178174285,OTH>GRN>ON,LNP,ALP,ALP+LNP,0.5691191178174285,OTH>GRN>ON,LNP,ALP,ALP+LNP,56.9098,False,False,False,0.002122004616955664,True,True,True,True,True,True,1.0222874102794322e-05,0.0021117817428528696,0.0021117817428528696,0.0021015588687500752,LOW
Tangney,TANGNEY,ALP,LNP,ALP+LNP,0.5473477395775006,OTH>GRN>ON,ALP,LNP,ALP+LNP,0.5405139412613231,OTH>GRN>ON,ALP,LNP,ALP+LNP,0.5473277029257051,OTH>GRN>ON,ALP,LNP,ALP+LNP,54.7348,False,False,False,-0.002003665179550751,True,True,True,True,True,True,2.6042249934299377e-05,0.6834058738676818,0.0020297074294850503,0.002003665179550751,LOW
Bennelong,BENNELONG,ALP,LNP,ALP+LNP,0.563855770210438,OTH>GRN>ON,ALP,LNP,ALP+LNP,0.5592613090741514,OTH>GRN>ON,ALP,LNP,ALP+LNP,0.5638377079423411,OTH>GRN>ON,ALP,LNP,ALP+LNP,56.3856,False,False,False,-0.0018062268096863399,True,True,True,True,True,True,2.297895619340906e-05,0.45946909258485213,0.001829205765879749,0.0018062268096863399,LOW
Whitlam,WHITLAM,ALP,ON,ALP+ON,0.5190691629338962,OTH>IND>GRN>LNP,ALP,ON,ALP+ON,0.5190691629368319,OTH>IND>GRN>LNP,ALP,ON,ALP+ON,0.5190691629368319,OTH>IND>GRN>LNP,ALP,ON,ALP+ON,51.883,False,False,False,2.9357627440163014e-10,True,True,True,True,True,True,0.023916293389614207,0.02391629368319048,0.02391629368319048,2.9357627440163014e-10,LOW
Parkes,PARKES,ON,LNP,LNP+ON,0.5185007907131345,IND>GRN>ALP>OTH,ON,LNP,LNP+ON,0.5185007907135473,IND>GRN>ALP>OTH,ON,LNP,LNP+ON,0.5185007907135473,IND>GRN>ALP>OTH,ON,LNP,LNP+ON,51.8501,False,False,False,4.127809205556332e-11,True,True,True,True,True,True,2.0928686550458764e-05,2.0928645272366708e-05,2.0928645272366708e-05,-4.127809205556332e-11,LOW
Kingsford Smith,KINGSFORD SMITH,ALP,ON,ALP+ON,0.6354270981378157,IND>LNP>GRN,ALP,ON,ALP+ON,0.6354270981381978,IND>LNP>GRN,ALP,ON,ALP+ON,0.6354270981381978,IND>LNP>GRN,ALP,ON,ALP+ON,63.5427,False,False,False,3.8202774277351637e-11,True,True,True,True,True,True,9.813781565171098e-06,9.813819767945375e-06,9.813819767945375e-06,3.8202774277351637e-11,LOW
Grayndler,GRAYNDLER,ALP,GRN,ALP+GRN,0.6082995522704934,OTH>IND>LNP>ON,ALP,GRN,ALP+GRN,0.6082995522703467,OTH>IND>LNP>ON,ALP,GRN,ALP+GRN,0.6082995522703467,OTH>IND>LNP>ON,ALP,GRN,ALP+GRN,60.83,False,False,False,-1.4666046155298318e-11,True,True,True,True,True,True,4.4772950658078514e-05,4.477296532412467e-05,4.477296532412467e-05,1.4666046155298318e-11,LOW
Spence,SPENCE,ALP,ON,ALP+ON,0.5866431626640002,IND>LNP>OTH>GRN,ALP,ON,ALP+ON,0.586643162663963,IND>LNP>OTH>GRN,ALP,ON,ALP+ON,0.586643162663963,IND>LNP>OTH>GRN,ALP,ON,ALP+ON,58.6643,False,False,False,-3.7192471324942744e-12,True,True,True,True,True,True,1.6266400015840787e-05,1.6266396296593655e-05,1.6266396296593655e-05,-3.7192471324942744e-12,LOW
Burt,BURT,ALP,ON,ALP+ON,0.605890004257673,IND>LNP>OTH>GRN,ALP,ON,ALP+ON,0.6058900042576681,IND>LNP>OTH>GRN,ALP,ON,ALP+ON,0.6058900042576681,IND>LNP>OTH>GRN,ALP,ON,ALP+ON,60.589,False,False,False,-4.884981308350689e-13,True,True,True,True,True,True,4.257672991947459e-07,4.2576681069661504e-07,4.2576681069661504e-07,-4.884981308350689e-13,LOW
Wentworth,WENTWORTH,IND,LNP,IND+LNP,0.5988988379481364,ALP>ON>GRN,IND,LNP,IND+LNP,0.5988988379481364,ALP>ON>GRN,IND,LNP,IND+LNP,0.5988988379481364,ALP>ON>GRN,IND,LNP,IND+LNP,59.8899,False,False,False,0.0,True,True,True,True,True,True,1.6205186359474766e-05,1.6205186359474766e-05,1.6205186359474766e-05,0.0,LOW
Sydney,SYDNEY,ALP,GRN,ALP+GRN,0.6356002327399555,OTH>LNP>ON,ALP,GRN,ALP+GRN,0.6356002327399555,OTH>LNP>ON,ALP,GRN,ALP+GRN,0.6356002327399555,OTH>LNP>ON,ALP,GRN,ALP+GRN,63.56,False,False,False,0.0,True,True,True,True,True,True,2.3273995541917003e-05,2.3273995541917003e-05,2.3273995541917003e-05,0.0,LOW
Warringah,WARRINGAH,IND,LNP,IND+LNP,0.6084591076403167,OTH>ALP>GRN>ON,IND,LNP,IND+LNP,0.6050170228338834,OTH>ALP>GRN>ON,IND,LNP,IND+LNP,0.6084591076403167,OTH>ALP>GRN>ON,IND,LNP,IND+LNP,60.8459,False,False,False,0.0,True,True,True,True,True,True,1.0764031677101826e-05,0.34419771661166054,1.0764031677101826e-05,0.0,LOW
Barton,BARTON,ALP,ON,ALP+ON,0.6087426909050562,OTH>LNP>GRN,ALP,ON,ALP+ON,0.6108586398854982,OTH>LNP>GRN,ALP,ON,ALP+ON,0.6087426909050562,OTH>LNP>GRN,ALP,ON,ALP+ON,60.8743,False,False,False,0.0,True,True,True,True,True,True,3.0909494386222036e-05,0.21156398854981218,3.0909494386222036e-05,0.0,LOW
Blaxland,BLAXLAND,ALP,ON,ALP+ON,0.6720590460196805,OTH>GRN>LNP>IND,ALP,ON,ALP+ON,0.668659232128867,OTH>GRN>LNP>IND,ALP,ON,ALP+ON,0.6720590460196805,OTH>GRN>LNP>IND,ALP,ON,ALP+ON,67.2059,False,False,False,0.0,True,True,True,True,True,True,4.60196805107671e-06,0.33997678711329415,4.60196805107671e-06,0.0,LOW
Watson,WATSON,ALP,IND,ALP+IND,0.6361778939394057,LNP>OTH>GRN>ON,ALP,IND,ALP+IND,0.6361778939394057,LNP>OTH>GRN>ON,ALP,IND,ALP+IND,0.6361778939394057,LNP>OTH>GRN>ON,ALP,IND,ALP+IND,63.6178,False,False,False,0.0,True,True,True,True,True,True,1.0606059430706694e-05,1.0606059430706694e-05,1.0606059430706694e-05,0.0,LOW
Mackellar,MACKELLAR,IND,LNP,IND+LNP,0.5534340084822501,OTH>ALP>GRN>ON,IND,LNP,IND+LNP,0.5573643038973619,OTH>ALP>GRN>ON,IND,LNP,IND+LNP,0.5534340084822501,OTH>ALP>GRN>ON,IND,LNP,IND+LNP,55.3434,False,False,False,0.0,True,True,True,True,True,True,8.482250124508539e-07,0.3930303897361931,8.482250124508539e-07,0.0,LOW
Chifley,CHIFLEY,ALP,ON,ALP+ON,0.6426797196654187,LNP>GRN>OTH,ALP,ON,ALP+ON,0.6426797196654187,LNP>GRN>OTH,ALP,ON,ALP+ON,0.6426797196654187,LNP>GRN>OTH,ALP,ON,ALP+ON,64.268,False,False,False,0.0,True,True,True,True,True,True,2.803345813262581e-05,2.803345813262581e-05,2.803345813262581e-05,0.0,LOW
Fowler,FOWLER,IND,ALP,ALP+IND,0.5639234824776246,LNP>OTH>GRN>ON,IND,ALP,ALP+IND,0.5639234824776246,LNP>OTH>GRN>ON,IND,ALP,ALP+IND,0.5639234824776246,LNP>OTH>GRN>ON,IND,ALP,ALP+IND,56.3923,False,False,False,0.0,True,True,True,True,True,True,4.824776246303841e-05,4.824776246303841e-05,4.824776246303841e-05,0.0,LOW
Macarthur,MACARTHUR,ALP,ON,ALP+ON,0.5908062028919843,OTH>LNP>GRN,ALP,ON,ALP+ON,0.5898541620279896,OTH>GRN>LNP,ALP,ON,ALP+ON,0.5908062028919843,OTH>LNP>GRN,ALP,ON,ALP+ON,59.0806,False,False,False,0.0,True,True,True,True,True,True,2.028919843244381e-05,0.0951837972010372,2.028919843244381e-05,0.0,LOW
Dobell,DOBELL,ALP,ON,ALP+ON,0.5300905066771293,OTH>GRN>LNP,ALP,ON,ALP+ON,0.5359880404867102,OTH>GRN>LNP,ALP,ON,ALP+ON,0.5300905066771293,OTH>GRN>LNP,ALP,ON,ALP+ON,53.7111,False,False,False,0.0,True,True,True,True,True,True,0.7020493322870691,0.11229595132897785,0.7020493322870691,0.0,LOW
Paterson,PATERSON,ALP,ON,ALP+ON,0.5283816101686907,OTH>GRN>IND>LNP,ALP,ON,ALP+ON,0.5340121045904516,OTH>GRN>IND>LNP,ALP,ON,ALP+ON,0.5283816101686907,OTH>GRN>IND>LNP,ALP,ON,ALP+ON,53.1524,False,False,False,0.0,True,True,True,True,True,True,0.31423898313093224,0.24881045904515675,0.31423898313093224,0.0,LOW
Macquarie,MACQUARIE,ALP,ON,ALP+ON,0.5313459106549351,OTH>GRN>LNP,ALP,ON,ALP+ON,0.5320898959059254,OTH>GRN>LNP,ALP,ON,ALP+ON,0.5313459106549351,OTH>GRN>LNP,ALP,ON,ALP+ON,54.2699,False,False,False,0.0,True,True,True,True,True,True,1.135308934506496,1.0609104094074673,1.135308934506496,0.0,LOW
Cunningham,CUNNINGHAM,ALP,ON,ALP+ON,0.6159487920202863,OTH>LNP>GRN,ALP,ON,ALP+ON,0.6178849916579836,OTH>LNP>GRN,ALP,ON,ALP+ON,0.6159487920202863,OTH>LNP>GRN,ALP,ON,ALP+ON,61.5949,False,False,False,0.0,True,True,True,True,True,True,2.0797971378438973e-05,0.19359916579835268,2.0797971378438973e-05,0.0,LOW
Hunter,HUNTER,ALP,ON,ALP+ON,0.5089829266515445,LNP>GRN>OTH,ALP,ON,ALP+ON,0.5089829266515445,LNP>GRN>OTH,ALP,ON,ALP+ON,0.5089829266515445,LNP>GRN>OTH,ALP,ON,ALP+ON,50.8983,False,False,False,0.0,True,True,True,True,True,True,7.334845542050772e-06,7.334845542050772e-06,7.334845542050772e-06,0.0,LOW
Farrer,FARRER,LNP,IND,IND+LNP,0.5287718930608596,GRN>OTH>ALP>ON,LNP,IND,IND+LNP,0.5287718930608596,GRN>OTH>ALP>ON,LNP,IND,IND+LNP,0.5287718930608596,GRN>OTH>ALP>ON,LNP,IND,IND+LNP,52.8772,False,False,False,0.0,True,True,True,True,True,True,1.0693914043180541e-05,1.0693914043180541e-05,1.0693914043180541e-05,0.0,LOW
Goldstein,GOLDSTEIN,IND,LNP,IND+LNP,0.5163569281952162,OTH>ALP>GRN>ON,IND,LNP,IND+LNP,0.5170836393871724,OTH>ALP>GRN>ON,IND,LNP,IND+LNP,0.5163569281952162,OTH>ALP>GRN>ON,IND,LNP,IND+LNP,51.6357,False,False,False,0.0,True,True,True,True,True,True,7.180478378554511e-06,0.07266393871724341,7.180478378554511e-06,0.0,LOW
Hotham,HOTHAM,ALP,ON,ALP+ON,0.633212547718207,OTH>LNP>GRN,ALP,ON,ALP+ON,0.6279080165336232,OTH>LNP>GRN,ALP,ON,ALP+ON,0.633212547718207,OTH>LNP>GRN,ALP,ON,ALP+ON,63.3213,False,False,False,0.0,True,True,True,True,True,True,4.5228179301748384e-05,0.5304983466376867,4.5228179301748384e-05,0.0,LOW
Kooyong,KOOYONG,IND,LNP,IND+LNP,0.5367180965697974,OTH>ALP>ON>GRN,IND,LNP,IND+LNP,0.5361992123476641,OTH>ALP>ON>GRN,IND,LNP,IND+LNP,0.5367180965697974,OTH>ALP>ON>GRN,IND,LNP,IND+LNP,53.6718,False,False,False,0.0,True,True,True,True,True,True,9.656979738092986e-06,0.051878765233592805,9.656979738092986e-06,0.0,LOW
Cooper,COOPER,ALP,GRN,ALP+GRN,0.5838182401471897,LNP>OTH>ON,ALP,GRN,ALP+GRN,0.5838182401471897,LNP>OTH>ON,ALP,GRN,ALP+GRN,0.5838182401471897,LNP>OTH>ON,ALP,GRN,ALP+GRN,58.3818,False,False,False,0.0,True,True,True,True,True,True,2.4014718980058802e-05,2.4014718980058802e-05,2.4014718980058802e-05,0.0,LOW
Wills,WILLS,GRN,ALP,ALP+GRN,0.5321784432806355,LNP>OTH>ON,GRN,ALP,ALP+GRN,0.5321784432806355,LNP>OTH>ON,GRN,ALP,ALP+GRN,0.5321784432806355,LNP>OTH>ON,GRN,ALP,ALP+GRN,53.2178,False,False,False,0.0,True,True,True,True,True,True,4.4328063553145114e-05,4.4328063553145114e-05,4.4328063553145114e-05,0.0,LOW
Fraser,FRASER,ALP,GRN,ALP+GRN,0.5330195128198036,LNP>OTH>ON,ALP,GRN,ALP+GRN,0.5330195128198036,LNP>OTH>ON,ALP,GRN,ALP+GRN,0.5330195128198036,LNP>OTH>ON,ALP,GRN,ALP+GRN,53.302,False,False,False,0.0,True,True,True,True,True,True,4.871801964068112e-05,4.871801964068112e-05,4.871801964068112e-05,0.0,LOW
Gellibrand,GELLIBRAND,ALP,ON,ALP+ON,0.620020745983046,OTH>LNP>GRN,ALP,ON,ALP+ON,0.620020745983046,OTH>LNP>GRN,ALP,ON,ALP+ON,0.620020745983046,OTH>LNP>GRN,ALP,ON,ALP+ON,62.0021,False,False,False,0.0,True,True,True,True,True,True,2.540169539155812e-05,2.540169539155812e-05,2.540169539155812e-05,0.0,LOW
Calwell,CALWELL,ALP,ON,ALP+ON,0.6165551627239251,LNP>GRN>OTH>IND,ALP,ON,ALP+ON,0.6165551627239251,LNP>GRN>OTH>IND,ALP,ON,ALP+ON,0.6165551627239251,LNP>GRN>OTH>IND,ALP,ON,ALP+ON,61.6555,False,False,False,0.0,True,True,True,True,True,True,1.6272392500127353e-05,1.6272392500127353e-05,1.6272392500127353e-05,0.0,LOW
Scullin,SCULLIN,ALP,ON,ALP+ON,0.5693727977201994,LNP>GRN>OTH,ALP,ON,ALP+ON,0.5693727977201994,LNP>GRN>OTH,ALP,ON,ALP+ON,0.5693727977201994,LNP>GRN>OTH,ALP,ON,ALP+ON,56.9373,False,False,False,0.0,True,True,True,True,True,True,2.0227980057629935e-05,2.0227980057629935e-05,2.0227980057629935e-05,0.0,LOW
Holt,HOLT,ALP,ON,ALP+ON,0.5758393834226883,OTH>GRN>LNP,ALP,ON,ALP+ON,0.5702622783585553,OTH>GRN>LNP,ALP,ON,ALP+ON,0.5758393834226883,OTH>GRN>LNP,ALP,ON,ALP+ON,57.0745,False,False,False,0.0,True,True,True,True,True,True,0.5094383422688198,0.048272164144480545,0.5094383422688198,0.0,LOW
Isaacs,ISAACS,ALP,ON,ALP+ON,0.6072149212710017,OTH>GRN>LNP,ALP,ON,ALP+ON,0.6072149212710017,OTH>GRN>LNP,ALP,ON,ALP+ON,0.6072149212710017,OTH>GRN>LNP,ALP,ON,ALP+ON,61.7935,False,False,False,0.0,True,True,True,True,True,True,1.0720078728998272,1.0720078728998272,1.0720078728998272,0.0,LOW
Flinders,FLINDERS,LNP,IND,IND+LNP,0.6249245062694125,OTH>GRN>ALP>ON,LNP,IND,IND+LNP,0.6262132174354185,OTH>GRN>ALP>ON,LNP,IND,IND+LNP,0.6249245062694125,OTH>GRN>ALP>ON,LNP,IND,IND+LNP,62.4925,False,False,False,0.0,True,True,True,True,True,True,4.937305874141984e-05,0.1288217435418515,4.937305874141984e-05,0.0,LOW
Gippsland,GIPPSLAND,LNP,ON,LNP+ON,0.5799572937654724,OTH>GRN>ALP,LNP,ON,LNP+ON,0.5799572937654724,OTH>GRN>ALP,LNP,ON,LNP+ON,0.5799572937654724,OTH>GRN>ALP,LNP,ON,LNP+ON,57.9957,False,False,False,0.0,True,True,True,True,True,True,2.9376547250326013e-05,2.9376547250326013e-05,2.9376547250326013e-05,0.0,LOW
McEwen,MCEWEN,ALP,ON,ALP+ON,0.5185217491129226,OTH>GRN>LNP,ALP,ON,ALP+ON,0.52932476988636,OTH>GRN>LNP,ALP,ON,ALP+ON,0.5185217491129226,OTH>GRN>LNP,ALP,ON,ALP+ON,52.4378,False,False,False,0.0,True,True,True,True,True,True,0.5856250887077419,0.4946769886360003,0.5856250887077419,0.0,LOW
Brisbane,BRISBANE,GRN,LNP,GRN+LNP,0.5491484473221717,OTH>ON>ALP,GRN,LNP,GRN+LNP,0.5468431508983591,OTH>ON>ALP,GRN,LNP,GRN+LNP,0.5491484473221717,OTH>ON>ALP,GRN,LNP,GRN+LNP,54.9148,False,False,False,0.0,True,True,True,True,True,True,4.473221717482545e-05,0.230484910164086,4.473221717482545e-05,0.0,LOW
Lilley,LILLEY,ALP,ON,ALP+ON,0.614372335202539,OTH>LNP>GRN,ALP,ON,ALP+ON,0.6146132319921832,OTH>LNP>GRN,ALP,ON,ALP+ON,0.614372335202539,OTH>LNP>GRN,ALP,ON,ALP+ON,61.4372,False,False,False,0.0,True,True,True,True,True,True,3.3520253905905406e-05,0.02412319921832884,3.3520253905905406e-05,0.0,LOW
Griffith,GRIFFITH,GRN,ALP,ALP+GRN,0.5148986558730513,OTH>LNP>ON,GRN,ALP,ALP+GRN,0.5153501836431189,OTH>LNP>ON,GRN,ALP,ALP+GRN,0.5148986558730513,OTH>LNP>ON,GRN,ALP,ALP+GRN,51.4899,False,False,False,0.0,True,True,True,True,True,True,3.4412694871477356e-05,0.04511836431189131,3.4412694871477356e-05,0.0,LOW
Moreton,MORETON,ALP,ON,ALP+ON,0.6323965340806427,OTH>LNP>GRN,ALP,ON,ALP+ON,0.6264244988416977,OTH>LNP>GRN,ALP,ON,ALP+ON,0.6323965340806427,OTH>LNP>GRN,ALP,ON,ALP+ON,63.2397,False,False,False,0.0,True,True,True,True,True,True,4.6591935731754575e-05,0.5972501158302279,4.6591935731754575e-05,0.0,LOW
Rankin,RANKIN,ALP,ON,ALP+ON,0.6062538110303927,LNP>OTH>GRN,ALP,ON,ALP+ON,0.6062538110303927,LNP>OTH>GRN,ALP,ON,ALP+ON,0.6062538110303927,LNP>OTH>GRN,ALP,ON,ALP+ON,60.6254,False,False,False,0.0,True,True,True,True,True,True,1.8896960729541945e-05,1.8896960729541945e-05,1.8896960729541945e-05,0.0,LOW
Ryan,RYAN,GRN,LNP,GRN+LNP,0.5444557840733005,OTH>ON>ALP,GRN,LNP,GRN+LNP,0.540050578122459,OTH>ON>ALP,GRN,LNP,GRN+LNP,0.5444557840733005,OTH>ON>ALP,GRN,LNP,GRN+LNP,54.4456,False,False,False,0.0,True,True,True,True,True,True,2.159266994095077e-05,0.4405421877540894,2.159266994095077e-05,0.0,LOW
Longman,LONGMAN,ON,ALP,ALP+ON,0.5432183369516016,OTH>GRN>LNP,ON,ALP,ALP+ON,0.5470267910592045,OTH>GRN>LNP,ON,ALP,ALP+ON,0.5432183369516016,OTH>GRN>LNP,ON,ALP,ALP+ON,54.2654,False,False,False,0.0,True,True,True,True,True,True,0.056433695160162944,0.4372791059204517,0.056433695160162944,0.0,LOW
Groom,GROOM,LNP,IND,IND+LNP,0.5219095063107788,OTH>GRN>ALP>ON,LNP,IND,IND+LNP,0.5268789942533753,OTH>GRN>ALP>ON,LNP,IND,IND+LNP,0.5219095063107788,OTH>GRN>ALP>ON,LNP,IND,IND+LNP,53.4071,False,False,False,0.0,True,True,True,True,True,True,1.2161493689221148,0.7192005746624708,1.2161493689221148,0.0,LOW
Kennedy,KENNEDY,OTH,ON,ON+OTH,0.6951069221003443,GRN>LNP>ALP,OTH,ON,ON+OTH,0.6951069221003443,GRN>LNP>ALP,OTH,ON,ON+OTH,0.6951069221003443,GRN>LNP>ALP,OTH,ON,ON+OTH,69.5107,False,False,False,0.0,True,True,True,True,True,True,7.789965572602142e-06,7.789965572602142e-06,7.789965572602142e-06,0.0,LOW
Curtin,CURTIN,IND,LNP,IND+LNP,0.5513729032066135,OTH>ALP>GRN>ON,IND,LNP,IND+LNP,0.5513729032066135,OTH>ALP>GRN>ON,IND,LNP,IND+LNP,0.5513729032066135,OTH>ALP>GRN>ON,IND,LNP,IND+LNP,55.1373,False,False,False,0.0,True,True,True,True,True,True,9.679338652812675e-06,9.679338652812675e-06,9.679338652812675e-06,0.0,LOW
Swan,SWAN,ALP,ON,ALP+ON,0.6109954682113711,OTH>LNP>GRN,ALP,ON,ALP+ON,0.6175303374298511,OTH>LNP>GRN,ALP,ON,ALP+ON,0.6109954682113711,OTH>LNP>GRN,ALP,ON,ALP+ON,61.0995,False,False,False,0.0,True,True,True,True,True,True,4.6821137111852096e-05,0.6535337429851129,4.6821137111852096e-05,0.0,LOW
Hasluck,HASLUCK,ALP,ON,ALP+ON,0.6087017537528149,OTH>LNP>GRN,ALP,ON,ALP+ON,0.619492927666294,OTH>LNP>GRN,ALP,ON,ALP+ON,0.6087017537528149,OTH>LNP>GRN,ALP,ON,ALP+ON,60.8702,False,False,False,0.0,True,True,True,True,True,True,2.4624718508725607e-05,1.0790927666294081,2.4624718508725607e-05,0.0,LOW
Pearce,PEARCE,ALP,ON,ALP+ON,0.5373240407276729,OTH>GRN>LNP,ALP,ON,ALP+ON,0.5438358198994816,OTH>GRN>LNP,ALP,ON,ALP+ON,0.5373240407276729,OTH>GRN>LNP,ALP,ON,ALP+ON,53.1457,False,False,False,0.0,True,True,True,True,True,True,0.5867040727672967,1.2378819899481641,0.5867040727672967,0.0,LOW
Brand,BRAND,ALP,ON,ALP+ON,0.602546046934246,OTH>LNP>GRN,ALP,ON,ALP+ON,0.602546046934246,OTH>LNP>GRN,ALP,ON,ALP+ON,0.602546046934246,OTH>LNP>GRN,ALP,ON,ALP+ON,60.2546,False,False,False,0.0,True,True,True,True,True,True,4.69342459341604e-06,4.69342459341604e-06,4.69342459341604e-06,0.0,LOW
Canning,CANNING,LNP,ALP,ALP+LNP,0.5624082077362892,OTH>GRN>ON,LNP,ALP,ALP+LNP,0.5616881133710395,OTH>GRN>ON,LNP,ALP,ALP+LNP,0.5624082077362892,OTH>GRN>ON,LNP,ALP,ALP+LNP,55.9055,False,False,False,0.0,True,True,True,True,True,True,0.335320773628911,0.26331133710394417,0.335320773628911,0.0,LOW
Adelaide,ADELAIDE,ALP,ON,ALP+ON,0.6488339115438818,OTH>LNP>GRN,ALP,ON,ALP+ON,0.6383859759722516,OTH>LNP>GRN,ALP,ON,ALP+ON,0.6488339115438818,OTH>LNP>GRN,ALP,ON,ALP+ON,64.8834,False,False,False,0.0,True,True,True,True,True,True,8.845611809693565e-06,1.044802402774836,8.845611809693565e-06,0.0,LOW
Makin,MAKIN,ALP,ON,ALP+ON,0.6046182542753366,OTH>LNP>GRN,ALP,ON,ALP+ON,0.5911227451196639,OTH>LNP>GRN,ALP,ON,ALP+ON,0.6046182542753366,OTH>LNP>GRN,ALP,ON,ALP+ON,60.4618,False,False,False,0.0,True,True,True,True,True,True,2.5427533656419143e-05,1.3495254880336094,2.5427533656419143e-05,0.0,LOW
Mayo,MAYO,OTH,ON,ON+OTH,0.6684528360913845,LNP>GRN>ALP,OTH,ON,ON+OTH,0.6684528360913845,LNP>GRN>ALP,OTH,ON,ON+OTH,0.6684528360913845,LNP>GRN>ALP,OTH,ALP,ALP+OTH,65.4185,False,False,False,0.0,True,True,True,False,False,False,1.42678360913846,1.42678360913846,1.42678360913846,0.0,LOW
Bass,BASS,ALP,ON,ALP+ON,0.5630243823364803,OTH>IND>GRN>LNP,ALP,ON,ALP+ON,0.5611773139138165,OTH>IND>GRN>LNP,ALP,ON,ALP+ON,0.5630243823364803,OTH>IND>GRN>LNP,ALP,ON,ALP+ON,52.7818,False,False,False,0.0,True,True,True,True,True,True,3.5206382336480324,3.3359313913816524,3.5206382336480324,0.0,LOW
Braddon,BRADDON,ALP,ON,ALP+ON,0.5255917892814526,OTH>IND>GRN>LNP,ALP,ON,ALP+ON,0.5255917892814526,OTH>IND>GRN>LNP,ALP,ON,ALP+ON,0.5255917892814526,OTH>IND>GRN>LNP,ON,ALP,ALP+ON,50.7991,False,False,False,0.0,False,False,False,True,True,True,1.7600789281452478,1.7600789281452478,1.7600789281452478,0.0,LOW
