,,,,,,,,,,,,,,,,,,,,,,,,,,,,,,,,,,,,,,,,,,
,,,,,,,,,,,,,,,,,,,,,,,,,,,,,,,,,,,,,,,,,,
,ALP,,,,,,,LNP,,,,,,,GRN,,,,,,,ON,,,,,,,IND,,,,,,,OTH,,,,,,
Division,Primary,Primary PVI,2nd Round,3rd Round,3CP,2CP,2PP,Primary,Primary PVI,2nd Round,3rd Round,3CP,2CP,2PP,Primary,Primary PVI,2nd Round,3rd Round,3CP,2CP,2PP,Primary,Primary PVI,2nd Round,3rd Round,3CP,2CP,2PP,Primary,Primary PVI,2nd Round,3rd Round,3CP,2CP,2PP,Primary,Primary PVI,2nd Round,3rd Round,3CP,2CP,2PP
Wentworth,0.1338301745,-0.1959448255,,,,,0.5055555052,0.3636207224,0.03864572244,,,,0.4165678116,0.4944444948,0.1017920693,-0.01900793074,,,,,,0.02377049923,-0.03955450077,,,,,,0.3648,0.2789966336,,,,0.5834321884,,0,-0.071475,,,,,
Sydney,0.5515482662,0.2006482662,,,,0.7094611605,0.7807718487,0.1758524555,-0.1476225445,,,,,0.2192281513,0.2159647176,0.09663971762,,,,0.2905388395,,0.03448050798,-0.03011949202,,,,,,0,,,,,,,0.02215405272,-0.05099594728,,,,,
Kingsford Smith,0.5078682968,0.1585932968,,,,0.6718718476,0.6718718476,0.261509906,-0.05774009402,,,,0.3281281524,0.3281281524,0.1355768067,0.01895180668,,,,,,0.05916353952,-0.007336460477,,,,,,0.03588145099,-0.0368,,,,,,0,-0.070825,,,,,
Bennelong,0.4535114559,0.07971145594,,,,0.5926128292,0.5926128292,0.3506902706,0.03681527064,,,,0.4073871708,0.4073871708,0.1177558008,-0.007969199177,,,,,,0.02307580228,-0.03924919772,,,,,,0,,,,,,,0.05496667031,-0.0007583296907,,,,,
Bradfield,0.2029197341,-0.1441302659,,,,,0.4504732536,0.3803497264,0.06652472639,,,,0.4998841375,0.5495267464,0.06729826563,-0.05010173437,,,,,,0.0153740575,-0.0452009425,,,,,,0.2701,0.1749845747,,,,0.5001158625,,0.02261991765,-0.03228008235,,,,,
Warringah,0.145680839,-0.201469161,,,,,0.5451412159,0.3172113669,-0.0043136331,,,,0.3879803299,0.4548587841,0.08747987293,-0.03682012707,,,,,,0.0172157187,-0.0431842813,,,,,,0.3968,0.3118718221,,,,0.6120196701,,0.02252491405,-0.03510008595,,,,,
Banks,0.3642694699,0.02214446985,,,,0.5238793147,0.5238793147,0.390994087,0.07684408703,,,,0.4761206853,0.4761206853,0.1188254915,-0.01147450852,,,,,,0.03705463183,-0.02319536817,,,,,,0.02016475464,-0.0525,,,,,,0.06869156517,-0.01088343483,,,,,
Cook,0.3147117446,-0.04458825542,,,,0.4280583656,0.4280583656,0.4806231432,0.1668731432,,,,0.5719416344,0.5719416344,0.09942273702,-0.02395226298,,,,,,0.04360497913,-0.01789502087,,,,,,0,,,,,,,0.06163739611,-0.01188760389,,,,,
Barton,0.4712108933,0.1327358933,,,,0.6600334164,0.6600334164,0.2417384518,-0.07308654816,,,,0.3399665836,0.3399665836,0.1589278747,0.02460287466,,,,,,0.05575732109,-0.004492678913,,,,,,0,,,,,,,0.07236545907,-0.01120954093,,,,,
Blaxland,0.4603848721,0.1335348721,,,,0.7190341367,0.7190341367,0.1959233939,-0.1130266061,,,,0.2809658633,0.2809658633,0.07888497572,-0.04591502428,,,,,,0.03551780494,-0.02668219506,,,,,,0.187625164,0.1149,,,,,,0.04166378933,-0.02008621067,,,,,
Grayndler,0.5353992677,0.1926492677,,,,0.6686448168,0.8017550822,0.1431032306,-0.1759467694,,,,,0.1982449178,0.2511499125,0.1185749125,,,,0.3313551832,,0.03161132055,-0.02653867945,,,,,,0.02314255308,-0.0496,,,,,,0.01559371562,-0.05755628438,,,,,
Parramatta,0.4776931783,0.1179681783,,,,0.625475872,0.625475872,0.3072332545,-0.00541674555,,,,0.374524128,0.374524128,0.1210618376,-0.007463162362,,,,,,0.02729704702,-0.03527795298,,,,,,0.0154,-0.0468,,,,,,0.04081695648,-0.02068304352,,,,,
Reid,0.4857484415,0.1276984415,,,,0.620073703,0.620073703,0.3172095597,0.004734559659,,,,0.379926297,0.379926297,0.1153956351,-0.01215436488,,,,,,0.02323720324,-0.03833779676,,,,,,0.03060750664,-0.0421,,,,,,0.02780165387,-0.03634834613,,,,,
Watson,0.4800323539,0.1546573539,,,,0.6651737209,0.7285897095,0.1519303668,-0.1478946332,,,,,0.2714102905,0.08932322476,-0.03735177524,,,,,,0.03228143033,-0.02881856967,,,,,,0.1474,0.0874,,,,0.3348262791,,0.0863051404,0.007855140401,,,,,
Berowra,0.2701439845,-0.07848101551,,,,0.4836546449,0.4836546449,0.4171569985,0.1029319985,,,,0.5163453551,0.5163453551,0.119245812,0.004545811989,,,,,,0.04071196179,-0.01453803821,,,,,,0.1137,0.01933775786,,,,,,0.02839021182,-0.04098478818,,,,,
Mackellar,0.1206916591,-0.2292083409,,,,,0.4634277182,0.35447531,0.03922531002,,,,0.4433914186,0.5365722818,0.06131590476,-0.06028409524,,,,,,0.02525771813,-0.03814228187,,,,,,0.3798,0.3014089627,,,,0.5566085814,,0.03162355718,-0.03232644282,,,,,
Mitchell,0.3322227598,-0.02747724024,,,,0.4619134118,0.4619134118,0.4633191241,0.1505941241,,,,0.5380865882,0.5380865882,0.1373216617,0.01082166166,,,,,,0.04271904923,-0.01735595077,,,,,,0,,,,,,,0.02441740527,-0.04803259473,,,,,
Chifley,0.5265171002,0.1867421002,,,,0.6983246471,0.6983246471,0.1969825754,-0.1186174246,,,,0.3016753529,0.3016753529,0.09756861342,-0.03475638658,,,,,,0.05969982329,-0.004000176706,,,,,,0.01698839108,-0.0557,,,,,,0.1022434965,0.02644349654,,,,,
Fowler,0.3756160021,0.03256600207,,,,0.4732402247,0.6818631776,0.1227054596,-0.1918945404,,,,,0.3181368224,0.06765800856,-0.05919199144,,,,,,0.04126406852,-0.01853593148,,,,,,0.3347177688,0.2540177688,,,,0.5267597753,,0.05803869246,-0.01616130754,,,,,
Greenway,0.5041311858,0.1494061858,,,,0.6376137414,0.6376137414,0.2747311566,-0.03814384337,,,,0.3623862586,0.3623862586,0.1072259257,-0.02259907425,,,,,,0.04573986667,-0.01593513333,,,,,,0.02638314437,-0.0463,,,,,,0.04178872074,-0.02396127926,,,,,
Lindsay,0.3209707986,-0.02015420139,,,,0.472174108,0.472174108,0.3973977544,0.08619775437,,,,0.527825892,0.527825892,0.09593870356,-0.03026129644,,,,,,0.06863244554,0.00358244554,,,,,,0.01119760357,-0.0615,,,,,,0.1058626944,0.02078769435,,,,,
McMahon,0.455225635,0.122050635,,,,0.590197782,0.590197782,0.2679818061,-0.0566431939,,,,0.409802218,0.409802218,0.09120457914,-0.03847042086,,,,,,0.08733070987,0.02478070987,,,,,,0.09825726989,0.0256,,,,,,0,-0.05685,,,,,
Hughes,0.3899587975,0.0216087975,,,,0.5305661529,0.5305661529,0.3645251539,0.04650015387,,,,0.4694338471,0.4694338471,0.114156366,-0.02044363396,,,,,,0.05354290656,-0.01608209344,,,,,,0,,,,,,,0.07781677603,0.03696677603,,,,,
Hume,0.2721807233,-0.07614427675,,,,0.4194355917,0.4194355917,0.4384871364,0.1072871364,,,,0.5805644083,0.5805644083,0.08500306634,-0.04424693366,,,,,,0.08009691657,0.01497191657,,,,,,0.04458765219,-0.0281,,,,,,0.07964450521,0.03324450521,,,,,
Macarthur,0.4819534725,0.1379784725,,,,0.6560575607,0.6560575607,0.2308522922,-0.08149770783,,,,0.3439424393,0.3439424393,0.1284211427,-0.006228857338,,,,,,0.07842969552,0.01785469552,,,,,,0,,,,,,,0.08034339719,0.0004433971947,,,,,
Werriwa,0.4084392905,0.06351429052,,,,0.5677403155,0.5677403155,0.3082041683,-0.01949583172,,,,0.4322596845,0.4322596845,0.1112493437,-0.02207565629,,,,,,0.03993653982,-0.02011346018,,,,,,0.02547538065,-0.0472,,,,,,0.106695277,0.04762027701,,,,,
Dobell,0.4280120278,0.08758702781,,,,0.5942838911,0.5942838911,0.2780415172,-0.03515848279,,,,0.4057161089,0.4057161089,0.1029421718,-0.02350782823,,,,,,0.08740464289,0.02947964289,,,,,,0,,,,,,,0.1035996403,0.01014964033,,,,,
Newcastle,0.4530877653,0.1093127653,,,,0.6580459239,0.7079230783,0.190623095,-0.124201905,,,,,0.2920769217,0.222239669,0.09458966896,,,,0.3419540761,,0.05347015684,-0.01015484316,,,,,,0.008202020948,-0.0645,,,,,,0.07237729296,-0.007147707036,,,,,
Paterson,0.3706395349,0.03746453488,,,,0.568893509,0.568893509,0.272317486,-0.02973251398,,,,0.431106491,0.431106491,0.07560899323,-0.04624100677,,,,,,0.0759309685,0.0134559685,,,,,,0.0972,0.0482,,,,,,0.08457830439,0.002903304386,,,,,
Robertson,0.4475621655,0.08911216552,,,,0.5936646856,0.5936646856,0.3038644629,-8.553709234e-05,,,,0.4063353144,0.4063353144,0.08987512689,-0.02967487311,,,,,,0.06930605245,0.009631052453,,,,,,0.0332732129,-0.0394,,,,,,0.05611897933,-0.02538102067,,,,,
Shortland,0.4460539461,0.09427894605,,,,0.6150701151,0.6150701151,0.2620620121,-0.05343798794,,,,0.3849298849,0.3849298849,0.1133773634,-0.01232263662,,,,,,0.09077034077,0.02264534077,,,,,,0.04444629445,-0.0283,,,,,,0.04329004329,-0.01595995671,,,,,
Macquarie,0.4263524908,0.08362749077,,,,0.5770566519,0.5770566519,0.3157832369,-0.001341763138,,,,0.4229433481,0.4229433481,0.1245704389,-0.005029561096,,,,,,0.08738890661,0.02033890661,,,,,,0,,,,,,,0.04590492685,-0.02904507315,,,,,
Cowper,0.1180025061,-0.2171474939,,,,,0.4092356244,0.3790411658,0.05519116582,,,,0.5254466979,0.5907643756,0.0422518216,-0.0758231784,,,,,,0.06363762937,-0.005662370632,,,,,,0.2935,0.2177850954,,,,0.4745533021,,0.09532649557,0.02027649557,,,,,
Cunningham,0.4469144569,0.09753945693,,,,0.675216932,0.675216932,0.2321994562,-0.09257554385,,,,0.324783068,0.324783068,0.2042364515,0.0827114515,,,,,,0.07590453262,0.02002953262,,,,,,0,,,,,,,0.04074510279,-0.03915489721,,,,,
Whitlam,0.3863112445,0.05506124447,,,,0.5624611219,0.5624611219,0.2827399466,-0.04126005342,,,,0.4375388781,0.4375388781,0.1241172381,-0.002907761901,,,,,,0.07664934685,0.01067434685,,,,,,0.048,0.0129,,,,,,0.0445405979,-0.0172594021,,,,,
Calare,0.104322132,-0.224552868,,,,,0.3774360808,0.2971477505,0.01414775048,,,,0.4322037886,0.6225639192,0.03531670227,-0.08423329773,,,,,,0.07716412433,0.01481412433,,,,,,0.3945533421,0.2791533421,,,,0.5677962114,,0.09149594888,0.001470948883,,,,,
Eden-Monaro,0.4303750187,0.07837501868,,,,0.5721462722,0.5721462722,0.3188219035,-0.002853096519,,,,0.4278537278,0.4278537278,0.1002820111,-0.02546798894,,,,,,0.06957829075,0.01097829075,,,,,,0.0233,-0.04616997983,,,,,,0.04172269535,-0.02600230465,,,,,
Gilmore,0.3812774081,0.03515240808,,,,0.5512953275,0.5512953275,0.3444031228,0.03540312283,,,,0.4487046725,0.4487046725,0.07142535546,-0.04297464454,,,,,,0.05003917049,-0.01683582951,,,,,,0.07537842292,0.0027,,,,,,0.07747652022,0.00127652022,,,,,
Hunter,0.4350419084,0.08421690845,,,,0.5903538935,0.594813382,0.1816928147,-0.1299321853,,,,,0.405186618,0.07419944122,-0.04442555878,,,,,,0.1612848342,0.09838483416,,,,0.4096461065,,0,,,,,,,0.1477810015,0.0603060015,,,,,
Lyne,0.1981435757,-0.1388314243,,,,0.4022039323,0.4022039323,0.3623228166,0.05259781664,,,,0.5977960677,0.5977960677,0.06380429813,-0.05464570187,,,,,,0.0838957476,0.008395747599,,,,,,0.1549428441,0.0822,,,,,,0.1368907179,0.08481571788,,,,,
New England,0.2031815717,-0.1383934283,,,,0.3294037395,0.3294037395,0.5221957917,0.1906957917,,,,0.6705962605,0.6705962605,0.07890962517,-0.04416537483,,,,,,0.09958371959,0.03803371959,,,,,,0.03708044007,-0.03369455993,,,,,,0.05904885173,-0.01167614827,,,,,
Page,0.2203747421,-0.1289252579,,,,0.4071416622,0.4071416622,0.4465769467,0.1206269467,,,,0.5928583378,0.5928583378,0.1511701396,0.0123201396,,,,,,0.05699202558,-0.01515797442,,,,,,0.021,-0.0384,,,,,,0.09058125918,0.05395625918,,,,,
Parkes,0.1966878641,-0.1443121359,,,,0.3703032788,0.3703032788,0.3995919418,0.0942419418,,,,0.6296967212,0.6296967212,0.06105618427,-0.06449381573,,,,,,0.1365278824,0.07535288239,,,,,,0.02475997979,-0.04409002021,,,,,,0.1813761477,0.08410114766,,,,,
Richmond,0.3039579998,-0.04069200015,,,,0.600036207,0.600036207,0.2457790228,-0.08519597721,,,,0.399963793,0.399963793,0.2647210153,0.1395960153,,,,,,0.05439629545,-0.02082870455,,,,,,0.0167,-0.0467,,,,,,0.1051242473,0.05614924727,,,,,
Farrer,0.1508882916,-0.1800117084,,,,,0.3711419229,0.4341325209,0.1283575209,,,,0.5619475466,0.6288580771,0.04933875397,-0.06233624603,,,,,,0.06600816976,0.00220816976,,,,,,0.1995575522,0.1269,,,,0.4380524534,,0.1000747116,0.03067471158,,,,,
Riverina,0.1843022761,-0.1400977239,,,,0.3737917741,0.3737917741,0.4032427223,0.0605177223,,,,0.6262082259,0.6262082259,0.04504095921,-0.07148404079,,,,,,0.09851942137,0.03744442137,,,,,,0.1133,0.0928,,,,,,0.103357049,0.05800704905,,,,,
Chisholm,0.3873621254,0.03676212542,,,,0.5570088648,0.5570088648,0.3724011252,0.04940112518,,,,0.4429911352,0.4429911352,0.124994454,0.006769453959,,,,,,0.01913162308,-0.04364337692,,,,,,0.05931158102,-0.0134,,,,,,0.03679909134,-0.02522590866,,,,,
Goldstein,0.1366178797,-0.2041321203,,,,,0.4603,0.4352614698,0.09761146983,,,,0.5007564427,0.5397,0.07187502702,-0.04714997298,,,,,,0.01760998677,-0.04356501323,,,,,,0.3075566468,0.2412316468,,,,0.4992435573,,0.03107898991,-0.04319601009,,,,,
Hotham,0.4884616471,0.1334616471,,,,0.6685936485,0.6685936485,0.2574686238,-0.06340637622,,,,0.3314063515,0.3314063515,0.1485721818,0.02592218179,,,,,,0.04669007918,-0.01943492082,,,,,,0,,,,,,,0.05880746815,-0.007992531847,,,,,
Kooyong,0.1190159054,-0.2230590946,,,,,0.4762812644,0.4312988064,0.1040738064,,,,0.4933357709,0.5237187356,0.07748091271,-0.03939408729,,,,,,0.01045557036,-0.05124442964,,,,,,0.3391313432,0.2635563432,,,,0.5066729348,,0.02261746193,-0.05313253807,,,,,
Macnamara,0.3610596185,0.00928461849,,,,0.6179513245,0.6179513245,0.3249616297,-0.01138837031,,,,0.3820486755,0.3820486755,0.2547489486,0.1430989486,,,,,,0.02793557775,-0.03596442225,,,,,,0.01834798381,-0.04925201619,,,,,,0.0129462417,-0.0549787583,,,,,
Cooper,0.4196549737,0.0758049737,,,,0.5971594817,0.7853159333,0.1513208038,-0.1738541962,,,,,0.2146840667,0.2521052925,0.1379802925,,,,0.4028405183,,0.05283215288,-0.01351784712,,,,,,0,,,,,,,0.1240867771,0.04213677709,,,,,
Melbourne,0.3134081767,-0.04144182333,,,,0.5301596749,0.7397073311,0.1977157048,-0.1307842952,,,,,0.2602926689,0.3946412446,0.2855912446,,,,0.4698403251,,0.02501847139,-0.03953152861,,,,,,0.04945201543,-0.0232,,,,,,0.01976438716,-0.04236061284,,,,,
Wills,0.3558812545,0.0173062545,,,,0.5142875361,0.8086098687,0.1286288156,-0.1909461844,,,,,0.1913901313,0.3537406291,0.2252656291,,,,0.4857124639,,0.03499694847,-0.02802805153,,,,,,0,,,,,,,0.1267523524,0.04495235241,,,,,
Fraser,0.4260470656,0.08414706561,,,,0.5922655327,0.7202303963,0.1686564248,-0.1401435752,,,,,0.2797696037,0.2528311016,0.1146561016,,,,0.4077344673,,0.04778210986,-0.01731789014,,,,,,0,,,,,,,0.1046832981,0.02720829813,,,,,
Gellibrand,0.4661888557,0.1160138557,,,,0.6510237448,0.6510237448,0.2617725899,-0.06355241013,,,,0.3489762552,0.3489762552,0.1704625387,0.04466253874,,,,,,0.05978973784,-0.007785262162,,,,,,0,,,,,,,0.04178627783,-0.02078872217,,,,,
Maribyrnong,0.4142557803,0.07550578028,,,,0.6264557497,0.6264557497,0.3046305206,-0.03254447939,,,,0.3735442503,0.3735442503,0.2121819833,0.07878198333,,,,,,0.06893171578,-0.002593284216,,,,,,0,,,,,,,0,-0.0506,,,,,
Aston,0.3725659769,0.02004097693,,,,0.5342788737,0.5342788737,0.3767171299,0.06169212988,,,,0.4657211263,0.4657211263,0.1153310453,-0.005068954656,,,,,,0.03402853007,-0.02722146993,,,,,,0.04135677157,-0.0313,,,,,,0.0600005462,-0.0118994538,,,,,
Deakin,0.3478317331,0.002506733142,,,,0.5282277265,0.5282277265,0.3872665726,0.06629157259,,,,0.4717722735,0.4717722735,0.1191096643,0.002709664349,,,,,,0.0263447237,-0.0350302763,,,,,,0.07150216004,-0.0012,,,,,,0.04794514618,-0.02155485382,,,,,
Menzies,0.3473636114,-0.0006363885589,,,,0.5107740108,0.5107740108,0.4064059216,0.07925592159,,,,0.4892259892,0.4892259892,0.1096408663,-0.007634133693,,,,,,0.01966553961,-0.04075946039,,,,,,0.06366627068,-0.009,,,,,,0.05325779037,-0.009417209632,,,,,
Calwell,0.3052030457,0.0003030456853,,,,0.5423568439,0.6470634072,0.1570709769,-0.1510790231,,,,,0.3529365928,0.08282126636,-0.03555373364,,,,,,0.0375812628,-0.0148187372,,,,,,0.1195,0.0481,,,,0.4576431561,,0.1111296643,0.04005466426,,,,,
Jagajaga,0.4256023907,0.08042739066,,,,0.6287905382,0.6287905382,0.2945481057,-0.03387689426,,,,0.3712094618,0.3712094618,0.1560230065,0.03662300651,,,,,,0.03867721582,-0.02562278418,,,,,,0.0601715587,-0.0125,,,,,,0.02497772257,-0.03412227743,,,,,
Scullin,0.4489926977,0.1116176977,,,,0.6429333471,0.6429333471,0.2051582164,-0.1196167836,,,,0.3570666529,0.3570666529,0.09415298565,-0.02437201435,,,,,,0.0663006888,0.005525688798,,,,,,0,,,,,,,0.1853954115,0.09539541147,,,,,
Bruce,0.4530841873,0.09980918726,,,,0.6461632601,0.6461632601,0.2298025463,-0.07634745374,,,,0.3538367399,0.3538367399,0.1206732789,-0.007351721099,,,,,,0.08156611321,0.01249111321,,,,,,0,,,,,,,0.1148738744,0.03994887437,,,,,
Dunkley,0.3828122853,0.04758728531,,,,0.5707926098,0.5707926098,0.3232085444,-0.006116455606,,,,0.4292073902,0.4292073902,0.1158641031,-0.008685896896,,,,,,0.06864460342,-0.00143039658,,,,,,0.02959577177,-0.0431,,,,,,0.079874692,0.014999692,,,,,
Holt,0.4503093698,0.09910936977,,,,0.6402845799,0.6402845799,0.2503174315,-0.06630756847,,,,0.3597154201,0.3597154201,0.1120785215,-0.01669647853,,,,,,0.08721809057,0.01719309057,,,,,,0,,,,,,,0.1000765867,0.03525158665,,,,,
Isaacs,0.4941163421,0.1368913421,,,,0.6434031854,0.6434031854,0.2834139082,-0.04148609183,,,,0.3565968146,0.3565968146,0.1405052643,0.01343026433,,,,,,0.04611715551,-0.01825784449,,,,,,0,,,,,,,0.03584732994,-0.02202767006,,,,,
Gorton,0.4305210262,0.08552102618,,,,0.6028387552,0.6028387552,0.2916953187,-0.0405796813,,,,0.3971612448,0.3971612448,0.1079432249,-0.0186317751,,,,,,0.06291986247,0.00496986247,,,,,,0,,,,,,,0.1069205678,0.03727056775,,,,,
Lalor,0.4268965795,0.08757157951,,,,0.6321360944,0.6321360944,0.2605555779,-0.07019442206,,,,0.3678639056,0.3678639056,0.1529047984,0.01842979836,,,,,,0.07036380484,0.002313804843,,,,,,0.02116151646,-0.04491348354,,,,,,0.0681177229,0.007592722896,,,,,
La Trobe,0.3212665753,-0.03413342469,,,,0.4793954718,0.4793954718,0.3913123203,0.07853732025,,,,0.5206045282,0.5206045282,0.1291860488,0.002061048756,,,,,,0.07678202629,0.009807026289,,,,,,0,,,,,,,0.0814530294,0.0122780294,,,,,
Ballarat,0.4235029654,0.08885296537,,,,0.6066481729,0.6066481729,0.2858523053,-0.04579769466,,,,0.3933518271,0.3933518271,0.1433326956,0.02185769562,,,,,,0.07680313756,0.006203137555,,,,,,0.02806581213,-0.0446,,,,,,0.04244308399,-0.02360691601,,,,,
Bendigo,0.3355093465,0.01625934654,,,,0.5139893263,0.5139893263,0.4022154065,0.04196540655,,,,0.4860106737,0.4860106737,0.1132933772,-0.002781622771,,,,,,0.04935423056,-0.009520769436,,,,,,0.01051427071,-0.0622,,,,,,0.08911336841,0.01473836841,,,,,
Corangamite,0.3731397808,0.03521478081,,,,0.5804749087,0.5804749087,0.3411651605,0.01301516055,,,,0.4195250913,0.4195250913,0.1434820227,0.02380702269,,,,,,0.03213805037,-0.03018694963,,,,,,0.04388579119,-0.0288,,,,,,0.06618919439,-0.006210805614,,,,,
Corio,0.428397761,0.08539776098,,,,0.6323133171,0.6323133171,0.2487865949,-0.07876340506,,,,0.3676866829,0.3676866829,0.1586816297,0.03383162973,,,,,,0.09936766854,0.02391766854,,,,,,0.02911264935,-0.03993735065,,,,,,0.03565369646,-0.02364630354,,,,,
Hawke,0.3912557674,0.04460576736,,,,0.5763025323,0.5763025323,0.3022722675,-0.03532773245,,,,0.4236974677,0.4236974677,0.0980378936,-0.0262621064,,,,,,0.09666046987,0.02606046987,,,,,,0,,,,,,,0.1117736016,0.05947360163,,,,,
Casey,0.242555231,-0.09609476899,,,,0.4703430065,0.4703430065,0.4087049312,0.07005493123,,,,0.5296569935,0.5296569935,0.1094220526,-0.007202947387,,,,,,0.05066874056,-0.01423125944,,,,,,0.1050813431,0.03108134309,,,,,,0.0835677015,0.0171927015,,,,,
Flinders,0.2229492791,-0.1162007209,,,,,0.4521810256,0.4122325383,0.08958253831,,,,0.5228718359,0.5478189744,0.06356429957,-0.05056070043,,,,,,0.05300070482,-0.01239929518,,,,,,0.2208957302,0.1482,,,,0.4771281641,,0.02735744803,-0.00754255197,,,,,
Gippsland,0.2127856584,-0.1328643416,,,,0.3064396037,0.3064396037,0.5253632181,0.2014632181,,,,0.6935603963,0.6935603963,0.08492907463,-0.03719592537,,,,,,0.1443135608,0.07116356078,,,,,,0,,,,,,,0.03260848813,-0.03401651187,,,,,
Monash,0.2029672549,-0.1244327451,,,,0.4595538388,0.4595538388,0.3177947502,0.004894750241,,,,0.5404461612,0.5404461612,0.04931768745,-0.06055731255,,,,,,0.07965352764,0.01825352764,,,,,,0.2728957559,0.1636457559,,,,,,0.07737102391,-0.001003976092,,,,,
Indi,0.08342235878,-0.2567276412,,,,,0.433334909,0.3070479792,-0.0213520208,,,,0.4145781139,0.566665091,0.0362845663,-0.0860904337,,,,,,0.07205861498,0.006908614985,,,,,,0.4371826991,0.3619326991,,,,0.5854218861,,0.06400378161,-0.003871218388,,,,,
McEwen,0.3735267972,0.03262679724,,,,0.5465450826,0.5465450826,0.3252181726,-0.002181827393,,,,0.4534549174,0.4534549174,0.11101234,-0.003862659985,,,,,,0.06565728978,0.002757289785,,,,,,0,,,,,,,0.1245854004,0.03921040036,,,,,
Nicholls,0.2423782656,-0.1260217344,,,,0.3582286283,0.3582286283,0.4624152482,0.1270152482,,,,0.6417713717,0.6417713717,0.07809966336,-0.05427533664,,,,,,0.1147029539,0.04205295387,,,,,,0,0.2022,,,,,,0.1024038689,0.01600386895,,,,,
Mallee,0.1781096405,-0.1685403595,,,,0.3072216082,0.3072216082,0.46311921,0.13371921,,,,0.6927783918,0.6927783918,0.08509223567,-0.04653276433,,,,,,0.1025150282,0.03136502817,,,,,,0,0.0689,,,,,,0.1711638857,0.08808888567,,,,,
Wannon,0.1055932704,-0.2125567296,,,,,0.390763356,0.4363931523,0.1099931523,,,,0.5339156582,0.609236644,0.03162817296,-0.08424682704,,,,,,0.04180194805,-0.02109805195,,,,,,0.321031951,0.219781951,,,,0.4660843418,,0.06355150531,-0.01107349469,,,,,
Brisbane,0.3215224164,-0.03137758364,,,,0.5895977245,0.5895977245,0.3426881575,0.02328815748,,,,0.4104022755,0.4104022755,0.2588198113,0.1401948113,,,,,,0.025265249,-0.035884751,,,,,,0,,,,,,,0.05170436589,-0.02767063411,,,,,
Lilley,0.4607549317,0.1096049317,,,,0.6452010622,0.6452010622,0.27698217,-0.04566783005,,,,0.3547989378,0.3547989378,0.1640174507,0.04364245068,,,,,,0.04253603945,-0.01836396055,,,,,,0,,,,,,,0.05570940819,-0.02066559181,,,,,
Griffith,0.3450782895,-0.009571710466,,,,0.6058053292,0.6594176357,0.2657632085,-0.0516367915,,,,,0.3405823643,0.3165369472,0.2016619472,,,,0.3941946708,,0.02457650398,-0.03382349602,,,,,,0,,,,,,,0.04804505082,-0.03807994918,,,,,
Moreton,0.4230691349,0.07016913493,,,,0.660911639,0.660911639,0.2571857915,-0.05196420852,,,,0.339088361,0.339088361,0.2166874487,0.09231244871,,,,,,0.02862593386,-0.02977406614,,,,,,0,,,,,,,0.07443169102,-0.01219330898,,,,,
Bonner,0.3950719432,0.02967194317,,,,0.5499767925,0.5499767925,0.3547312978,0.0500812978,,,,0.4500232075,0.4500232075,0.1242508022,0.01287580217,,,,,,0.03818134119,-0.01771865881,,,,,,0,,,,,,,0.08776461566,-0.006360384336,,,,,
Bowman,0.3171400261,-0.02975997389,,,,0.4757239297,0.4757239297,0.3961310158,0.07523101577,,,,0.5242760703,0.5242760703,0.1175048848,-0.001370115153,,,,,,0.07084186059,0.01194186059,,,,,,0,,,,,,,0.09838221267,0.01250721267,,,,,
Dickson,0.3362568668,-0.009143133169,,,,0.5605891267,0.5605891267,0.3469217655,0.03752176549,,,,0.4394108733,0.4394108733,0.07634968744,-0.03227531256,,,,,,0.04194923281,-0.01545076719,,,,,,0.1219454442,0.02372044421,,,,,,0.07657700322,-0.00357299678,,,,,
Petrie,0.3642201521,0.007570152065,,,,0.5111737105,0.5111737105,0.3784163299,0.06476632989,,,,0.4888262895,0.4888262895,0.1181759025,-0.004949097541,,,,,,0.06719638331,0.003046383314,,,,,,0,,,,,,,0.07199123228,-0.001883767724,,,,,
Fadden,0.2740190842,-0.07938091579,,,,0.4315670416,0.4315670416,0.4095654438,0.09091544376,,,,0.5684329584,0.5684329584,0.09300634644,-0.02561865356,,,,,,0.07987360975,0.02122360975,,,,,,0.02803385966,-0.03621614034,,,,,,0.1155016562,0.02987665618,,,,,
Forde,0.3424253697,-0.01372463034,,,,0.5180042779,0.5180042779,0.307104994,-0.005295006045,,,,0.4819957221,0.4819957221,0.1142006882,-0.01192431182,,,,,,0.1027620199,0.0366120199,,,,,,0.02963824049,-0.03761175951,,,,,,0.1038686878,0.03274368781,,,,,
Oxley,0.5274577444,0.1695577444,,,,0.6932323747,0.6932323747,0.2111579817,-0.09774201828,,,,0.3067676253,0.3067676253,0.1343531695,0.01422816953,,,,,,0.05512688697,-0.004523113031,,,,,,0.01380814652,-0.0589,,,,,,0.05809607088,-0.02332892912,,,,,
Rankin,0.4942019658,0.1398019658,,,,0.6555324046,0.6555324046,0.1974604283,-0.1071895717,,,,0.3444675954,0.3444675954,0.1094372143,-0.01318778567,,,,,,0.06568196446,0.008781964459,,,,,,0,,,,,,,0.1332184272,0.04034342717,,,,,
Ryan,0.2823935358,-0.07300646421,,,,,0.5782026251,0.3460787536,0.02792875355,,,,0.4673213354,0.4217973749,0.2898262164,0.1707012164,,,,0.5326786646,,0.02249134948,-0.03790865052,,,,,,0,,,,,,,0.05921014479,-0.01916485521,,,,,
Blair,0.3695901689,0.02494016889,,,,0.5554769281,0.5554769281,0.2744030308,-0.0492469692,,,,0.4445230719,0.4445230719,0.1044555865,-0.01216941347,,,,,,0.09792279745,0.03827279745,,,,,,0,,,,,,,0.1536284163,0.06675341634,,,,,
Capricornia,0.319084248,-0.03131575203,,,,0.4403332219,0.4403332219,0.3656420703,0.04499207027,,,,0.5596667781,0.5596667781,0.06186089406,-0.06101410594,,,,,,0.1556960871,0.09279608708,,,,,,0,-0.0191,,,,,,0.09771670062,0.02309170062,,,,,
Herbert,0.2302476415,-0.1139023585,,,,0.3662573195,0.3662573195,0.4873739427,0.1552239427,,,,0.6337426805,0.6337426805,0.09379066363,-0.03133433637,,,,,,0.05185629473,-0.00829370527,,,,,,0,-0.0104,,,,,,0.1367314574,0.06685645738,,,,,
Hinkler,0.3118412272,-0.04855877282,,,,0.4369817806,0.4369817806,0.3800473539,0.06239735394,,,,0.5630182194,0.5630182194,0.07315177943,-0.05347322057,,,,,,0.1325178949,0.06086789485,,,,,,0.0292716818,-0.0458033182,,,,,,0.0731700628,0.0253700628,,,,,
Longman,0.3546162111,0.003966211074,,,,0.498896899,0.498896899,0.36053769,0.03788768997,,,,0.501103101,0.501103101,0.09853275267,-0.03009224733,,,,,,0.09892642439,0.03452642439,,,,,,0,,,,,,,0.0873869219,0.0222619219,,,,,
Groom,0.1663372668,-0.1690627332,,,,,0.3664961538,0.409850995,0.08870099498,,,,0.5582553431,0.6335038462,0.0557460908,-0.0656289092,,,,,,0.09552597415,0.03512597415,,,,,,0.2072991145,0.1262991145,,,,0.4417446569,,0.06524055882,-0.01463444118,,,,,
McPherson,0.2343054055,-0.1098445945,,,,0.4561435992,0.4561435992,0.3591832536,0.05028325361,,,,0.5438564008,0.5438564008,0.08409196112,-0.02053303888,,,,,,0.04350151726,-0.009648482744,,,,,,0.1500488608,0.0773,,,,,,0.1288690017,0.0457440017,,,,,
Moncrieff,0.244572693,-0.105077307,,,,0.4125152004,0.4125152004,0.4191037219,0.1012037219,,,,0.5874847996,0.5874847996,0.09526942169,-0.02060557831,,,,,,0.05874847996,0.001348479955,,,,,,0.09003648107,0.0173,,,,,,0.0922692024,0.0241442024,,,,,
Dawson,0.2621054556,-0.08279454442,,,,0.3815960515,0.3815960515,0.4168054596,0.09290545964,,,,0.6184039485,0.6184039485,0.0705203721,-0.0511046279,,,,,,0.104175976,0.05102597595,,,,,,0,,,,,,,0.1463927367,0.05851773673,,,,,
Kennedy,0.1639482594,-0.1774517406,,,,,0.4066908836,0.2380604464,-0.0788395536,,,,0.3527583687,0.5933091164,0.05928357533,-0.06159142467,,,,,,0.07760066682,-0.002199333176,,,,,,0.01679409737,-0.0559,,,,,,0.4443129547,0.3760379547,,,,0.6472416313,
Leichhardt,0.3648454197,0.001945419726,,,,0.5613030874,0.5613030874,0.2724040883,-0.03174591172,,,,0.4386969126,0.4386969126,0.09295977316,-0.02741522684,,,,,,0.08016801744,0.01826801744,,,,,,0.017574116,-0.0551,,,,,,0.1720485854,0.09432358539,,,,,
Flynn,0.2505305244,-0.06886947563,,,,0.3973653186,0.3973653186,0.374186273,0.045036273,,,,0.6026346814,0.6026346814,0.05688656518,-0.06848843482,,,,,,0.1422420421,0.07684204213,,,,,,0.04994617869,-0.02005382131,,,,,,0.1262084166,0.03633341663,,,,,
Fairfax,0.2486042072,-0.09954579281,,,,0.4671943664,0.4671943664,0.3788902096,0.06849020964,,,,0.5328056336,0.5328056336,0.1022170593,-0.01190794071,,,,,,0.0741301059,0.0114801059,,,,,,0.1341852172,0.0615,,,,,,0.06197320078,-0.000601799222,,,,,
Fisher,0.2226686474,-0.1152313526,,,,0.4396566277,0.4396566277,0.3722398541,0.06183985414,,,,0.5603433723,0.5603433723,0.09619150517,-0.01543349483,,,,,,0.06076541292,0.008365412925,,,,,,0.1628823688,0.0902,,,,,,0.08525221149,0.006877211493,,,,,
Maranoa,0.1604614739,-0.1821885261,,,,,0.2603621772,0.5317698363,0.2116198363,,,,0.7009735175,0.7396378228,0.05151146007,-0.07136353993,,,,,,0.1230255817,0.0616255817,,,,0.2990264825,,0,,,,,,,0.133231648,0.04885664802,,,,,
Wide Bay,0.2594636249,-0.09293637514,,,,0.4259035514,0.4259035514,0.3905701483,0.07367014832,,,,0.5740964486,0.5740964486,0.08646884781,-0.03365615219,,,,,,0.1204608374,0.05556083738,,,,,,0.04851921266,-0.0242,,,,,,0.09451732897,0.02951732897,,,,,
Wright,0.2541730478,-0.0964769522,,,,0.4202736116,0.4202736116,0.3405942797,0.03544427965,,,,0.5797263884,0.5797263884,0.09529350365,-0.02208149635,,,,,,0.1625413882,0.09714138825,,,,,,0,,,,,,,0.1473977806,0.05452278065,,,,,
Cowan,0.4662526914,0.1234026914,,,,0.6363466159,0.6363466159,0.2416554852,-0.06926951483,,,,0.3636533841,0.3636533841,0.1078312062,-0.01626879375,,,,,,0.05064436609,-0.01505563391,,,,,,0.03554154835,-0.0372,,,,,,0.09807470278,0.01907470278,,,,,
Curtin,0.1483274481,-0.1950225519,,,,,0.4784049056,0.4028173292,0.07761732923,,,,0.4673083495,0.5215950944,0.07816949539,-0.03763050461,,,,,,0.02594259027,-0.03790740973,,,,,,0.3222842389,0.2482592389,,,,0.5326916505,,0.02245889813,-0.05451610187,,,,,
Perth,0.4305204699,0.08009546995,,,,0.6651228999,0.6651228999,0.2608965877,-0.06420341233,,,,0.3348771001,0.3348771001,0.245268455,0.116843455,,,,,,0.06331448735,-0.006360512651,,,,,,0,,,,,,,0,-0.057825,,,,,
Fremantle,0.3860471948,0.05904719475,,,,0.5068540096,0.6868207187,0.1885244296,-0.1261255704,,,,,0.3131792813,0.1155683932,0.009618393224,,,,,,0.06114755704,-0.006602442965,,,,,,0.2300988936,0.1574,,,,0.4931459904,,0.01861353177,-0.03996146823,,,,,
Swan,0.4263024013,0.0792024013,,,,0.6399,0.6398860399,0.2693019943,-0.0468730057,,,,0.3601139601,0.3601139601,0.1748677249,0.04671772487,,,,,,0.05220797721,-0.01504202279,,,,,,0,,,,,,,0.07731990232,0.00454490232,,,,,
Tangney,0.4250344623,0.07350946225,,,,0.5699,0.5698930544,0.342613365,0.02801336505,,,,0.4301069456,0.4301069456,0.1298303466,0.006130346605,,,,,,0.04072402267,-0.02462597733,,,,,,0,,,,,,,0.06179780343,-0.01447719657,,,,,
Bullwinkel,0.3194603684,-0.009914631583,,,,0.5051,0.5050924864,0.3703,0.03569915921,,,,0.4949075136,0.4949075136,0.1120538103,-0.009846189712,,,,,,0.08609455018,0.01499455018,,,,,,0,,,,,,,0.112,0.03754865856,,,,,
Hasluck,0.4835428201,0.1311178201,,,,0.6597,0.6597419179,0.2215884711,-0.08633652892,,,,0.3402580821,0.3402580821,0.1246664085,-5.859148518e-05,,,,,,0.07378258731,0.003682587309,,,,,,0,,,,,,,0.09641971303,0.02014471303,,,,,
Pearce,0.400670792,0.065845792,,,,0.5644,0.5643623908,0.2852293232,-0.03867067681,,,,0.4356376092,0.4356376092,0.1186629015,-0.005037098468,,,,,,0.09265696839,0.02083196839,,,,,,0,,,,,,,0.1027800149,0.02558001488,,,,,
Moore,0.3251120866,-0.01708791336,,,,0.5289,0.5288617239,0.3144509861,0.01245098608,,,,0.4711382761,0.4711382761,0.1111693514,-0.003480648558,,,,,,0.04530265732,-0.01824734268,,,,,,0.1627245243,0.09,,,,,,0.04124039425,-0.02713460575,,,,,
Brand,0.4586056529,0.1300056529,,,,0.6692,0.6691970616,0.1969443349,-0.1256806651,,,,0.3308029384,0.3308029384,0.1323339695,0.005333969486,,,,,,0.1275148465,0.04851484652,,,,,,0,,,,,,,0.08460119625,0.01037619625,,,,,
Burt,0.4673475798,0.1342725798,,,,0.6571,0.6570507949,0.191294039,-0.122430961,,,,0.3429492051,0.3429492051,0.1148635641,-0.01216143595,,,,,,0.0991782432,0.0261032432,,,,,,0.02178516785,-0.0509,,,,,,0.1055314061,0.02643140611,,,,,
Canning,0.2990451777,-0.0289048223,,,,0.4345,0.4344888571,0.425189027,0.094914027,,,,0.5655111429,0.5655111429,0.08909356464,-0.03450643536,,,,,,0.1141415045,0.03676650447,,,,,,0,,,,,,,0.0725307262,0.0002807262015,,,,,
Durack,0.2339987722,-0.0932512278,,,,0.3984675201,0.3984675201,0.3287783361,0.0071783361,,,,0.6015324799,0.6015324799,0.08180805348,-0.03701694652,,,,,,0.1008162616,0.03281626157,,,,,,0,,,,,,,0.2545985767,0.1588235767,,,,,
O'Connor,0.2105652161,-0.1158847839,,,,0.3673654878,0.3673654878,0.3444731874,0.04169818744,,,,0.6326345122,0.6326345122,0.1000089891,-0.01989101088,,,,,,0.1103964203,0.03964642033,,,,,,0,,,,,,,0.234556187,0.122981187,,,,,
Forrest,0.2254542164,-0.1026207836,,,,0.4776436048,0.4776436048,0.3118030908,0.01362809078,,,,0.5223563952,0.5223563952,0.07882803624,-0.02937196376,,,,,,0.0871733513,0.0180983513,,,,,,0.1830539831,0.1104,,,,,,0.1136873222,0.03153732216,,,,,
Adelaide,0.4648651491,0.1079401491,,,,0.6906537878,0.6906537878,0.2416622111,-0.06666278892,,,,0.3093462122,0.3093462122,0.1896940108,0.07039401082,,,,,,0.04017915838,-0.02279584162,,,,,,0,,,,,,,0.06359947059,-0.02032552941,,,,,
Hindmarsh,0.4814129865,0.1258629865,,,,0.6634865877,0.6634865877,0.2310284429,-0.07264655711,,,,0.3365134123,0.3365134123,0.1355549431,0.01420494305,,,,,,0.04973726561,-0.01326273439,,,,,,0.01587964898,-0.0568,,,,,,0.08638671302,0.002486713019,,,,,
Sturt,0.3528603259,0.0006353259431,,,,0.5662,0.5662258723,0.3434269274,0.03752692744,,,,0.4337741277,0.4337741277,0.1561846385,0.0359846385,,,,,,0.03444684429,-0.02812815571,,,,,,0.07182188378,-0.0009,,,,,,0.04125938004,-0.03134061996,,,,,
Boothby,0.4262436189,0.05984361892,,,,0.611,0.6110329899,0.3248451069,0.01072010691,,,,0.3889670101,0.3889670101,0.1708383402,0.04401334019,,,,,,0.03033944383,-0.03253555617,,,,,,0,0.0217,,,,,,0.04773349014,-0.03214150986,,,,,
Kingston,0.5302630995,0.1797880995,,,,0.7074,0.7074049425,0.1862904299,-0.1235595701,,,,0.2925950575,0.2925950575,0.1344247748,0.009799774835,,,,,,0.06227428014,-0.001550719863,,,,,,0,-0.0258,,,,,,0.08674741559,-0.002702584409,,,,,
Makin,0.4782379319,0.1337879319,,,,0.6466,0.6465783623,0.2248841241,-0.08064087595,,,,0.3534216377,0.3534216377,0.1237329012,-0.0007170987678,,,,,,0.0673776237,0.001977623695,,,,,,0,,,,,,,0.1057674191,0.01414241908,,,,,
Spence,0.4433012789,0.1014762789,,,,0.6534,0.6533818482,0.1868956184,-0.1238293816,,,,0.3466181518,0.3466181518,0.1448723349,0.0148973349,,,,,,0.09547324365,0.03834824365,,,,,,0.02462784883,-0.0481,,,,,,0.1048296753,0.0191796753,,,,,
Barker,0.224911235,-0.119838765,,,,0.3698,0.3698235738,0.4825505455,0.1671005455,,,,0.6301764262,0.6301764262,0.08154423533,-0.04243076467,,,,,,0.08196736391,0.01751736391,,,,,,0.05856651397,-0.01175848603,,,,,,0.07046010633,-0.009789893666,,,,,
Grey,0.2250446759,-0.1183553241,,,,0.4536,0.4535792143,0.3488646251,0.04703962514,,,,0.5464207857,0.5464207857,0.05915925188,-0.06081574812,,,,,,0.09966224118,0.02998724118,,,,,,0.1753819669,0.09515696686,,,,,,0.09188723908,0.007787239079,,,,,
Mayo,0.2134332412,-0.1370417588,,,,0.3510968031,0.5497595501,0.2360642904,-0.08328570961,,,,,0.4502404499,0.1361857136,0.009485713601,,,,,,0.05985684843,-0.005243151571,,,,,,0,-0.06775,,,,,,0.3544599064,0.2846349064,,,,0.6489031969,
Clark,0.2004857029,-0.1433892971,,,,0.2961602819,0.7088744428,0.1368112422,-0.1856637578,,,,,0.2911255572,0.1319097896,0.01043478958,,,,,,0.04196591195,-0.02243408805,,,,,,0.4888273534,0.4127273534,,,,0.7038397181,,0,-0.070875,,,,,
Franklin,0.3902853705,0.04378537051,,,,0.5777902749,0.6944102953,0.1883680783,-0.1198069217,,,,,0.3055897047,0.1048363893,-8.861068243e-05,,,,,,0.0496063404,-0.0160686596,,,,,,0.2669038215,0.1942,,,,0.4222097251,,0,-0.03945,,,,,
Bass,0.3963320949,0.02813209487,,,,0.580104478,0.580104478,0.3144257899,0.007250789871,,,,0.419895522,0.419895522,0.1289074503,0.002307450345,,,,,,0.06479593262,-2.906737995e-05,,,,,,0.05380339135,-0.01482160865,,,,,,0.04173534095,-0.02203965905,,,,,
Braddon,0.3952298236,0.01202982362,,,,0.5720069482,0.5720069482,0.3166755746,0.01987557456,,,,0.4279930518,0.4279930518,0.08442009621,-0.04200490379,,,,,,0.0762827365,0.007657736505,,,,,,0.08249599145,0.01372099145,,,,,,0.04489577766,-0.01047922234,,,,,
Lyons,0.4308100791,0.05506007913,,,,0.6158371512,0.6158371512,0.2620652853,-0.0383097147,,,,0.3841628488,0.3841628488,0.1088348605,-0.01191513953,,,,,,0.06722459392,0.003399593919,,,,,,0.03204394002,-0.0407,,,,,,0.09902124115,0.03627124115,,,,,
Bean,0.410496592,0.07154659202,,,,0.5034079844,0.6929016553,0.2304284323,-0.08077156767,,,,,0.3070983447,0.09500486855,-0.01387013145,,,,,,,-0.225,,,,,,0.2640701071,0.1506701071,,,,0.4965920156,,0,-0.07,,,,,
Canberra,0.483196831,0.133946831,,,,0.6952090359,0.7641775066,0.1830844173,-0.1361655827,,,,,0.2358224934,0.1981050265,0.0881800265,,,,0.3047909641,,,-0.225,,,,,,0.109062684,0.02696268401,,,,,,0.02655104116,-0.05587395884,,,,,
Fenner,0.5379949185,0.1836199185,,,,0.7208130426,0.7208130426,0.2193838662,-0.09376613381,,,,0.2791869574,0.2791869574,0.1640059284,0.04275592844,,,,,,,-0.225,,,,,,,-0.07,,,,,,0.07861528689,-0.01028471311,,,,,
Solomon,0.3284716448,0.00274664477,,,,0.5131049393,0.5131049393,0.359920173,0.006320172959,,,,0.4868950607,0.4868950607,0.1025611176,-0.008863882421,,,,,,0.06707134542,0.003471345418,,,,,,0.1362714119,0.0636,,,,,,0.005704307334,-0.03732069267,,,,,
Lingiari,0.446441094,0.08731609397,,,,0.5812587658,0.5812587658,0.3099360098,-0.009263990182,,,,0.4187412342,0.4187412342,0.1018145161,-0.01821048387,,,,,,0.09055049088,0.02072549088,,,,,,,-0.0233,,,,,,0.0512578892,-0.0194171108,,,,,
,,,,,,,,,,,,,,,,,,,,,,,-0.0604,,,,,,,-0.06775,,,,,,,0.169625,,,,,
New South Wales,0.352,0.0068,,,,0.5527,0.5527,0.315,-0.0004,,,,0.4473,0.4473,0.111,-0.0139,,,,,,0.06,-0.0034,,,,,,0.0973,0.0235,,,,,,0.0647,-0.0119,,,,,
Victoria,0.34,-0.0034,,,,0.563,0.563,0.322,-0.0036,,,,0.437,0.437,0.136,0.0141,,,,,,0.058,-0.0074,,,,,,0.0751,0.0049,,,,,,0.0689,-0.0037,,,,,
Queensland,0.31,-0.0397,,,,0.4942,0.4942,0.349,0.0329,,,,0.5058,0.5058,0.118,-0.0014,,,,,,0.078,0.0169,,,,,,0.0369,-0.0349,,,,,,0.1081,0.027,,,,,
Western Australia,0.356,0.0184,,,,0.5584,0.5584,0.315,-0.0046,,,,0.4416,0.4416,0.12,-0.0009,,,,,,0.04,-0.0114,,,,,,0.0617,-0.0154,,,,,,0.1073,0.0148,,,,,
South Australia,0.383,0.0329,,,,0.5919,0.5919,0.284,-0.0262,,,,0.4081,0.4081,0.134,0.0104,,,,,,0.062,-0.0019,,,,,,0.0336,-0.0358,,,,,,0.1034,0.0215,,,,,
Tasmania,0.366,0.0021,,,,0.6334,0.6334,0.245,-0.0619,,,,0.3666,0.3666,0.111,-0.0089,,,,,,0.061,-0.0047,,,,,,0.1795,0.0948,,,,,,0.0375,-0.0206,,,,,
ACT,0.475,0.1279,,,,0.7249,0.7249,0.212,-0.1027,,,,0.2751,0.2751,0.151,0.0379,,,,,,0.0,-0.0544,,,,,,0.044,-0.0234,,,,,,0.118,0.0155,,,,,
Northern Territory,0.38,0.0399,,,,0.5425,0.5425,0.338,-0.0009,,,,0.4575,0.4575,0.102,-0.0131,,,,,,0.077,0.0109,,,,,,0.0775,-0.0063,,,,,,0.0255,-0.0296,,,,,
