BRISBANE (QLD),RAW,,,,,,,,BRISBANE (QLD),HELPER,,,,,,,,,,,,,,,,,,,,,,,,,,,,,,,,,
,ALP,LNP,GRN,ON,IND,OTH,PrefRow,,,ALP,LNP,GRN,ON,IND,OTH,,,ALP,LNP,GRN,ON,IND,OTH,,,ALP,LNP,GRN,ON,IND,OTH,ALP,LNP,GRN,ON,IND,OTH,ALP,LNP,GRN,ON,IND,OTH
Index,1,2,3,4,5,6,89.0,,Index,1,2,3,4,5,6,,,,,,,,,,,,,,,,,,,,,,,,,,,,
ALP,0.0,0,0,0,0,0,,,ALP,0,0,0,0,0,0,,ALP,0,0.5569575144,0.1891503014,0.2538921841,0,0,1,,0.5603045799,0.18913414998817257,0.12717293795608964,0.12338833216411697,0.0,0.0,0.5603045799,0.7460916644258673,0.316323239390934,0.377280516291578,0.0,0.0,0,0.37304583221293364,0.158161619695467,0.188640258145789,0.0,0.0
LNP,0,0.0,0,0,0,0,,,LNP,0,0,0,0,0,0,,LNP,0.6134122668,0,0.1650477971,0.2215399361,0,0,1,,0.19079722548740294,0.506678275197687,0.14678391913262423,0.15574058018228598,0.0,0.0,0.8042094922632083,0.506678275197687,0.31183171624752704,0.377280516291578,0.0,0.0,0.40210474613160413,0.0,0.15591585812376352,0.188640258145789,0.0,0.0
GRN,0.9140563565,0.08594364351,0.0,0,0,0,,,GRN,0.9140563565,0.08594364351,0,0,0,0,,GRN,0.9140563565,0.08594364351,0,0,0,0,1,,0.0527188851819442,0.5090905563652808,0.18707884439581396,0.2511117140569611,0.0,0.0,0.9667752416694934,0.5950341998777317,0.18707884439581396,0.2511117140569611,0.0,0.0,0.4833876208347467,0.2975170999388658,0.0,0.12555585702848054,0.0,0.0
ON,0.1802575107,0.6809106177,0.1388318716,0.0,0,0,,,ON,0.1802575107,0.6809106177,0.1388318716,0,0,0,,ON,0.1802575107,0.6809106177,0.1388318716,0,0,0,1,,0.5445790801813117,0.11232749201718166,0.1464785599661019,0.19661486783540474,0.0,0.0,0.7248365909109254,0.7932381096697287,0.28531043158394104,0.19661486783540474,0.0,0.0,0.3624182954554627,0.39661905483486437,0.14265521579197052,0.0,0.0,0.0
IND,0,0,0,0,0.0,0,,,IND,0,0,0,0,0,0,,IND,0.4127978347,0.3270466585,0.1110694666,0.1490860403,0,0,1,,0.3290120625656713,0.3409708383680643,0.15275705939768008,0.17726003966858445,0.0,0.0,0.7418098972196168,0.668017496851635,0.2638265259760796,0.32634607995266873,0.0,0.0,0.3709049486098084,0.3340087484258175,0.1319132629880398,0.16317303997633437,0.0,0.0
OTH,0.1440796367,0.2142857143,0.1943765281,0.4472581209,0,0.0,,,OTH,0.1440796367,0.2142857143,0.1943765281,0.4472581209,0,0,,OTH,0.1440796367,0.2142857143,0.1943765281,0.4472581209,0,0,1,,0.38973822233375754,0.40149446672173056,0.1247137738311244,0.08405353711338745,0.0,0.0,0.5338178590784309,0.6157801810074448,0.3190903019484838,0.5313116579656403,0.0,0.0,0.26690892953921547,0.3078900905037224,0.1595451509742419,0.26565582898282014,0.0,0.0
,,,,,,,,,,,,,,,,,,,,,,,,,,,,,,,,,,,,,,,,,,,
LILLEY (QLD),RAW,,,,,,,,LILLEY (QLD),HELPER,,,,,,,,,,,,,,,,,,,,,,,,,,,,,,,,,
,ALP,LNP,GRN,ON,IND,OTH,PrefRow,,,ALP,LNP,GRN,ON,IND,OTH,,,ALP,LNP,GRN,ON,IND,OTH,,,ALP,LNP,GRN,ON,IND,OTH,ALP,LNP,GRN,ON,IND,OTH,ALP,LNP,GRN,ON,IND,OTH
Index,1,2,3,4,5,6,90.0,,Index,1,2,3,4,5,6,,,,,,,,,,,,,,,,,,,,,,,,,,,,
ALP,0.0,0,0,0,0,0,,,ALP,0,0,0,0,0,0,,ALP,0,0.536561471,0.1756388362,0.2877996928,0,0,1,,0.5231019424,0.21003924978301247,0.13349795795423158,0.13336084986571156,0.0,0.0,0.5231019424,0.7466007207469428,0.3091367941992643,0.42116054265674857,0.0,0.0,0,0.3733003603734714,0.15456839709963216,0.21058027132837429,0.0,0.0
LNP,0,0.0,0,0,0,0,,,LNP,0,0,0,0,0,0,,LNP,0.5997690391,0,0.1516837634,0.2485471974,0,0,1,,0.1738355329473167,0.5032053227610229,0.150345799081142,0.17261334521051866,0.0,0.0,0.7736045720888844,0.5032053227610229,0.30202956249334445,0.4211605426567486,0.0,0.0,0.3868022860444422,0.0,0.15101478124667223,0.2105802713283743,0.0,0.0
GRN,0.8841893772,0.1158106228,0.0,0,0,0,,,GRN,0.8841893772,0.1158106228,0,0,0,0,,GRN,0.8841893772,0.1158106228,0,0,0,0,1,,0.0694596259847635,0.4744219528181926,0.17286458434001997,0.28325383685702404,0.0,0.0,0.9536490031420455,0.5902325756609107,0.17286458434001997,0.28325383685702404,0.0,0.0,0.47682450157102274,0.29511628783045535,0.0,0.14162691842851202,0.0,0.0
ON,0.1598020861,0.6591334581,0.1810644557,0.0,0,0,,,ON,0.1598020861,0.6591334581,0.1810644557,0,0,0,,ON,0.1598020861,0.6591334581,0.1810644557,0,0,0,1,,0.5554231092002871,0.1067128297848271,0.12804729595768388,0.20981676505720204,0.0,0.0,0.7152251953195704,0.7658462879287159,0.3091117516945119,0.20981676505720204,0.0,0.0,0.3576125976597852,0.38292314396435795,0.15455587584725594,0.0,0.0,0.0
IND,0,0,0,0,0.0,0,,,IND,0,0,0,0,0,0,,IND,0.4098516545,0.3166508644,0.1036529686,0.1698445125,0,0,1,,0.3087077458427273,0.34386492235923705,0.15076946664305235,0.19665786515498346,0.0,0.0,0.7185594003249963,0.6605157867171606,0.2544224352617181,0.3665023776961252,0.0,0.0,0.35927970016249816,0.3302578933585803,0.12721121763085905,0.1832511888480626,0.0,0.0
OTH,0.1855635002,0.1750085121,0.1298944501,0.5095335376,0,0.0,,,OTH,0.1855635002,0.1750085121,0.1298944501,0.5095335376,0,0,,OTH,0.1855635002,0.1750085121,0.1298944501,0.5095335376,0,0,1,,0.3012405023431312,0.4504599844746914,0.1513965196314532,0.09690299355072432,0.0,0.0,0.48680400251337297,0.6254684965618551,0.2812909697506224,0.6064365311741495,0.0,0.0,0.24340200125668648,0.31273424828092755,0.1406454848753112,0.30321826558707476,0.0,0.0
,,,,,,,,,,,,,,,,,,,,,,,,,,,,,,,,,,,,,,,,,,,
GRIFFITH (QLD),RAW,,,,,,,,GRIFFITH (QLD),HELPER,,,,,,,,,,,,,,,,,,,,,,,,,,,,,,,,,
,ALP,LNP,GRN,ON,IND,OTH,PrefRow,,,ALP,LNP,GRN,ON,IND,OTH,,,ALP,LNP,GRN,ON,IND,OTH,,,ALP,LNP,GRN,ON,IND,OTH,ALP,LNP,GRN,ON,IND,OTH,ALP,LNP,GRN,ON,IND,OTH
Index,1,2,3,4,5,6,91.0,,Index,1,2,3,4,5,6,,,,,,,,,,,,,,,,,,,,,,,,,,,,
ALP,0.0,0,0,0,0,0,,,ALP,0,0,0,0,0,0,,ALP,0,0.5078159472,0.2532401871,0.2389438657,0,0,1,,0.5451365084,0.26353034210613985,0.144454106220695,0.04687904330473967,0.0,0.0,0.5451365084,0.7713462893207303,0.3976942932769064,0.2858229090339376,0.0,0.0,0,0.3856731446603653,0.19884714663845326,0.14291145451696882,0.0,0.0
LNP,0.7946651033,0.0,0.2053348967,0,0,0,,,LNP,0.7946651033,0,0.2053348967,0,0,0,,LNP,0.7946651033,0,0.2053348967,0,0,0,1,,0.08654105392389326,0.48432649138908546,0.20124113941356858,0.22789131527345252,0.0,0.0,0.8812061572508755,0.48432649138908546,0.4065760360865863,0.22789131527345252,0.0,0.0,0.44060307862543785,0.0,0.20328801804329322,0.11394565763672629,0.0,0.0
GRN,0,0,0.0,0,0,0,,,GRN,0,0,0,0,0,0,,GRN,0.4214629628,0.3934201177,0,0.1851169194,0,0,1,,0.3396455078130105,0.3410042506088906,0.2186442519781763,0.1007059895999222,0.0,0.0,0.761108470641507,0.7344243683463785,0.2186442519781763,0.2858229090339376,0.0,0.0,0.3805542353207536,0.3672121841731893,0.0,0.14291145451696882,0.0,0.0
ON,0.1458984375,0.6859375,0.1681640625,0.0,0,0,,,ON,0.1458984375,0.6859375,0.1681640625,0,0,0,,ON,0.1458984375,0.6859375,0.1681640625,0,0,0,1,,0.6159655183358783,0.14024867850415548,0.17779425329035708,0.06599154986960899,0.0,0.0,0.7618639558358783,0.8261861785041554,0.3459583157903571,0.06599154986960899,0.0,0.0,0.38093197791793926,0.4130930892520778,0.17297915789517856,0.0,0.0,0.0
IND,0,0,0,0,0.0,0,,,IND,0,0,0,0,0,0,,IND,0.3523370115,0.328893594,0.1640142963,0.1547550982,0,0,1,,0.3530647401261879,0.3496012021733477,0.18278346883989993,0.11455058886056421,0.0,0.0,0.70540175167051,0.6784947961318002,0.3467977651858007,0.26930568701188873,0.0,0.0,0.35270087583525506,0.33924739806590015,0.17339888259290037,0.1346528435059444,0.0,0.0
OTH,0.1164474938,0.3007432819,0.1185439299,0.4642652945,0,0.0,,,OTH,0.1164474938,0.3007432819,0.1185439299,0.4642652945,0,0,,OTH,0.1164474938,0.3007432819,0.1185439299,0.4642652945,0,0,1,,0.3566876481187923,0.4242284366268024,0.16931501381577418,0.04976890143863112,0.0,0.0,0.4731351419247767,0.7249717185021598,0.2878589436804588,0.5140341958926048,0.0,0.0,0.2365675709623884,0.36248585925107996,0.14392947184022942,0.25701709794630245,0.0,0.0
,,,,,,,,,,,,,,,,,,,,,,,,,,,,,,,,,,,,,,,,,,,
MORETON (QLD),RAW,,,,,,,,MORETON (QLD),HELPER,,,,,,,,,,,,,,,,,,,,,,,,,,,,,,,,,
,ALP,LNP,GRN,ON,IND,OTH,PrefRow,,,ALP,LNP,GRN,ON,IND,OTH,,,ALP,LNP,GRN,ON,IND,OTH,,,ALP,LNP,GRN,ON,IND,OTH,ALP,LNP,GRN,ON,IND,OTH,ALP,LNP,GRN,ON,IND,OTH
Index,1,2,3,4,5,6,92.0,,Index,1,2,3,4,5,6,,,,,,,,,,,,,,,,,,,,,,,,,,,,
ALP,0.0,0,0,0,0,0,,,ALP,0,0,0,0,0,0,,ALP,0,0.5681445077,0.186353191,0.2455023013,0,0,1,,0.5651962241,0.18251608355452492,0.13387007078272176,0.11841762159244115,0.0,0.0,0.5651962241,0.7506605912503377,0.32022326176993055,0.36391992290941955,0.0,0.0,0,0.37533029562516884,0.16011163088496527,0.18195996145470977,0.0,0.0
LNP,0,0.0,0,0,0,0,,,LNP,0,0,0,0,0,0,,LNP,0.6333595298,0,0.1582117694,0.2084287008,0,0,1,,0.17434535359800796,0.514793846484425,0.15536957778482122,0.1554912221327459,0.0,0.0,0.8077048834216596,0.514793846484425,0.31358134718449593,0.3639199229094196,0.0,0.0,0.4038524417108298,0.0,0.15679067359224796,0.1819599614547098,0.0,0.0
GRN,0.8856042283,0.1143957717,0.0,0,0,0,,,GRN,0.8856042283,0.1143957717,0,0,0,0,,GRN,0.8856042283,0.1143957717,0,0,0,0,1,,0.07245365220682641,0.5031511782747295,0.18313393134667477,0.24126123817176934,0.0,0.0,0.95805788046088,0.6175469500206759,0.18313393134667477,0.24126123817176934,0.0,0.0,0.47902894023044,0.30877347501033797,0.0,0.12063061908588467,0.0,0.0
ON,0.1642400568,0.6566051136,0.1791548295,0.0,0,0,,,ON,0.1642400568,0.6566051136,0.1791548295,0,0,0,,ON,0.1642400568,0.6566051136,0.1791548295,0,0,0,1,,0.5745273806101214,0.113806641212764,0.13448931550127224,0.1771766626758424,0.0,0.0,0.7387674374283033,0.7704117548491276,0.3136441450467268,0.1771766626758424,0.0,0.0,0.36938371871415165,0.3852058774245638,0.1568220725233634,0.0,0.0,0.0
IND,0,0,0,0,0.0,0,,,IND,0,0,0,0,0,0,,IND,0.4272676827,0.3253947205,0.1067304949,0.1406071019,0,0,1,,0.3237061431675956,0.34728264670247977,0.15629441193088886,0.17271679819903585,0.0,0.0,0.7509738258205401,0.6726773671831047,0.26302490685001134,0.313323900146344,0.0,0.0,0.37548691291027003,0.33633868359155233,0.13151245342500567,0.156661950073172,0.0,0.0
OTH,0.2319587629,0.2051832761,0.1410366552,0.4218213058,0,0.0,,,OTH,0.2319587629,0.2051832761,0.1410366552,0.4218213058,0,0,,OTH,0.2319587629,0.2051832761,0.1410366552,0.4218213058,0,0,1,,0.32413739668583896,0.4248901206199458,0.15125998894471954,0.09971249374949577,0.0,0.0,0.556096159572437,0.6300733966795105,0.2922966441566325,0.5215337995914202,0.0,0.0,0.2780480797862185,0.31503669833975523,0.14614832207831624,0.2607668997957101,0.0,0.0
,,,,,,,,,,,,,,,,,,,,,,,,,,,,,,,,,,,,,,,,,,,
BONNER (QLD),RAW,,,,,,,,BONNER (QLD),HELPER,,,,,,,,,,,,,,,,,,,,,,,,,,,,,,,,,
,ALP,LNP,GRN,ON,IND,OTH,PrefRow,,,ALP,LNP,GRN,ON,IND,OTH,,,ALP,LNP,GRN,ON,IND,OTH,,,ALP,LNP,GRN,ON,IND,OTH,ALP,LNP,GRN,ON,IND,OTH,ALP,LNP,GRN,ON,IND,OTH
Index,1,2,3,4,5,6,93.0,,Index,1,2,3,4,5,6,,,,,,,,,,,,,,,,,,,,,,,,,,,,
ALP,0.0,0,0,0,0,0,,,ALP,0,0,0,0,0,0,,ALP,0,0.5976031996,0.1957161059,0.2066806945,0,0,1,,0.565062369,0.16966494132452645,0.1465274387114315,0.11874525101221,0.0,0.0,0.565062369,0.7672681409361589,0.3422435446251579,0.32542594548685155,0.0,0.0,0,0.3836340704680793,0.17112177231257886,0.1627129727434257,0.0,0.0
LNP,0,0.0,0,0,0,0,,,LNP,0,0,0,0,0,0,,LNP,0.6131363344,0,0.1881611635,0.1987025021,0,0,1,,0.19098193328141733,0.5295278491372437,0.15276677417175194,0.12672344340958752,0.0,0.0,0.804118267720896,0.5295278491372437,0.3409279376550095,0.32542594548685155,0.0,0.0,0.40205913386044784,0.0,0.17046396882750467,0.1627129727434257,0.0,0.0
GRN,0.8433893834,0.1566106166,0.0,0,0,0,,,GRN,0.8433893834,0.1566106166,0,0,0,0,,GRN,0.8433893834,0.1566106166,0,0,0,0,1,,0.09602365936655205,0.5040121940674434,0.19453292172168132,0.2054312248443236,0.0,0.0,0.9394130428152827,0.6606228106187128,0.19453292172168132,0.2054312248443236,0.0,0.0,0.46970652140764113,0.3303114053093562,0.0,0.10271561242216176,0.0,0.0
ON,0.1624982337,0.6726013848,0.1649003815,0.0,0,0,,,ON,0.1624982337,0.6726013848,0.1649003815,0,0,0,,ON,0.1624982337,0.6726013848,0.1649003815,0,0,0,1,,0.5514715786938797,0.12293461481824342,0.15836098063884294,0.16723282584903412,0.0,0.0,0.7139698124087307,0.7955359995858002,0.32326136215643514,0.16723282584903412,0.0,0.0,0.3569849062043652,0.39776799979289995,0.1616306810782175,0.0,0.0,0.0
IND,0,0,0,0,0.0,0,,,IND,0,0,0,0,0,0,,IND,0.3894079288,0.3648917754,0.1195027025,0.1261975933,0,0,1,,0.3450226022158757,0.33630749213808664,0.165681895727075,0.1529880099189631,0.0,0.0,0.734430531015172,0.7011992675451209,0.2851845982042735,0.27918560323543434,0.0,0.0,0.3672152655075858,0.35059963377256026,0.1425922991021367,0.13959280161771712,0.0,0.0
OTH,0.1623361692,0.2654633249,0.1936077259,0.3785927799,0,0.0,,,OTH,0.1623361692,0.2654633249,0.1936077259,0.3785927799,0,0,,OTH,0.1623361692,0.2654633249,0.1936077259,0.3785927799,0,0,1,,0.3875725685871951,0.3819756675285729,0.14415178482070068,0.08629997906353143,0.0,0.0,0.5499087378215018,0.6474389924308492,0.3377595107347039,0.4648927590129451,0.0,0.0,0.2749543689107508,0.32371949621542445,0.16887975536735186,0.23244637950647243,0.0,0.0
,,,,,,,,,,,,,,,,,,,,,,,,,,,,,,,,,,,,,,,,,,,
BOWMAN (QLD),RAW,,,,,,,,BOWMAN (QLD),HELPER,,,,,,,,,,,,,,,,,,,,,,,,,,,,,,,,,
,ALP,LNP,GRN,ON,IND,OTH,PrefRow,,,ALP,LNP,GRN,ON,IND,OTH,,,ALP,LNP,GRN,ON,IND,OTH,,,ALP,LNP,GRN,ON,IND,OTH,ALP,LNP,GRN,ON,IND,OTH,ALP,LNP,GRN,ON,IND,OTH
Index,1,2,3,4,5,6,94.0,,Index,1,2,3,4,5,6,,,,,,,,,,,,,,,,,,,,,,,,,,,,
ALP,0.0,0,0,0,0,0,,,ALP,0,0,0,0,0,0,,ALP,0,0.4474990895,0.2180630238,0.2773662934,0,0.0570715933,1,,0.4343818749,0.23751444001852945,0.15566742653799717,0.14802776475238738,0.0,0.024408493755209155,0.4343818749,0.6850135294776052,0.37373045033069874,0.42539405819813203,0.0,0.08148008705768708,0,0.34250676473880265,0.1868652251653494,0.21269702909906604,0.0,0.04074004352884355
LNP,0,0.0,0,0,0,0,,,LNP,0,0,0,0,0,0,,LNP,0.4719660762,0,0.2084063065,0.2650833862,0,0.05454423111,1,,0.21329427912508925,0.4382007242553068,0.16256056154681742,0.15900857912116365,0.0,0.026935855951622834,0.6852603552930264,0.4382007242553068,0.3709668680327428,0.42409196536123683,0.0,0.0814800870576871,0.34263017764651327,0.0,0.18548343401637143,0.21204598268061844,0.0,0.040740043528843556
GRN,0.7700541049,0.2299458951,0.0,0,0,0,,,GRN,0.7700541049,0.2299458951,0,0,0,0,,GRN,0.7700541049,0.2299458951,0,0,0,0,1,,0.10852666183348826,0.34459851078435305,0.2158425012880265,0.27454188935410884,0.0,0.05649043674002337,0.8785807667499785,0.5745444058678628,0.2158425012880265,0.27454188935410884,0.0,0.05649043674002337,0.4392903833749893,0.28727220293393146,0.0,0.13727094467705445,0.0,0.028245218370011687
ON,0.1695119987,0.6306973748,0.1997906265,0.0,0,0,,,ON,0.1695119987,0.6306973748,0.1997906265,0,0,0,,ON,0.1695119987,0.6306973748,0.1997906265,0,0,0,1,,0.45151735729143955,0.12179749951792095,0.16840560939615112,0.21420431057622366,0.0,0.04407522321826472,0.6210293560029874,0.7524948742964682,0.3681962359060561,0.21420431057622366,0.0,0.04407522321826472,0.31051467800149374,0.37624743714823417,0.18409811795302808,0.0,0.0,0.022037611609132365
IND,0.2383778437,0.1196834817,0.2616221563,0.2274975272,0.0,0.1528189911,,,IND,0.2383778437,0.1196834817,0.2616221563,0.2274975272,0,0.1528189911,,IND,0.2383778437,0.1196834817,0.2616221563,0.2274975272,0,0.1528189911,1,,0.3185779880185672,0.3436185771159664,0.14109461420162933,0.17657617382928625,0.0,0.020132646834550898,0.5569558317376572,0.4633020588172522,0.40271677048253934,0.40407370103007756,0.0,0.17295163793247376,0.27847791586882864,0.23165102940862614,0.2013583852412697,0.2020368505150388,0.0,0.08647581896623689
OTH,0.144384338,0.2179289026,0.122488408,0.5151983514,0,0.0,,,OTH,0.144384338,0.2179289026,0.122488408,0.5151983514,0,0,,OTH,0.144384338,0.2179289026,0.122488408,0.5151983514,0,0,1,,0.2845100527431637,0.4177118140935382,0.17983444439534052,0.09781668012247341,0.0,0.02012700864548409,0.42889439071328217,0.6356407167210498,0.3023228524324348,0.6130150314877489,0.0,0.02012700864548409,0.2144471953566411,0.31782035836052497,0.15116142621621742,0.3065075157438745,0.0,0.0
,,,,,,,,,,,,,,,,,,,,,,,,,,,,,,,,,,,,,,,,,,,
DICKSON (QLD),RAW,,,,,,,,DICKSON (QLD),HELPER,,,,,,,,,,,,,,,,,,,,,,,,,,,,,,,,,
,ALP,LNP,GRN,ON,IND,OTH,PrefRow,,,ALP,LNP,GRN,ON,IND,OTH,,,ALP,LNP,GRN,ON,IND,OTH,,,ALP,LNP,GRN,ON,IND,OTH,ALP,LNP,GRN,ON,IND,OTH,ALP,LNP,GRN,ON,IND,OTH
Index,1,2,3,4,5,6,95.0,,Index,1,2,3,4,5,6,,,,,,,,,,,,,,,,,,,,,,,,,,,,
ALP,0.0,0,0,0,0,0,,,ALP,0,0,0,0,0,0,,ALP,0,0.3734921113,0.08576270366,0.1141765864,0.4265685986,0,1,,0.5721900316,0.15942099782849434,0.03225332906912397,0.033777034812277264,0.2023586066606966,0.0,0.5721900316,0.532913109148387,0.11801603272987737,0.14795362119451796,0.6289272052978094,0.0,0,0.2664565545741936,0.059008016364938715,0.07397681059725901,0.3144636026489049,0.0
LNP,0,0.0,0,0,0,0,,,LNP,0,0,0,0,0,0,,LNP,0.5037625032,0,0.06792998166,0.09043573824,0.3378717769,0,1,,0.3041851697891525,0.31442375631839414,0.048655066657100246,0.0575178829592128,0.2752181242761398,0.0,0.8079476729581847,0.31442375631839414,0.11658504831420058,0.14795362119451794,0.6130899012147017,0.0,0.4039738364790925,0.0,0.05829252415710032,0.073976810597259,0.306544950607351,0.0
GRN,0.5312241522,0.04342431762,0.0,0,0.4253515302,0,,,GRN,0.5312241522,0.04342431762,0,0,0.4253515302,0,,GRN,0.5312241522,0.04342431762,0,0,0.4253515302,0,1,,0.34927452256463604,0.2963605807534576,0.04850903264112212,0.06458047052220646,0.24127539351857755,0.0,0.8804986747565302,0.33978489837132364,0.04850903264112212,0.06458047052220646,0.6666269237088174,0.0,0.4402493373782653,0.1698924491856619,0.0,0.032290235261103244,0.33331346185440885,0.0
ON,0.08884235716,0.5032904577,0.06027520191,0.0,0.3475919832,0,,,ON,0.08884235716,0.5032904577,0.06027520191,0,0.3475919832,0,,ON,0.08884235716,0.5032904577,0.06027520191,0,0.3475919832,0,1,,0.5531048803125906,0.11584493581381425,0.0418078723079016,0.055659161153582534,0.2335831504121108,0.0,0.6419472374768144,0.6191353934865633,0.1020830742223497,0.055659161153582534,0.5811751336606898,0.0,0.32097361873840735,0.3095676967432818,0.05104153711117487,0.0,0.29058756683034503,0.0
IND,0.769713887,0.230286113,0,0,0.0,0,,,IND,0.769713887,0.230286113,0,0,0,0,,IND,0.769713887,0.230286113,0,0,0,0,1,,0.11600950875490622,0.28748206474936605,0.08165607542543903,0.10870939874198339,0.406142952328305,0.0,0.8857233957053599,0.5177681777989125,0.08165607542543903,0.10870939874198339,0.406142952328305,0.0,0.44286169785268015,0.25888408889945635,0.040828037712719534,0.054354699370991716,0.0,0.0
OTH,0.1652442795,0.1361781076,0.1494124923,0.2791589363,0.2700061843,0.0,,,OTH,0.1652442795,0.1361781076,0.1494124923,0.2791589363,0.2700061843,0,,OTH,0.1652442795,0.1361781076,0.1494124923,0.2791589363,0.2700061843,0,1,,0.3806015964340638,0.27088227386027375,0.04024873378059905,0.031182395448824313,0.277085000476239,0.0,0.5458458759640576,0.4070603814669528,0.18966122605023417,0.31034133175061773,0.5470911847681377,0.0,0.27292293798202893,0.20353019073347647,0.09483061302511712,0.15517066587530892,0.27354559238406895,0.0
,,,,,,,,,,,,,,,,,,,,,,,,,,,,,,,,,,,,,,,,,,,
PETRIE (QLD),RAW,,,,,,,,PETRIE (QLD),HELPER,,,,,,,,,,,,,,,,,,,,,,,,,,,,,,,,,
,ALP,LNP,GRN,ON,IND,OTH,PrefRow,,,ALP,LNP,GRN,ON,IND,OTH,,,ALP,LNP,GRN,ON,IND,OTH,,,ALP,LNP,GRN,ON,IND,OTH,ALP,LNP,GRN,ON,IND,OTH,ALP,LNP,GRN,ON,IND,OTH
Index,1,2,3,4,5,6,96.0,,Index,1,2,3,4,5,6,,,,,,,,,,,,,,,,,,,,,,,,,,,,
ALP,0.0,0,0,0,0,0,,,ALP,0,0,0,0,0,0,,ALP,0,0.5256596265,0.1934121124,0.2809282611,0,0,1,,0.4970502201,0.21121420112603312,0.15134117184389304,0.14039440697344155,0.0,0.0,0.4970502201,0.7368738276077222,0.344753284278135,0.42132266805751073,0.0,0.0,0,0.36843691380386107,0.17237664213906748,0.2106613340287553,0.0,0.0
LNP,0,0.0,0,0,0,0,,,LNP,0,0,0,0,0,0,,LNP,0.549038107,0,0.1838795456,0.2670823474,0,0,1,,0.19816966758566643,0.48941140153026874,0.15817861022523202,0.15424032065883322,0.0,0.0,0.7472077745516155,0.48941140153026874,0.34205815586060584,0.42132266805751073,0.0,0.0,0.3736038872758077,0.0,0.1710290779303029,0.2106613340287553,0.0,0.0
GRN,0.7748584371,0.2251415629,0.0,0,0,0,,,GRN,0.7748584371,0.2251415629,0,0,0,0,,GRN,0.7748584371,0.2251415629,0,0,0,0,1,,0.1236112974686644,0.4073117966464006,0.19126593544713552,0.2778109704377998,0.0,0.0,0.8984697346147572,0.6324533595003077,0.19126593544713552,0.2778109704377998,0.0,0.0,0.4492348673073785,0.3162266797501538,0.0,0.13890548521889987,0.0,0.0
ON,0.2085089141,0.5968395462,0.1946515397,0.0,0,0,,,ON,0.2085089141,0.5968395462,0.1946515397,0,0,0,,ON,0.2085089141,0.5968395462,0.1946515397,0,0,0,1,,0.47851504244968635,0.15342886976600253,0.15007473410841432,0.21798135367589705,0.0,0.0,0.6870239565501726,0.7502684159572506,0.3447262738166801,0.21798135367589705,0.0,0.0,0.3435119782750862,0.3751342079786252,0.17236313690834001,0.0,0.0,0.0
IND,0,0,0,0,0.0,0,,,IND,0,0,0,0,0,0,,IND,0.3660859772,0.3332230084,0.1226066502,0.1780843641,0,0,1,,0.31508710452207095,0.32632826194827047,0.16674275324228197,0.19184188028737706,0.0,0.0,0.6811730817374705,0.6595512703867286,0.2893494034907398,0.36992624438506183,0.0,0.0,0.3405865408687352,0.3297756351933642,0.14467470174536987,0.1849631221925309,0.0,0.0
OTH,0.1148905804,0.1776879163,0.173168411,0.5342530923,0,0.0,,,OTH,0.1148905804,0.1776879163,0.173168411,0.5342530923,0,0,,OTH,0.1148905804,0.1776879163,0.173168411,0.5342530923,0,0,1,,0.34313497364786194,0.4182441194324081,0.15888759017129594,0.07973331674843423,0.0,0.0,0.45802555404748135,0.595932035702627,0.33205600120840345,0.6139864090414885,0.0,0.0,0.22901277702374062,0.29796601785131344,0.1660280006042017,0.3069932045207442,0.0,0.0
,,,,,,,,,,,,,,,,,,,,,,,,,,,,,,,,,,,,,,,,,,,
FADDEN (QLD),RAW,,,,,,,,FADDEN (QLD),HELPER,,,,,,,,,,,,,,,,,,,,,,,,,,,,,,,,,
,ALP,LNP,GRN,ON,IND,OTH,PrefRow,,,ALP,LNP,GRN,ON,IND,OTH,,,ALP,LNP,GRN,ON,IND,OTH,,,ALP,LNP,GRN,ON,IND,OTH,ALP,LNP,GRN,ON,IND,OTH,ALP,LNP,GRN,ON,IND,OTH
Index,1,2,3,4,5,6,97.0,,Index,1,2,3,4,5,6,,,,,,,,,,,,,,,,,,,,,,,,,,,,
ALP,0.0,0,0,0,0,0,,,ALP,0,0,0,0,0,0,,ALP,0,0.4270676841,0.1878536759,0.2950669385,0,0.09001170154,1,,0.4328018146,0.25108364651210074,0.0868931693762155,0.19350442145823854,0.0,0.035716948026969425,0.4328018146,0.6781513305698686,0.27474684527507426,0.48857135996434714,0.0,0.12572864956423424,0,0.3390756652849343,0.13737342263753713,0.24428567998217357,0.0,0.06286432478211712
LNP,0,0.0,0,0,0,0,,,LNP,0,0,0,0,0,0,,LNP,0.4676687282,0,0.174541361,0.2741569192,0,0.08363299158,1,,0.21655863103761014,0.4330167188523289,0.09933014175481769,0.20899885037587015,0.0,0.042095657979373126,0.6842273592189737,0.4330167188523289,0.27387150279252936,0.48315576957193385,0.0,0.12572864956423424,0.34211367960948685,0.0,0.13693575139626468,0.24157788478596692,0.0,0.06286432478211712
GRN,0.6989142643,0.1472856608,0.0,0.1538000749,0,0,,,GRN,0.6989142643,0.1472856608,0,0.1538000749,0,0,,GRN,0.6989142643,0.1472856608,0,0.1538000749,0,0,1,,0.11477238625746132,0.4063922825053951,0.15700105338832845,0.24660587525830588,0.0,0.0752284025905093,0.8136866505779405,0.5536779433065931,0.15700105338832845,0.4004059501366286,0.0,0.0752284025905093,0.40684332528897027,0.2768389716532966,0.0,0.2002029750683143,0.0,0.03761420129525465
ON,0.2983840458,0.7016159542,0,0.0,0,0,,,ON,0.2983840458,0.7016159542,0,0,0,0,,ON,0.2983840458,0.7016159542,0,0,0,0,1,,0.3281238409582479,0.12743018341257834,0.17851354340534895,0.2803961353561868,0.0,0.085536296867638,0.6265078867886538,0.8290461375821725,0.17851354340534895,0.2803961353561868,0.0,0.085536296867638,0.3132539433943269,0.41452306879108625,0.08925677170267447,0.0,0.0,0.042768148433819
IND,0.1893232205,0.1053092182,0.3626021004,0.1032672112,0.0,0.2394982497,,,IND,0.1893232205,0.1053092182,0.3626021004,0.1032672112,0,0.2394982497,,IND,0.1893232205,0.1053092182,0.3626021004,0.1032672112,0,0.2394982497,1,,0.3700461726908289,0.250328312777299,0.08681192596826699,0.2669649583827943,0.0,0.025848630180810888,0.559369393227585,0.35563753098033285,0.44941402631832533,0.3702321695846613,0.0,0.2653468798890956,0.2796846966137925,0.17781876549016642,0.22470701315916267,0.18511608479233066,0.0,0.1326734399445478
OTH,0.1526327483,0.1821076798,0.137228764,0.528030808,0,0.0,,,OTH,0.1526327483,0.1821076798,0.137228764,0.528030808,0,0,,OTH,0.1526327483,0.1821076798,0.137228764,0.528030808,0,0,1,,0.33863317641669366,0.4558711826658436,0.06045794510992229,0.11606875237456434,0.0,0.028968943432976096,0.4912659246948541,0.6379788624407084,0.19768670908829744,0.644099560343164,0.0,0.028968943432976096,0.24563296234742704,0.3189894312203542,0.09884335454414872,0.322049780171582,0.0,0.0
,,,,,,,,,,,,,,,,,,,,,,,,,,,,,,,,,,,,,,,,,,,
FORDE (QLD),RAW,,,,,,,,FORDE (QLD),HELPER,,,,,,,,,,,,,,,,,,,,,,,,,,,,,,,,,
,ALP,LNP,GRN,ON,IND,OTH,PrefRow,,,ALP,LNP,GRN,ON,IND,OTH,,,ALP,LNP,GRN,ON,IND,OTH,,,ALP,LNP,GRN,ON,IND,OTH,ALP,LNP,GRN,ON,IND,OTH,ALP,LNP,GRN,ON,IND,OTH
Index,1,2,3,4,5,6,98.0,,Index,1,2,3,4,5,6,,,,,,,,,,,,,,,,,,,,,,,,,,,,
ALP,0.0,0,0,0,0,0,,,ALP,0,0,0,0,0,0,,ALP,0,0.4306685965,0.1268089565,0.3164435559,0,0.126078891,1,,0.4051428554,0.2618960762582889,0.07246224372399085,0.20911567346326995,0.0,0.0513831511552395,0.4051428554,0.6925646728011485,0.19927120022860553,0.5255592293885514,0.0,0.17746204218248374,0,0.3462823364005743,0.09963560011430278,0.26277961469427574,0.0,0.08873102109124188
LNP,0,0.0,0,0,0,0,,,LNP,0,0,0,0,0,0,,LNP,0.461233866,0,0.1200010588,0.2994548873,0,0.1193101879,1,,0.19541749239995862,0.44647479913893795,0.0781544575103021,0.2218013966197456,0.0,0.05815185433105557,0.6566513584123873,0.44647479913893795,0.19815551635955725,0.5212562839066335,0.0,0.17746204218248374,0.3283256792061937,0.0,0.09907775817977864,0.2606281419533168,0.0,0.08873102109124188
GRN,0.6969717362,0.1506056528,0.0,0.152422611,0,0,,,GRN,0.6969717362,0.1506056528,0,0.152422611,0,0,,GRN,0.6969717362,0.1506056528,0,0.152422611,0,0,1,,0.11915181036198697,0.40289906760101524,0.10645509638108529,0.2656518133557332,0.0,0.10584221230017934,0.816123546566563,0.5535047203601,0.10645509638108529,0.4180744243920723,0.0,0.10584221230017934,0.4080617732832816,0.27675236018005006,0.0,0.2090372121960362,0.0,0.05292110615008968
ON,0.3259843311,0.6740156689,0,0.0,0,0,,,ON,0.3259843311,0.6740156689,0,0,0,0,,ON,0.3259843311,0.6740156689,0,0,0,0,1,,0.31087885273969496,0.14039121435113003,0.12222032681233966,0.30499292706851766,0.0,0.12151667902831759,0.6368631837963442,0.8144068832944807,0.12222032681233966,0.30499292706851766,0.0,0.12151667902831759,0.31843159189817216,0.4072034416472404,0.061110163406169836,0.0,0.0,0.0607583395141588
IND,0.1690849867,0.09949659461,0.1761918863,0.2161681966,0.0,0.3390583358,,,IND,0.1690849867,0.09949659461,0.1761918863,0.2161681966,0,0.3390583358,,IND,0.1690849867,0.09949659461,0.1761918863,0.2161681966,0,0.3390583358,1,,0.2794068429490562,0.32441580766297806,0.0892680990091339,0.27372024537597833,0.0,0.03318900500285352,0.44849182962361944,0.4239124022735792,0.26545998529874004,0.489888442000201,0.0,0.37224734080386035,0.22424591481180975,0.21195620113678962,0.13272999264937005,0.24494422100010052,0.0,0.1861236704019302
OTH,0.1187035676,0.2340599233,0.164829782,0.4824067271,0,0.0,,,OTH,0.1187035676,0.2340599233,0.164829782,0.4824067271,0,0,,OTH,0.1187035676,0.2340599233,0.164829782,0.4824067271,0,0,1,,0.38009509686247145,0.40109588865051593,0.04314011417083225,0.13277715273485471,0.0,0.042891747581325634,0.498798664500646,0.6351558119095575,0.20796989619385453,0.6151838798146163,0.0,0.042891747581325634,0.24939933225032304,0.3175779059547788,0.10398494809692728,0.3075919399073082,0.0,0.0
,,,,,,,,,,,,,,,,,,,,,,,,,,,,,,,,,,,,,,,,,,,
OXLEY (QLD),RAW,,,,,,,,OXLEY (QLD),HELPER,,,,,,,,,,,,,,,,,,,,,,,,,,,,,,,,,
,ALP,LNP,GRN,ON,IND,OTH,PrefRow,,,ALP,LNP,GRN,ON,IND,OTH,,,ALP,LNP,GRN,ON,IND,OTH,,,ALP,LNP,GRN,ON,IND,OTH,ALP,LNP,GRN,ON,IND,OTH,ALP,LNP,GRN,ON,IND,OTH
Index,1,2,3,4,5,6,99.0,,Index,1,2,3,4,5,6,,,,,,,,,,,,,,,,,,,,,,,,,,,,
ALP,0.0,0,0,0,0,0,,,ALP,0,0,0,0,0,0,,ALP,0,0.3885725328,0.27193554,0.2238392688,0,0.1156526583,1,,0.4590390946,0.2070099264157425,0.15953967792998633,0.13392355351659938,0.0,0.04048774753804604,0.4590390946,0.5955824592297561,0.43147521793245924,0.35776282236323237,0.0,0.15614040587492656,0,0.2977912296148781,0.21573760896622965,0.1788814111816162,0.0,0.07807020293746329
LNP,0,0.0,0,0,0,0,,,LNP,0,0,0,0,0,0,,LNP,0.4491405007,0,0.2449976219,0.2016657644,0,0.104196113,1,,0.2563313511072283,0.3610271975836007,0.18010404672491068,0.1505931117100051,0.0,0.05194429287425518,0.7054718518205669,0.3610271975836007,0.42510166859073356,0.35225887613017237,0.0,0.15614040587492656,0.3527359259102835,0.0,0.2125508342953668,0.1761294380650862,0.0,0.07807020293746329
GRN,0.7976895224,0.2023104776,0.0,0,0,0,,,GRN,0.7976895224,0.2023104776,0,0,0,0,,GRN,0.7976895224,0.2023104776,0,0,0,0,1,,0.0908658292149521,0.30996023811286244,0.2664857169183297,0.2193533365757462,0.0,0.11333487917810953,0.8885553516012962,0.5122707157265184,0.2664857169183297,0.2193533365757462,0.0,0.11333487917810953,0.44427767580064814,0.25613535786325925,0.0,0.10967666828787312,0.0,0.05666743958905477
ON,0.2211261361,0.5816892042,0.1971846597,0.0,0,0,,,ON,0.2211261361,0.5816892042,0.1971846597,0,0,0,,ON,0.2211261361,0.5816892042,0.1971846597,0,0,0,1,,0.41855231745388016,0.12581606546648755,0.2026445269182855,0.16680351064354582,0.0,0.08618357951780092,0.639678453565607,0.7075052696340778,0.39982918663896827,0.16680351064354582,0.0,0.08618357951780092,0.3198392267828036,0.35375263481703895,0.19991459331948416,0.0,0.0,0.04309178975890047
IND,0.1554006969,0.06480836237,0.3540069686,0.1170731707,0.0,0.3087108014,,,IND,0.1554006969,0.06480836237,0.3540069686,0.1170731707,0,0.3087108014,,IND,0.1554006969,0.06480836237,0.3540069686,0.1170731707,0,0.3087108014,1,,0.3856940801735017,0.2582668654086128,0.13514871785891455,0.1961650534104086,0.0,0.024725283148562226,0.5410947770376132,0.32307522777795084,0.4891556865000295,0.31323822414211594,0.0,0.3334360845422904,0.27054738851880666,0.16153761388897545,0.24457784325001478,0.156619112071058,0.0,0.16671804227114523
OTH,0.1564909035,0.1884057971,0.1746839346,0.4804193648,0,0.0,,,OTH,0.1564909035,0.1884057971,0.1746839346,0.4804193648,0,0,,OTH,0.1564909035,0.1884057971,0.1746839346,0.4804193648,0,0,1,,0.33019749627807105,0.3756032149442965,0.1834457395485959,0.07302380851075807,0.0,0.03772974071827847,0.48668839976249906,0.5640090120457457,0.35812967417702635,0.5534431732964503,0.0,0.03772974071827847,0.24334419988124956,0.2820045060228729,0.1790648370885132,0.2767215866482252,0.0,0.0
,,,,,,,,,,,,,,,,,,,,,,,,,,,,,,,,,,,,,,,,,,,
RANKIN (QLD),RAW,,,,,,,,RANKIN (QLD),HELPER,,,,,,,,,,,,,,,,,,,,,,,,,,,,,,,,,
,ALP,LNP,GRN,ON,IND,OTH,PrefRow,,,ALP,LNP,GRN,ON,IND,OTH,,,ALP,LNP,GRN,ON,IND,OTH,,,ALP,LNP,GRN,ON,IND,OTH,ALP,LNP,GRN,ON,IND,OTH,ALP,LNP,GRN,ON,IND,OTH
Index,1,2,3,4,5,6,100.0,,Index,1,2,3,4,5,6,,,,,,,,,,,,,,,,,,,,,,,,,,,,
ALP,0.0,0,0,0,0,0,,,ALP,0,0,0,0,0,0,,ALP,0,0.555363807,0.2332732557,0.2113629373,0,0,1,,0.5135091473,0.18759974215918127,0.17931394790740296,0.11957716267756742,0.0,0.0,0.5135091473,0.7429635491331,0.41258720362202916,0.33094009998902246,0.0,0.0,0,0.37148177456655,0.20629360181101458,0.16547004999451123,0.0,0.0
LNP,0,0.0,0,0,0,0,,,LNP,0,0,0,0,0,0,,LNP,0.5470537732,0,0.2376330192,0.2153132076,0,0,1,,0.21361438379743966,0.494919756022126,0.1758389678149383,0.11562689236549602,0.0,0.0,0.7606681569720307,0.494919756022126,0.4134719870168208,0.33094009998902246,0.0,0.0,0.38033407848601536,0.0,0.2067359935084104,0.16547004999451123,0.0,0.0
GRN,0.7128603104,0.2871396896,0.0,0,0,0,,,GRN,0.7128603104,0.2871396896,0,0,0,0,,GRN,0.7128603104,0.2871396896,0,0,0,0,1,,0.15708085061221624,0.3958968158361749,0.23452511684899358,0.21249721670261523,0.0,0.0,0.8699411610335023,0.6830365054148888,0.23452511684899358,0.21249721670261523,0.0,0.0,0.43497058051675114,0.3415182527074444,0.0,0.10624860835130762,0.0,0.0
ON,0.2053531061,0.5706664255,0.2239804684,0.0,0,0,,,ON,0.2053531061,0.5706664255,0.2239804684,0,0,0,,ON,0.2053531061,0.5706664255,0.2239804684,0,0,0,1,,0.47185200754303014,0.17835936492668814,0.18351257328067608,0.16627605424960573,0.0,0.0,0.6772051136104865,0.7490257904624509,0.407493041677457,0.16627605424960573,0.0,0.0,0.33860255680524326,0.37451289523122544,0.2037465208387285,0.0,0.0,0.0
IND,0,0,0,0,0.0,0,,,IND,0,0,0,0,0,0,,IND,0.3493891867,0.3613256982,0.1517701026,0.1375150126,0,0,1,,0.33409460395807583,0.3160925296444135,0.19816674657444094,0.1516461198230697,0.0,0.0,0.6834837906094713,0.6774182278040921,0.3499368492074109,0.2891611323790256,0.0,0.0,0.34174189530473564,0.33870911390204606,0.17496842460370546,0.1445805661895128,0.0,0.0
OTH,0.1299541435,0.2261709794,0.2313298395,0.4125450377,0,0.0,,,OTH,0.1299541435,0.2261709794,0.2313298395,0.4125450377,0,0,,OTH,0.1299541435,0.2261709794,0.2313298395,0.4125450377,0,0,1,,0.37335095371898125,0.3740214081703773,0.17646254959365326,0.07616508851698814,0.0,0.0,0.5033050971844251,0.6001923875349368,0.4077923890957823,0.48871012618485576,0.0,0.0,0.25165254859221253,0.3000961937674684,0.20389619454789115,0.24435506309242788,0.0,0.0
,,,,,,,,,,,,,,,,,,,,,,,,,,,,,,,,,,,,,,,,,,,
RYAN (QLD),RAW,,,,,,,,RYAN (QLD),HELPER,,,,,,,,,,,,,,,,,,,,,,,,,,,,,,,,,
,ALP,LNP,GRN,ON,IND,OTH,PrefRow,,,ALP,LNP,GRN,ON,IND,OTH,,,ALP,LNP,GRN,ON,IND,OTH,,,ALP,LNP,GRN,ON,IND,OTH,ALP,LNP,GRN,ON,IND,OTH,ALP,LNP,GRN,ON,IND,OTH
Index,1,2,3,4,5,6,101.0,,Index,1,2,3,4,5,6,,,,,,,,,,,,,,,,,,,,,,,,,,,,
ALP,0.0,0.2423202667,0.7576797333,0,0,0,,,ALP,0,0.2423202667,0.7576797333,0,0,0,,ALP,0,0.2423202667,0.7576797333,0,0,0,1,,0.1532060801,0.45638596522746877,0.13992609881067836,0.2504818559109437,0.0,0.0,0.1532060801,0.698706231954559,0.897605832083588,0.2504818559109437,0.0,0.0,0,0.3493531159772795,0.448802916041794,0.12524092795547184,0.0,0.0
LNP,0,0.0,0,0,0,0,,,LNP,0,0,0,0,0,0,,LNP,0.1603672614,0,0.5774428227,0.262189916,0,0,1,,0.12399624942357815,0.5785054929967125,0.15502151829534366,0.14247673928436566,0.0,0.0,0.2843635107855497,0.5785054929967125,0.7324643409721119,0.40466665524562595,0.0,0.0,0.14218175539277486,0.0,0.36623217048605594,0.20233332762281298,0.0,0.0
GRN,0,0,0.0,0,0,0,,,GRN,0,0,0,0,0,0,,GRN,0.1509157992,0.6023468033,0,0.2467373975,0,0,1,,0.13127584762031785,0.21708894157437664,0.4937059530805403,0.15792925772476518,0.0,0.0,0.2821916468452087,0.819435744828625,0.4937059530805403,0.40466665524562595,0.0,0.0,0.14109582342260435,0.4097178724143125,0.0,0.20233332762281298,0.0,0.0
ON,0.1405508072,0.7316239316,0.1278252612,0.0,0,0,,,ON,0.1405508072,0.7316239316,0.1278252612,0,0,0,,ON,0.1405508072,0.7316239316,0.1278252612,0,0,0,1,,0.13661937771028793,0.11105344652766495,0.5289634863386257,0.22336368942342144,0.0,0.0,0.2771701849277618,0.8426773781515965,0.6567887474972202,0.22336368942342144,0.0,0.0,0.1385850924638809,0.42133868907579825,0.3283943737486101,0.0,0.0,0.0
IND,0,0,0,0,0.0,0,,,IND,0,0,0,0,0,0,,IND,0.09778072941,0.3902700054,0.3520842092,0.159865056,0,0,1,,0.13819076444889572,0.3527321511254522,0.31987988303407405,0.18919720139157803,0.0,0.0,0.23597149385439387,0.7430021565176799,0.6719640921910768,0.34906225743684954,0.0,0.0,0.11798574692719693,0.37150107825883993,0.3359820460955384,0.17453112871842477,0.0,0.0
OTH,0.152791381,0.1968658178,0.170747633,0.4795951681,0,0.0,,,OTH,0.152791381,0.1968658178,0.170747633,0.4795951681,0,0,,OTH,0.152791381,0.1968658178,0.170747633,0.4795951681,0,0,1,,0.12474683558549,0.49075704162122286,0.29075006395291814,0.09374605884036896,0.0,0.0,0.27753821658451056,0.687622859446884,0.4614976969924219,0.5733412269761835,0.0,0.0,0.13876910829225528,0.343811429723442,0.23074884849621094,0.28667061348809175,0.0,0.0
,,,,,,,,,,,,,,,,,,,,,,,,,,,,,,,,,,,,,,,,,,,
BLAIR (QLD),RAW,,,,,,,,BLAIR (QLD),HELPER,,,,,,,,,,,,,,,,,,,,,,,,,,,,,,,,,
,ALP,LNP,GRN,ON,IND,OTH,PrefRow,,,ALP,LNP,GRN,ON,IND,OTH,,,ALP,LNP,GRN,ON,IND,OTH,,,ALP,LNP,GRN,ON,IND,OTH,ALP,LNP,GRN,ON,IND,OTH,ALP,LNP,GRN,ON,IND,OTH
Index,1,2,3,4,5,6,102.0,,Index,1,2,3,4,5,6,,,,,,,,,,,,,,,,,,,,,,,,,,,,
ALP,0.0,0,0,0,0,0,,,ALP,0,0,0,0,0,0,,ALP,0,0.5276537292,0.1173789963,0.3549672745,0,0,1,,0.5161376456,0.24838013903010536,0.05337237940819573,0.18210983594179486,0.0,0.0,0.5161376456,0.7760338682179851,0.17075137570475185,0.537077110457359,0.0,0.0,0,0.3880169341089926,0.08537568785237593,0.2685385552286795,0.0,0.0
LNP,0,0.0,0,0,0,0,,,LNP,0,0,0,0,0,0,,LNP,0.5929594728,0,0.1011503879,0.3058901393,0,0,1,,0.17515795654693217,0.5269168259962511,0.06960098775934305,0.22832422969747385,0.0,0.0,0.7681174293260082,0.5269168259962511,0.17075137570475188,0.534214368972989,0.0,0.0,0.3840587146630041,0.0,0.08537568785237594,0.2671071844864945,0.0,0.0
GRN,0.722558125,0.1010409524,0.0,0.1764009225,0,0,,,GRN,0.722558125,0.1010409524,0,0.1764009225,0,0,,GRN,0.722558125,0.1010409524,0,0.1764009225,0,0,1,,0.1187755148584363,0.4987990867822035,0.095033479020706,0.28739191933865416,0.0,0.0,0.8413336398973941,0.5998400392225202,0.095033479020706,0.46379284185937975,0.0,0.0,0.42066681994869703,0.2999200196112601,0.0,0.23189642092968987,0.0,0.0
ON,0.3336849044,0.6663150956,0,0.0,0,0,,,ON,0.3336849044,0.6663150956,0,0,0,0,,ON,0.3336849044,0.6663150956,0,0,0,0,1,,0.39509784778186563,0.1760700841891264,0.10656562957187604,0.3222664384571321,0.0,0.0,0.7287827521984773,0.8423851797725147,0.10656562957187604,0.3222664384571321,0.0,0.0,0.36439137609923866,0.42119258988625735,0.05328281478593802,0.0,0.0,0.0
IND,0,0,0,0,0.0,0,,,IND,0,0,0,0,0,0,,IND,0.4076159707,0.3125736422,0.06953344278,0.2102769443,0,0,1,,0.30575169817639336,0.36221651457819476,0.07946249868352614,0.25256928856188576,0.0,0.0,0.7133676688944911,0.6747901567401327,0.14899594146274553,0.4628462329026307,0.0,0.0,0.35668383444724555,0.3373950783700663,0.07449797073137276,0.23142311645131536,0.0,0.0
OTH,0.1666048827,0.1703648785,0.2086003283,0.4544299105,0,0.0,,,OTH,0.1666048827,0.1703648785,0.2086003283,0.4544299105,0,0,,OTH,0.1666048827,0.1703648785,0.2086003283,0.4544299105,0,0,1,,0.40338173188887827,0.41178037276325435,0.03678838745799639,0.14804950788987106,0.0,0.0,0.569986614587602,0.5821452512253631,0.2453887157956546,0.6024794183913803,0.0,0.0,0.284993307293801,0.29107262561268155,0.1226943578978273,0.30123970919569015,0.0,0.0
,,,,,,,,,,,,,,,,,,,,,,,,,,,,,,,,,,,,,,,,,,,
CAPRICORNIA (QLD),RAW,,,,,,,,CAPRICORNIA (QLD),HELPER,,,,,,,,,,,,,,,,,,,,,,,,,,,,,,,,,
,ALP,LNP,GRN,ON,IND,OTH,PrefRow,,,ALP,LNP,GRN,ON,IND,OTH,,,ALP,LNP,GRN,ON,IND,OTH,,,ALP,LNP,GRN,ON,IND,OTH,ALP,LNP,GRN,ON,IND,OTH,ALP,LNP,GRN,ON,IND,OTH
Index,1,2,3,4,5,6,103.0,,Index,1,2,3,4,5,6,,,,,,,,,,,,,,,,,,,,,,,,,,,,
ALP,0.0,0,0,0,0,0,,,ALP,0,0,0,0,0,0,,ALP,0,0.565891684,0,0.3977025792,0,0.03640573674,1,,0.445619775,0.2970702674839579,0.0,0.23763504730474447,0.0,0.01967491022124825,0.445619775,0.8629619514974651,0.0,0.6353376265509983,0.0,0.05608064696148722,0,0.43148097574873256,0.0,0.3176688132754992,0.0,0.02804032348074361
LNP,0,0.0,0,0,0,0,,,LNP,0,0,0,0,0,0,,LNP,0.5854205905,0,0,0.3798114305,0,0.03476797906,1,,0.10919162206681388,0.6149908331202412,0.0,0.25450487691364637,0.0,0.021312667899298646,0.6946122125459492,0.6149908331202412,0.0,0.6343163073723226,0.0,0.05608064696148722,0.3473061062729746,0.0,0.0,0.3171581536861613,0.0,0.02804032348074361
GRN,0.6837095041,0.1325042223,0.0,0.1160755412,0,0.06771073238,,,GRN,0.6837095041,0.1325042223,0,0.1160755412,0,0.06771073238,,GRN,0.6837095041,0.1325042223,0,0.1160755412,0,0.06771073238,1,,0.12155497017181822,0.4844825556783099,0.0,0.36446462191051177,0.0,0.029497852239360182,0.8052644742406038,0.6169867780028915,0.0,0.4805401631357536,0.0,0.09720858462075124,0.4026322371203019,0.30849338900144574,0.0,0.2402700815678768,0.0,0.04860429231037562
ON,0.2704690162,0.7295309838,0,0.0,0,0,,,ON,0.2704690162,0.7295309838,0,0,0,0,,ON,0.2704690162,0.7295309838,0,0,0,0,1,,0.4270824592904462,0.15305616706884922,0.0,0.38465043187050774,0.0,0.03521094177019682,0.6975514755221743,0.882587150837121,0.0,0.38465043187050774,0.0,0.03521094177019682,0.34877573776108717,0.4412935754185605,0.0,0.0,0.0,0.01760547088509841
IND,0,0,0,0,0.0,0,,,IND,0,0,0,0,0,0,,IND,0.3800360562,0.3508324402,0,0.2465612595,0,0.02257024413,1,,0.2762681931467566,0.399232098438723,0.0,0.29846648086635363,0.0,0.02603322754816683,0.6563042493273298,0.7500645386343539,0.0,0.5450277403630193,0.0,0.04860347167529719,0.3281521246636649,0.3750322693171769,0.0,0.27251387018150963,0.0,0.024301735837648594
OTH,0.1859296482,0.1904621145,0,0.6236082373,0,0.0,,,OTH,0.1859296482,0.1904621145,0,0.6236082373,0,0,,OTH,0.1859296482,0.1904621145,0,0.6236082373,0,0,1,,0.2801671499780053,0.5601575725690098,0.0,0.1462843888180414,0.0,0.013390888634943487,0.46609679821921135,0.7506196870630486,0.0,0.7698926260827965,0.0,0.013390888634943487,0.23304839910960568,0.3753098435315243,0.0,0.38494631304139826,0.0,0.0
,,,,,,,,,,,,,,,,,,,,,,,,,,,,,,,,,,,,,,,,,,,
HERBERT (QLD),RAW,,,,,,,,HERBERT (QLD),HELPER,,,,,,,,,,,,,,,,,,,,,,,,,,,,,,,,,
,ALP,LNP,GRN,ON,IND,OTH,PrefRow,,,ALP,LNP,GRN,ON,IND,OTH,,,ALP,LNP,GRN,ON,IND,OTH,,,ALP,LNP,GRN,ON,IND,OTH,ALP,LNP,GRN,ON,IND,OTH,ALP,LNP,GRN,ON,IND,OTH
Index,1,2,3,4,5,6,104.0,,Index,1,2,3,4,5,6,,,,,,,,,,,,,,,,,,,,,,,,,,,,
ALP,0.0,0,0,0,0,0,,,ALP,0,0,0,0,0,0,,ALP,0,0.5089005578,0.03571626408,0,0,0.4553831781,1,,0.5227008814,0.25531669734967394,0.01570298194194378,0.0,0.0,0.20627943931101297,0.5227008814,0.7642172551506361,0.05141924601985309,0.0,0.0,0.6616626174321414,0,0.3821086275753181,0.02570962300992655,0.0,0.0,0.33083130871607075
LNP,0,0.0,0,0,0,0,,,LNP,0,0,0,0,0,0,,LNP,0.5757199417,0,0.03085668055,0,0,0.3934233777,1,,0.1984612459649919,0.5135623022478277,0.02056256547346346,0.0,0.0,0.26741388631371676,0.7741811876870466,0.5135623022478277,0.05141924601985309,0.0,0.0,0.6608372640452724,0.38709059384352335,0.0,0.02570962300992655,0.0,0.0,0.33041863202263627
GRN,0.7024427775,0.1277168686,0.0,0,0,0.1698403539,,,GRN,0.7024427775,0.1277168686,0,0,0,0.1698403539,,GRN,0.7024427775,0.1277168686,0,0,0,0.1698403539,1,,0.14984751505316896,0.45099550829604407,0.029029550354938934,0.0,0.0,0.37012742629584805,0.8522902925103722,0.5787123769246265,0.029029550354938934,0.0,0.0,0.5399677802100623,0.4261451462551862,0.2893561884623133,0.0,0.0,0.0,0.2699838901050312
ON,0.04790419162,0.2378100941,0.06429997149,0.0,0,0.6499857428,,,ON,0.04790419162,0.2378100941,0.06429997149,0,0,0.6499857428,,ON,0.04790419162,0.2378100941,0.06429997149,0,0,0.6499857428,1,,0.4741524685913286,0.39050299913011416,0.00904898886249721,0.0,0.0,0.12629554341605997,0.522056660208095,0.6283130932276334,0.07334896034809743,0.0,0.0,0.776281286216174,0.2610283301040476,0.31415654661381676,0.03667448017404872,0.0,0.0,0.38814064310808705
IND,0,0,0,0,0.0,0,,,IND,0,0,0,0,0,0,,IND,0.3999001748,0.3053911358,0.02143332383,0,0,0.2732753656,1,,0.3136727075377096,0.35672492748066364,0.02370629696723212,0.0,0.0,0.3058960680143946,0.7135728823773836,0.6621160632410135,0.04513962079576553,0.0,0.0,0.5791714335858373,0.35678644118869185,0.3310580316205068,0.022569810397882768,0.0,0.0,0.2895857167929187
OTH,0.4493535554,0.5506464446,0,0,0,0.0,,,OTH,0.4493535554,0.5506464446,0,0,0,0,,OTH,0.4493535554,0.5506464446,0,0,0,0,1,,0.3170181389686312,0.22867627501583268,0.03304035168426022,0.0,0.0,0.42126523433127594,0.7663716944136834,0.7793227195707805,0.03304035168426022,0.0,0.0,0.42126523433127594,0.38318584720684173,0.3896613597853903,0.016520175842130114,0.0,0.0,0.0
,,,,,,,,,,,,,,,,,,,,,,,,,,,,,,,,,,,,,,,,,,,
HINKLER (QLD),RAW,,,,,,,,HINKLER (QLD),HELPER,,,,,,,,,,,,,,,,,,,,,,,,,,,,,,,,,
,ALP,LNP,GRN,ON,IND,OTH,PrefRow,,,ALP,LNP,GRN,ON,IND,OTH,,,ALP,LNP,GRN,ON,IND,OTH,,,ALP,LNP,GRN,ON,IND,OTH,ALP,LNP,GRN,ON,IND,OTH,ALP,LNP,GRN,ON,IND,OTH
Index,1,2,3,4,5,6,105.0,,Index,1,2,3,4,5,6,,,,,,,,,,,,,,,,,,,,,,,,,,,,
ALP,0.0,0,0,0,0,0,,,ALP,0,0,0,0,0,0,,ALP,0,0.4391112586,0.1083708911,0.3404795682,0,0.1120382821,1,,0.3575154368,0.2810139964708429,0.06359747485245722,0.24657645925924782,0.0,0.05129663262216317,0.3575154368,0.7201252550642963,0.17196836595807913,0.5870560274908814,0.0,0.16333491469145442,0,0.3600626275321481,0.08598418297903956,0.2935280137454407,0.0,0.08166745734572721
LNP,0,0.0,0,0,0,0,,,LNP,0,0,0,0,0,0,,LNP,0.4151768361,0,0.1129953282,0.3550086205,0,0.1168192152,1,,0.1826830860042999,0.4753143380067753,0.05956959481530685,0.235917281699908,0.0,0.04651569947371017,0.5978599221230656,0.4753143380067753,0.17256492299765785,0.5909259021810472,0.0,0.16333491469145442,0.2989299610615328,0.0,0.08628246149882893,0.2954629510905236,0.0,0.08166745734572721
GRN,0.5586994547,0.2508488528,0.0,0.1904516926,0,0,,,GRN,0.5586994547,0.2508488528,0,0.1904516926,0,0,,GRN,0.5586994547,0.2508488528,0,0.1904516926,0,0,1,,0.16180360156600115,0.3781259447474058,0.08889150620558686,0.27927925426800987,0.0,0.09189969321299639,0.7205030562424082,0.6289747975100357,0.08889150620558686,0.46973094682897293,0.0,0.09189969321299639,0.3602515281212041,0.31448739875501786,0.0,0.23486547341448646,0.0,0.045949846606498194
ON,0.3027380212,0.6972619788,0,0.0,0,0,,,ON,0.3027380212,0.6972619788,0,0,0,0,,ON,0.3027380212,0.6972619788,0,0,0,0,1,,0.2894870223217654,0.1329356734945333,0.11159533525277496,0.3506101239538309,0.0,0.1153718449770956,0.5922250434792016,0.8301976523370971,0.11159533525277496,0.3506101239538309,0.0,0.1153718449770956,0.2961125217396008,0.41509882616854854,0.05579766762638748,0.0,0.0,0.0576859224885478
IND,0.1743205248,0.1615120275,0.1852546079,0.1583880037,0.0,0.320524836,,,IND,0.1743205248,0.1615120275,0.1852546079,0.1583880037,0,0.320524836,,IND,0.1743205248,0.1615120275,0.1852546079,0.1583880037,0,0.320524836,1,,0.2516471415069531,0.28044678316655447,0.07713594135901007,0.3523718535356679,0.0,0.03839828043181452,0.42596766634294186,0.4419588106579634,0.2623905492940304,0.5107598572844965,0.0,0.35892311642056807,0.21298383317147093,0.2209794053289817,0.1311952746470152,0.25537992864224823,0.0,0.17946155821028403
OTH,0.1033909574,0.1466090426,0.1247783688,0.6252216312,0,0.0,,,OTH,0.1033909574,0.1466090426,0.1247783688,0.6252216312,0,0,,OTH,0.1033909574,0.1466090426,0.1247783688,0.6252216312,0,0,1,,0.31986064445046725,0.512643915902943,0.02777070706857221,0.11101423402928921,0.0,0.02871049854872832,0.42325160189727573,0.6592529584561345,0.15254907586289845,0.736235865234963,0.0,0.02871049854872832,0.21162580094863787,0.32962647922806726,0.07627453793144923,0.3681179326174815,0.0,0.0
,,,,,,,,,,,,,,,,,,,,,,,,,,,,,,,,,,,,,,,,,,,
LONGMAN (QLD),RAW,,,,,,,,LONGMAN (QLD),HELPER,,,,,,,,,,,,,,,,,,,,,,,,,,,,,,,,,
,ALP,LNP,GRN,ON,IND,OTH,PrefRow,,,ALP,LNP,GRN,ON,IND,OTH,,,ALP,LNP,GRN,ON,IND,OTH,,,ALP,LNP,GRN,ON,IND,OTH,ALP,LNP,GRN,ON,IND,OTH,ALP,LNP,GRN,ON,IND,OTH
Index,1,2,3,4,5,6,106.0,,Index,1,2,3,4,5,6,,,,,,,,,,,,,,,,,,,,,,,,,,,,
ALP,0.0,0,0,0,0,0,,,ALP,0,0,0,0,0,0,,ALP,0,0.531952562,0.06958864375,0.3984587943,0,0,1,,0.4892098667,0.2721625408333595,0.033505176905131794,0.2051224155609843,0.0,0.0,0.4892098667,0.8041151028232196,0.10309382065763414,0.6035812098186218,0.0,0.0,0,0.4020575514116098,0.05154691032881707,0.3017906049093109,0.0,0.0
LNP,0,0.0,0,0,0,0,,,LNP,0,0,0,0,0,0,,LNP,0.5763662907,0,0.06298527218,0.3606484371,0,0,1,,0.16528217042235258,0.5529361510213011,0.04010854847509232,0.241673130081254,0.0,0.0,0.7416484611312449,0.5529361510213011,0.10309382065763414,0.6023215671898198,0.0,0.0,0.37082423056562247,0.0,0.05154691032881707,0.3011607835949099,0.0,0.0
GRN,0.6916922157,0.1175502879,0.0,0.1907574964,0,0,,,GRN,0.6916922157,0.1175502879,0,0.1907574964,0,0,,GRN,0.6916922157,0.1175502879,0,0.1907574964,0,0,1,,0.13213103900219436,0.4943259270787587,0.055537860059941865,0.3180051738591051,0.0,0.0,0.8238232546606106,0.6118762149722755,0.055537860059941865,0.5087626703071721,0.0,0.0,0.4119116273303053,0.30593810748613776,0.0,0.2543813351535861,0.0,0.0
ON,0.3374914056,0.6625085944,0,0.0,0,0,,,ON,0.3374914056,0.6625085944,0,0,0,0,,ON,0.3374914056,0.6625085944,0,0,0,0,1,,0.38184762114050474,0.17952941783686863,0.06521385333511862,0.37340910768750796,0.0,0.0,0.71933902669988,0.8420380122774933,0.06521385333511862,0.37340910768750796,0.0,0.0,0.35966951334994,0.42101900613874665,0.03260692666755931,0.0,0.0,0.0
IND,0,0,0,0,0.0,0,,,IND,0,0,0,0,0,0,,IND,0.3890490062,0.3249969464,0.04251525106,0.2434387963,0,0,1,,0.29888325422379053,0.37323359039222725,0.047543413823359526,0.2803397415606227,0.0,0.0,0.6879322604517139,0.6982305367795345,0.09005866487920186,0.5237785378895498,0.0,0.0,0.3439661302258569,0.34911526838976725,0.04502933243960093,0.2618892689447749,0.0,0.0
OTH,0.1379633975,0.1949319568,0.1275457532,0.5395588925,0,0.0,,,OTH,0.1379633975,0.1949319568,0.1275457532,0.5395588925,0,0,,OTH,0.1379633975,0.1949319568,0.1275457532,0.5395588925,0,0,1,,0.38267110252867254,0.44584542626105444,0.021878528075018097,0.14960494313525494,0.0,0.0,0.520634499994651,0.6407773830888348,0.1494242812425451,0.6891638356739692,0.0,0.0,0.2603172499973255,0.3203886915444174,0.07471214062127254,0.3445819178369846,0.0,0.0
,,,,,,,,,,,,,,,,,,,,,,,,,,,,,,,,,,,,,,,,,,,
GROOM (QLD),RAW,,,,,,,,GROOM (QLD),HELPER,,,,,,,,,,,,,,,,,,,,,,,,,,,,,,,,,
,ALP,LNP,GRN,ON,IND,OTH,PrefRow,,,ALP,LNP,GRN,ON,IND,OTH,,,ALP,LNP,GRN,ON,IND,OTH,,,ALP,LNP,GRN,ON,IND,OTH,ALP,LNP,GRN,ON,IND,OTH,ALP,LNP,GRN,ON,IND,OTH
Index,1,2,3,4,5,6,107.0,,Index,1,2,3,4,5,6,,,,,,,,,,,,,,,,,,,,,,,,,,,,
ALP,0.0,0.2504006227,0,0,0.7495993773,0,,,ALP,0,0.2504006227,0,0,0.7495993773,0,,ALP,0,0.2504006227,0,0,0.7495993773,0,1,,0.2521955977,0.3556970184914435,0.031543113695921325,0.20405575723008412,0.15650851290759007,0.0,0.2521955977,0.606097641173555,0.031543113695921325,0.20405575723008412,0.9061078902254784,0.0,0,0.3030488205867775,0.015771556847960663,0.10202787861504206,0.4530539451127392,0.0
LNP,0,0.0,0,0,0,0,,,LNP,0,0,0,0,0,0,,LNP,0.1938627296,0,0.0242471882,0.1568576393,0.6250324429,0,1,,0.19093235781105775,0.428480839865822,0.02123878237494036,0.139681797000567,0.21966622294761295,0.0,0.3847950874024828,0.428480839865822,0.04548597057838097,0.2965394362701236,0.8446986658831908,0.0,0.1923975437012414,0.0,0.022742985289190484,0.1482697181350618,0.4223493329415954,0.0
GRN,0.4208506065,0.07630892062,0.0,0.09427299248,0.4085674804,0,,,GRN,0.4208506065,0.07630892062,0,0.09427299248,0.4085674804,0,,GRN,0.4208506065,0.07630892062,0,0.09427299248,0.4085674804,0,1,,0.13235560361654733,0.3482349631947943,0.015733517382468944,0.10178179726713302,0.40189411853905654,0.0,0.5532062100958963,0.42454388381509217,0.015733517382468944,0.19605478974371832,0.8104615989628243,0.0,0.27660310504794816,0.21227194190754609,0.0,0.09802739487185916,0.40523079948141216,0.0
ON,0.06960572978,0.5195744385,0,0.0,0.4108198317,0,,,ON,0.06960572978,0.5195744385,0,0,0.4108198317,0,,ON,0.06960572978,0.5195744385,0,0,0.4108198317,0,1,,0.21233824848334804,0.2123699673151671,0.0265579953641198,0.1718064965551981,0.37692729228216704,0.0,0.2819439782656997,0.7319444058104039,0.0265579953641198,0.1718064965551981,0.7877471240045786,0.0,0.14097198913284986,0.36597220290520194,0.0132789976820599,0.0,0.3938735620022893,0.0
IND,0,0,0,0,0.0,0,,,IND,0,0,0,0,0,0,,IND,0.271681455,0.4745161606,0.03398028793,0.2198220965,0,0,1,,0.12159250035789573,0.1848361469653166,0.011505682650943826,0.07763490817058707,0.6044307618552569,0.0,0.3932739553226724,0.6593523075365123,0.04548597057838097,0.29745700470717773,0.6044307618552569,0.0,0.1966369776613362,0.32967615376825615,0.022742985289190484,0.14872850235358887,0.0,0.0
OTH,0.08884416331,0.1655165804,0.07245543416,0.374448917,0.2987349051,0.0,,,OTH,0.08884416331,0.1655165804,0.07245543416,0.374448917,0.2987349051,0,,OTH,0.08884416331,0.1655165804,0.07245543416,0.374448917,0.2987349051,0,1,,0.16980493328422808,0.3640842557903555,0.014164409765877278,0.09846166381400956,0.35348473734552954,0.0,0.2586490965964765,0.529600836200553,0.0866198439234391,0.47291058081611803,0.6522196424634135,0.0,0.12932454829823825,0.2648004181002765,0.04330992196171955,0.23645529040805902,0.32610982123170673,0.0
,,,,,,,,,,,,,,,,,,,,,,,,,,,,,,,,,,,,,,,,,,,
MCPHERSON (QLD),RAW,,,,,,,,MCPHERSON (QLD),HELPER,,,,,,,,,,,,,,,,,,,,,,,,,,,,,,,,,
,ALP,LNP,GRN,ON,IND,OTH,PrefRow,,,ALP,LNP,GRN,ON,IND,OTH,,,ALP,LNP,GRN,ON,IND,OTH,,,ALP,LNP,GRN,ON,IND,OTH,ALP,LNP,GRN,ON,IND,OTH,ALP,LNP,GRN,ON,IND,OTH
Index,1,2,3,4,5,6,108.0,,Index,1,2,3,4,5,6,,,,,,,,,,,,,,,,,,,,,,,,,,,,
ALP,0.0,0,0,0,0,0,,,ALP,0,0,0,0,0,0,,ALP,0,0.4358037388,0.0806115518,0.1381367621,0.3454479473,0,1,,0.4458839253,0.22309498234807057,0.04542879050610599,0.05928840690353614,0.2263038949512345,0.0,0.4458839253,0.6588987211277566,0.12604034230948977,0.19742516905238,0.5717518422193207,0.0,0,0.3294493605638783,0.06302017115474488,0.09871258452619,0.28587592110966037,0.0
LNP,0,0.0,0,0,0,0,,,LNP,0,0,0,0,0,0,,LNP,0.4443519932,0,0.07939018949,0.1360438235,0.3402139939,0,1,,0.2484120208526125,0.4133650840278279,0.0464860614716411,0.061381345588285105,0.23035548805963338,0.0,0.6927640140037625,0.4133650840278279,0.12587625096290445,0.19742516905238,0.5705694819531252,0.0,0.34638200700188126,0.0,0.06293812548145222,0.09871258452619,0.2852847409765626,0.0
GRN,0.4532770332,0.09867817147,0.0,0,0.4480447953,0,,,GRN,0.4532770332,0.09867817147,0,0,0.4480447953,0,,GRN,0.4532770332,0.09867817147,0,0,0.4480447953,0,1,,0.3104455660877048,0.3789868971701964,0.04437344377714496,0.07603877746602652,0.19015531549892722,0.0,0.7637225993170054,0.47766506864073066,0.04437344377714496,0.07603877746602652,0.6382001107990924,0.0,0.3818612996585027,0.23883253432036533,0.0,0.03801938873301326,0.3191000553995462,0.0
ON,0.07343617921,0.5446956889,0.07840236686,0.0,0.303465765,0,,,ON,0.07343617921,0.5446956889,0.07840236686,0,0.303465765,0,,ON,0.07343617921,0.5446956889,0.07840236686,0,0.303465765,0,1,,0.4581442357795501,0.1626365001707181,0.04916329832320522,0.08424672016598221,0.24580924556054445,0.0,0.5315804149849601,0.7073321890971762,0.12756566518711054,0.08424672016598221,0.549275010564771,0.0,0.26579020749248006,0.3536660945485881,0.06378283259355527,0.0,0.2746375052823855,0.0
IND,0.5950247089,0.4049752911,0,0,0.0,0,,,IND,0.5950247089,0.4049752911,0,0,0,0,,IND,0.5950247089,0.4049752911,0,0,0,0,1,,0.17995157776076812,0.2593139928210813,0.08011693024553954,0.13728917369581084,0.34332832547680014,0.0,0.774976286697865,0.6642892838839844,0.08011693024553954,0.13728917369581084,0.34332832547680014,0.0,0.3874881433489325,0.3321446419419922,0.04005846512276977,0.06864458684790542,0.0,0.0
OTH,0.1218997745,0.1528838461,0.1437922758,0.380754964,0.2006691396,0.0,,,OTH,0.1218997745,0.1528838461,0.1437922758,0.380754964,0.2006691396,0,,OTH,0.1218997745,0.1528838461,0.1437922758,0.380754964,0.2006691396,0,1,,0.2804762640479901,0.35597516697683884,0.0518160978737109,0.037637743129172285,0.27409472797228784,0.0,0.40237603857704674,0.5088590130747369,0.19560837367558742,0.4183927071265539,0.474763867546075,0.0,0.20118801928852337,0.25442950653736846,0.09780418683779371,0.20919635356327695,0.2373819337730375,0.0
,,,,,,,,,,,,,,,,,,,,,,,,,,,,,,,,,,,,,,,,,,,
MONCRIEFF (QLD),RAW,,,,,,,,MONCRIEFF (QLD),HELPER,,,,,,,,,,,,,,,,,,,,,,,,,,,,,,,,,
,ALP,LNP,GRN,ON,IND,OTH,PrefRow,,,ALP,LNP,GRN,ON,IND,OTH,,,ALP,LNP,GRN,ON,IND,OTH,,,ALP,LNP,GRN,ON,IND,OTH,ALP,LNP,GRN,ON,IND,OTH,ALP,LNP,GRN,ON,IND,OTH
Index,1,2,3,4,5,6,109.0,,Index,1,2,3,4,5,6,,,,,,,,,,,,,,,,,,,,,,,,,,,,
ALP,0.0,0,0,0,0,0,,,ALP,0,0,0,0,0,0,,ALP,0,0.4565097608,0.2511632659,0.2147286199,0.07759835343,0,1,,0.4109916266,0.2348115488251159,0.19930231672237048,0.11751817934295797,0.03737632847756728,0.0,0.4109916266,0.6913213095932811,0.45046558259783964,0.33224679926711087,0.11497468190977989,0.0,0,0.3456606547966406,0.22523279129891988,0.16612339963355546,0.05748734095488996,0.0
LNP,0,0.0,0,0,0,0,,,LNP,0,0,0,0,0,0,,LNP,0.4265628662,0,0.265002631,0.226560397,0.08187410586,0,1,,0.22817775581367722,0.4424800287836812,0.18977879977136308,0.10646283957779924,0.033100576053479165,0.0,0.6547406220270016,0.4424800287836812,0.4547814307288125,0.3330232365507247,0.11497468190977989,0.0,0.32737031101350084,0.0,0.2273907153644063,0.16651161827536237,0.05748734095488996,0.0
GRN,0.6727977327,0.3272022673,0.0,0,0,0,,,GRN,0.6727977327,0.3272022673,0,0,0,0,,GRN,0.6727977327,0.3272022673,0,0,0,0,1,,0.1395723369870308,0.30713873198307007,0.2556915375088061,0.2186000042011444,0.07899738931994853,0.0,0.8123700696494174,0.6343409993206836,0.2556915375088061,0.2186000042011444,0.07899738931994853,0.0,0.4061850348247088,0.31717049966034183,0.0,0.10930000210057222,0.03949869465997427,0.0
ON,0.1353242737,0.6407356172,0.223940109,0.0,0,0,,,ON,0.1353242737,0.6407356172,0.223940109,0,0,0,,ON,0.1353242737,0.6407356172,0.223940109,0,0,0,1,,0.42398041898043803,0.13505056325743114,0.2037851108560389,0.17422331033433813,0.06296059657175371,0.0,0.5593046927211818,0.7757861804760819,0.4277252198966443,0.17422331033433813,0.06296059657175371,0.0,0.27965234636059094,0.3878930902380411,0.2138626099483222,0.0,0.03148029828587686,0.0
IND,0.2348174087,0.1938969485,0.3896948474,0.1815907954,0.0,0,,,IND,0.2348174087,0.1938969485,0.3896948474,0.1815907954,0,0,,IND,0.2348174087,0.1938969485,0.3896948474,0.1815907954,0,0,1,,0.36946869037327346,0.35105716708901846,0.15102617125702472,0.09435138772341334,0.03409658355727001,0.0,0.6042860990776256,0.5449541155632556,0.5407210186807365,0.2759421831211122,0.03409658355727001,0.0,0.3021430495388129,0.27247705778162784,0.2703605093403683,0.13797109156055612,0.0,0.0
OTH,0.1086384977,0.1384976526,0.1017840376,0.4300469484,0.2210328638,0.0,,,OTH,0.1086384977,0.1384976526,0.1017840376,0.4300469484,0.2210328638,0,,OTH,0.1086384977,0.1384976526,0.1017840376,0.4300469484,0.2210328638,0,1,,0.23765618062848187,0.4013024971429591,0.24642837084709354,0.09484341137591484,0.01976954000555057,0.0,0.34629467828106403,0.5398001497251188,0.348212408405779,0.5248903597327224,0.24080240385531582,0.0,0.17314733914053204,0.26990007486255946,0.17410620420288953,0.26244517986636123,0.12040120192765794,0.0
,,,,,,,,,,,,,,,,,,,,,,,,,,,,,,,,,,,,,,,,,,,
DAWSON (QLD),RAW,,,,,,,,DAWSON (QLD),HELPER,,,,,,,,,,,,,,,,,,,,,,,,,,,,,,,,,
,ALP,LNP,GRN,ON,IND,OTH,PrefRow,,,ALP,LNP,GRN,ON,IND,OTH,,,ALP,LNP,GRN,ON,IND,OTH,,,ALP,LNP,GRN,ON,IND,OTH,ALP,LNP,GRN,ON,IND,OTH,ALP,LNP,GRN,ON,IND,OTH
Index,1,2,3,4,5,6,110.0,,Index,1,2,3,4,5,6,,,,,,,,,,,,,,,,,,,,,,,,,,,,
ALP,0.0,0,0,0,0,0,,,ALP,0,0,0,0,0,0,,ALP,0,0.5882531319,0,0.3284912586,0,0.08325560945,1,,0.4302222149,0.2701475288377182,0.0,0.24804288867614477,0.0,0.051587367602731186,0.4302222149,0.8584006607806781,0.0,0.5765341472802963,0.0,0.13484297705561996,0,0.42920033039033895,0.0,0.2882670736401481,0.0,0.06742148852780996
LNP,0,0.0,0,0,0,0,,,LNP,0,0,0,0,0,0,,LNP,0.5662935117,0,0,0.3460106227,0,0.08769586561,1,,0.10227680794582546,0.6176791893320798,0.0,0.23289689127511481,0.0,0.047147111446980285,0.668570319660001,0.6176791893320798,0.0,0.5789075139522999,0.0,0.13484297705561996,0.33428515983000046,0.0,0.0,0.2894537569761499,0.0,0.06742148852780996
GRN,0.6321702353,0.09899550621,0.0,0.1063970394,0,0.1624372191,,,GRN,0.6321702353,0.09899550621,0,0.1063970394,0,0.1624372191,,GRN,0.6321702353,0.09899550621,0,0.1063970394,0,0.1624372191,1,,0.10949893574749014,0.5004474425755727,0.0,0.32874040685351175,0.0,0.06131321482342559,0.7416691710105089,0.5994429487875738,0.0,0.43513744624024187,0.0,0.22375043396167565,0.3708345855052544,0.2997214743937868,0.0,0.21756872312012088,0.0,0.1118752169808378
ON,0.2544507384,0.7455492616,0,0.0,0,0,,,ON,0.2544507384,0.7455492616,0,0,0,0,,ON,0.2544507384,0.7455492616,0,0,0,0,1,,0.42219970949720115,0.1496814437995666,0.0,0.3415528075521885,0.0,0.08656603915104394,0.6766504479151659,0.8952307053816018,0.0,0.3415528075521885,0.0,0.08656603915104394,0.3383252239575829,0.44761535269080077,0.0,0.0,0.0,0.04328301957552196
IND,0,0,0,0,0.0,0,,,IND,0,0,0,0,0,0,,IND,0.3496445457,0.3825736329,0,0.2136360817,0,0.05414573971,1,,0.2797973640310846,0.38137141790481766,0.0,0.2761712224280697,0.0,0.06265999563602835,0.6294419096831216,0.7639450508011936,0.0,0.4898073041669069,0.0,0.11680573534877839,0.31472095484156076,0.3819725254005967,0.0,0.24490365208345338,0.0,0.05840286767438918
OTH,0.1623126633,0.3031761309,0,0.5345112058,0,0.0,,,OTH,0.1623126633,0.3031761309,0,0.5345112058,0,0,,OTH,0.1623126633,0.3031761309,0,0.5345112058,0,0,1,,0.3076934468485625,0.49398536733931336,0.0,0.15822045287850872,0.0,0.04010073293361552,0.47000611012368965,0.7971614982344049,0.0,0.6927316587082901,0.0,0.04010073293361552,0.23500305506184477,0.3985807491172023,0.0,0.346365829354145,0.0,0.0
,,,,,,,,,,,,,,,,,,,,,,,,,,,,,,,,,,,,,,,,,,,
KENNEDY (QLD),RAW,,,,,,,,KENNEDY (QLD),HELPER,,,,,,,,,,,,,,,,,,,,,,,,,,,,,,,,,
,ALP,LNP,GRN,ON,IND,OTH,PrefRow,,,ALP,LNP,GRN,ON,IND,OTH,,,ALP,LNP,GRN,ON,IND,OTH,,,ALP,LNP,GRN,ON,IND,OTH,ALP,LNP,GRN,ON,IND,OTH,ALP,LNP,GRN,ON,IND,OTH
Index,1,2,3,4,5,6,111.0,,Index,1,2,3,4,5,6,,,,,,,,,,,,,,,,,,,,,,,,,,,,
ALP,0.0,0.2973802987,0,0,0,0.7026197013,,,ALP,0,0.2973802987,0,0,0,0.7026197013,,ALP,0,0.2973802987,0,0,0,0.7026197013,1,,0.4303792209,0.30970013996601414,0.0,0.06641423345314161,0.0,0.19350640569586217,0.4303792209,0.6070804386957149,0.0,0.06641423345314161,0.0,0.8961261069661614,0,0.30354021934785747,0.0,0.033207116726570805,0.0,0.4480630534830807
LNP,0,0.0,0,0,0,0,,,LNP,0,0,0,0,0,0,,LNP,0.3026005027,0,0,0.04669598219,0,0.6507035151,1,,0.31978200653899586,0.38778555677962817,0.0,0.04864652019195858,0.0,0.24378591648941722,0.6223825092821231,0.38778555677962817,0.0,0.09534250237923744,0.0,0.8944894315590111,0.31119125464106157,0.0,0.0,0.04767125118961872,0.0,0.44724471577950553
GRN,0.6145661621,0.1150906639,0.0,0.1098456466,0,0.1604975273,,,GRN,0.6145661621,0.1150906639,0,0.1098456466,0,0.1604975273,,GRN,0.6145661621,0.1150906639,0,0.1098456466,0,0.1604975273,1,,0.12326468766922247,0.2793364015451606,0.0,0.017373048335635105,0.0,0.5800258624499818,0.7378308498151839,0.39442706541448475,0.0,0.1272186949713312,0.0,0.7405233897990002,0.36891542490759194,0.19721353270724237,0.0,0.0636093474856656,0.0,0.3702616948995001
ON,0.0972584176,0.2351714792,0,0.0,0,0.6675701032,,,ON,0.0972584176,0.2351714792,0,0,0,0.6675701032,,ON,0.0972584176,0.2351714792,0,0,0,0.6675701032,1,,0.3945746399905862,0.32317374393916637,0.0,0.06088902759091948,0.0,0.2213625884793279,0.49183305758675006,0.5583452231427524,0.0,0.06088902759091948,0.0,0.8889326916795781,0.24591652879337503,0.2791726115713762,0.0,0.0,0.0,0.44446634583978906
IND,0,0,0,0,0.0,0,,,IND,0,0,0,0,0,0,,IND,0.2372748599,0.2158808139,0,0.03661521555,0,0.5102291106,1,,0.3160728495149302,0.3040700951501137,0.0,0.04822543645989873,0.0,0.3316316188750573,0.5533477094289719,0.5199509090843173,0.0,0.08484065200513075,0.0,0.8418607294815799,0.27667385471448597,0.25997545454215865,0.0,0.04242032600256537,0.0,0.42093036474078993
OTH,0,0,0,0,0,0.0,,,OTH,0,0,0,0,0,0,,OTH,0.4844609287,0.440779186,0,0.07475988536,0,0,1,,0.1406510314205593,0.16165052851846848,0.0,0.020582617016153524,0.0,0.6771158230448185,0.625111960096574,0.6024297144793698,0.0,0.09534250237923744,0.0,0.6771158230448185,0.312555980048287,0.3012148572396849,0.0,0.04767125118961872,0.0,0.0
,,,,,,,,,,,,,,,,,,,,,,,,,,,,,,,,,,,,,,,,,,,
LEICHHARDT (QLD),RAW,,,,,,,,LEICHHARDT (QLD),HELPER,,,,,,,,,,,,,,,,,,,,,,,,,,,,,,,,,
,ALP,LNP,GRN,ON,IND,OTH,PrefRow,,,ALP,LNP,GRN,ON,IND,OTH,,,ALP,LNP,GRN,ON,IND,OTH,,,ALP,LNP,GRN,ON,IND,OTH,ALP,LNP,GRN,ON,IND,OTH,ALP,LNP,GRN,ON,IND,OTH
Index,1,2,3,4,5,6,112.0,,Index,1,2,3,4,5,6,,,,,,,,,,,,,,,,,,,,,,,,,,,,
ALP,0.0,0,0,0,0,0,,,ALP,0,0,0,0,0,0,,ALP,0,0.4049089202,0.1385565737,0.2829823723,0,0.1735521339,1,,0.4279290021,0.2226260887782163,0.07690665977088093,0.2110539601581955,0.0,0.06148428923315927,0.4279290021,0.6275350089330319,0.21546323343293683,0.4940363324308951,0.0,0.23503642314358802,0,0.313767504466516,0.10773161671646843,0.2470181662154476,0.0,0.11751821157179403
LNP,0,0.0,0,0,0,0,,,LNP,0,0,0,0,0,0,,LNP,0.4793327097,0,0.121228293,0.2475917888,0,0.1518472085,1,,0.20459784993704003,0.3888699243538647,0.0907556615048907,0.2325873495875388,0.0,0.08318921461666559,0.6839305596091667,0.3888699243538647,0.21198395446553303,0.4801791384278472,0.0,0.235036423143588,0.3419652798045834,0.0,0.10599197723276653,0.24008956921392363,0.0,0.11751821157179401
GRN,0.7289253403,0.1199797074,0.0,0.1510949522,0,0,,,GRN,0.7289253403,0.1199797074,0,0.1510949522,0,0,,GRN,0.7289253403,0.1199797074,0,0.1510949522,0,0,1,,0.11174877521229964,0.39200474771654226,0.11554233273456796,0.2359790124061335,0.0,0.1447251319304565,0.8406741155352894,0.5119844551655995,0.11554233273456796,0.3870739646340865,0.0,0.1447251319304565,0.42033705776764474,0.2559922275827998,0.0,0.19353698231704328,0.0,0.07236256596522826
ON,0.3589701452,0.6410298548,0,0.0,0,0,,,ON,0.3589701452,0.6410298548,0,0,0,0,,ON,0.3589701452,0.6410298548,0,0,0,0,1,,0.3072665772984512,0.14535021384686425,0.1274486283995009,0.26029595171253295,0.0,0.15963862874265056,0.6662367224641592,0.7863800686811562,0.1274486283995009,0.26029595171253295,0.0,0.15963862874265056,0.33311836123207966,0.39319003434057814,0.06372431419975047,0.0,0.0,0.07981931437132529
IND,0.1477339612,0.1436138905,0.1977633902,0.06238964097,0.0,0.4484991171,,,IND,0.1477339612,0.1436138905,0.1977633902,0.06238964097,0,0.4484991171,,IND,0.1477339612,0.1436138905,0.1977633902,0.06238964097,0,0.4484991171,1,,0.31618122320426434,0.18711721355982203,0.10977356166007661,0.3394810889848501,0.0,0.047446912590986864,0.46391518435788415,0.3307311040836596,0.3075369518896234,0.40187072995012374,0.0,0.49594602971870905,0.2319575921789421,0.16536555204182982,0.15376847594481172,0.2009353649750619,0.0,0.24797301485935455
OTH,0.1801377524,0.1417554601,0.1602990522,0.5178077353,0,0.0,,,OTH,0.1801377524,0.1417554601,0.1602990522,0.5178077353,0,0,,OTH,0.1801377524,0.1417554601,0.1602990522,0.5178077353,0,0,1,,0.3706715878888297,0.4241022336009861,0.04214404220021886,0.11029367408009888,0.0,0.05278846222986644,0.550809340287723,0.5658576936586772,0.20244309441661965,0.6281014094071136,0.0,0.05278846222986644,0.27540467014386155,0.28292884682933866,0.10122154720830984,0.31405070470355684,0.0,0.0
,,,,,,,,,,,,,,,,,,,,,,,,,,,,,,,,,,,,,,,,,,,
FLYNN (QLD),RAW,,,,,,,,FLYNN (QLD),HELPER,,,,,,,,,,,,,,,,,,,,,,,,,,,,,,,,,
,ALP,LNP,GRN,ON,IND,OTH,PrefRow,,,ALP,LNP,GRN,ON,IND,OTH,,,ALP,LNP,GRN,ON,IND,OTH,,,ALP,LNP,GRN,ON,IND,OTH,ALP,LNP,GRN,ON,IND,OTH,ALP,LNP,GRN,ON,IND,OTH
Index,1,2,3,4,5,6,113.0,,Index,1,2,3,4,5,6,,,,,,,,,,,,,,,,,,,,,,,,,,,,
ALP,0.0,0,0,0,0,0,,,ALP,0,0,0,0,0,0,,ALP,0,0.4306188171,0.05507788677,0.3566957777,0,0.1576075185,1,,0.3645651108,0.2990553320498187,0.021728120781128846,0.2412325910115243,0.0,0.07341884536069994,0.3645651108,0.7296741491172745,0.07680600755026358,0.5979283687147209,0.0,0.23102636382091324,0,0.36483707455863706,0.038403003775131776,0.29896418435736033,0.0,0.11551318191045656
LNP,0,0.0,0,0,0,0,,,LNP,0,0,0,0,0,0,,LNP,0.4783790754,0,0.050457899,0.3267757821,0,0.1443872435,1,,0.14526539927244161,0.47996930575869234,0.026348108545526928,0.26272113853720636,0.0,0.08569604788613318,0.6236444746347197,0.47996930575869234,0.07680600755026358,0.589496920661983,0.0,0.23008329139434203,0.31182223731735975,0.0,0.038403003775131776,0.2947484603309914,0.0,0.11504164569717096
GRN,0.5960733362,0.08849429768,0.0,0.1113035946,0,0.2041287715,,,GRN,0.5960733362,0.08849429768,0,0.1113035946,0,0.2041287715,,GRN,0.5960733362,0.08849429768,0,0.1113035946,0,0.2041287715,1,,0.11333794369732625,0.3788620287267528,0.0372956960530765,0.36378124447321963,0.0,0.10672308704962505,0.7094112799179124,0.4673563264025143,0.0372956960530765,0.4750848391029295,0.0,0.31085185852356756,0.35470563995895604,0.23367816320125703,0.0,0.23754241955146463,0.0,0.15542592926178372
ON,0.2619066742,0.7380933258,0,0.0,0,0,,,ON,0.2619066742,0.7380933258,0,0,0,0,,ON,0.2619066742,0.7380933258,0,0,0,0,1,,0.3530884027451077,0.11278194221002112,0.0516679046347826,0.33461202865768386,0.0,0.14784972175240502,0.6149950769078256,0.8508752680473033,0.0516679046347826,0.33461202865768386,0.0,0.14784972175240502,0.3074975384539127,0.4254376340236515,0.02583395231739129,0.0,0.0,0.07392486087620248
IND,0.3091777822,0.1088990643,0.1447342226,0.2271550866,0.0,0.2100338443,,,IND,0.3091777822,0.1088990643,0.1447342226,0.2271550866,0,0.2100338443,,IND,0.3091777822,0.1088990643,0.1447342226,0.2271550866,0,0.2100338443,1,,0.2409243769838639,0.35479474253973753,0.02252367686801855,0.28776040583229856,0.0,0.09399679777608157,0.5501021591857352,0.46369380684393824,0.16725789944416825,0.5149154924339311,0.0,0.3040306420922273,0.2750510795928675,0.231846903421969,0.08362894972208408,0.25745774621696543,0.0,0.1520153210461136
OTH,0.2050321903,0.1960977533,0,0.5988700565,0,0.0,,,OTH,0.2050321903,0.1960977533,0,0.5988700565,0,0,,OTH,0.2050321903,0.1960977533,0,0.5988700565,0,0,1,,0.2506571266340649,0.5303127109709758,0.021187420387308396,0.13721411324754532,0.0,0.060628628760105704,0.45568931688501746,0.726410464222848,0.021187420387308396,0.7360841697447205,0.0,0.060628628760105704,0.22784465844250862,0.36320523211142386,0.010593710193654193,0.36804208487236006,0.0,0.0
,,,,,,,,,,,,,,,,,,,,,,,,,,,,,,,,,,,,,,,,,,,
FAIRFAX (QLD),RAW,,,,,,,,FAIRFAX (QLD),HELPER,,,,,,,,,,,,,,,,,,,,,,,,,,,,,,,,,
,ALP,LNP,GRN,ON,IND,OTH,PrefRow,,,ALP,LNP,GRN,ON,IND,OTH,,,ALP,LNP,GRN,ON,IND,OTH,,,ALP,LNP,GRN,ON,IND,OTH,ALP,LNP,GRN,ON,IND,OTH,ALP,LNP,GRN,ON,IND,OTH
Index,1,2,3,4,5,6,114.0,,Index,1,2,3,4,5,6,,,,,,,,,,,,,,,,,,,,,,,,,,,,
ALP,0.0,0,0,0,0,0,,,ALP,0,0,0,0,0,0,,ALP,0,0.3817589963,0.02638768349,0.1851625103,0.4066908099,0,1,,0.4600732097,0.22492025952818917,0.009306129856467622,0.0666956678068847,0.23900473307531211,0.0,0.4600732097,0.606679255794863,0.03569381334459669,0.2518581781087554,0.6456955430186386,0.0,0,0.30333962789743146,0.01784690667229834,0.12592908905437766,0.32284777150931926,0.0
LNP,0,0.0,0,0,0,0,,,LNP,0,0,0,0,0,0,,LNP,0.4288681664,0,0.02437697591,0.1710533649,0.3757014928,0,1,,0.27376752141325394,0.37150590547720763,0.011316837431848534,0.0806985535364725,0.2627111821412176,0.0,0.7026356877659237,0.37150590547720763,0.03569381334459669,0.2517519184748252,0.6384126749374471,0.0,0.3513178438829618,0.0,0.01784690667229834,0.12587595923741257,0.3192063374687235,0.0
GRN,0.4585907497,0.06787443647,0.0,0.05284688596,0.4206879279,0,,,GRN,0.4585907497,0.06787443647,0,0.05284688596,0.4206879279,0,,GRN,0.4585907497,0.06787443647,0,0.05284688596,0.4206879279,0,1,,0.3121683512887269,0.3414365609669088,0.013755721056717084,0.09652396516806282,0.2361154015195844,0.0,0.7707591009965244,0.40931099743376465,0.013755721056717084,0.14937085112565174,0.656803329387342,0.0,0.3853795504982621,0.20465549871688227,0.0,0.07468542556282586,0.32840166469367094,0.0
ON,0.07910972276,0.4646622413,0,0.0,0.4562280359,0,,,ON,0.07910972276,0.4646622413,0,0,0.4562280359,0,,ON,0.07910972276,0.4646622413,0,0,0.4562280359,0,1,,0.5017172194994329,0.18399050818635582,0.013414582589170346,0.09413019479258053,0.20674749493246042,0.0,0.580826942263978,0.6486527494983434,0.013414582589170346,0.09413019479258053,0.6629755308559278,0.0,0.29041347113198895,0.32432637474917164,0.006707291294585171,0.0,0.3314877654279638,0.0
IND,0.6629105453,0.3370894547,0,0,0.0,0,,,IND,0.6629105453,0.3370894547,0,0,0,0,,IND,0.6629105453,0.3370894547,0,0,0,0,1,,0.14456693631571224,0.25307206440460955,0.02570989516806855,0.18040646618560136,0.3962446379260084,0.0,0.8074774816583782,0.5901615190619436,0.02570989516806855,0.18040646618560136,0.3962446379260084,0.0,0.403738740829189,0.29508075953097174,0.01285494758403427,0.09020323309280066,0.0,0.0
OTH,0.06760174753,0.1732582203,0.07208553691,0.452977696,0.2340767993,0.0,,,OTH,0.06760174753,0.1732582203,0.07208553691,0.452977696,0.2340767993,0,,OTH,0.06760174753,0.1732582203,0.07208553691,0.452977696,0.2340767993,0,1,,0.2983696142527291,0.3200867925869264,0.006007364979481647,0.04596320700333476,0.32957302117752807,0.0,0.3659713617808965,0.4933450128674507,0.07809290188451729,0.49894090302540883,0.5636498204417267,0.0,0.18298568089044823,0.2466725064337253,0.039046450942258636,0.24947045151270436,0.2818249102208633,0.0
,,,,,,,,,,,,,,,,,,,,,,,,,,,,,,,,,,,,,,,,,,,
FISHER (QLD),RAW,,,,,,,,FISHER (QLD),HELPER,,,,,,,,,,,,,,,,,,,,,,,,,,,,,,,,,
,ALP,LNP,GRN,ON,IND,OTH,PrefRow,,,ALP,LNP,GRN,ON,IND,OTH,,,ALP,LNP,GRN,ON,IND,OTH,,,ALP,LNP,GRN,ON,IND,OTH,ALP,LNP,GRN,ON,IND,OTH,ALP,LNP,GRN,ON,IND,OTH
Index,1,2,3,4,5,6,115.0,,Index,1,2,3,4,5,6,,,,,,,,,,,,,,,,,,,,,,,,,,,,
ALP,0.0,0,0,0,0,0,,,ALP,0,0,0,0,0,0,,ALP,0,0.3789423047,0.01952091044,0.2299577043,0.3715790805,0,1,,0.3959121587,0.26674611871365483,0.007238157701884642,0.0862307100685216,0.24387285480250534,0.0,0.3959121587,0.6456884234338582,0.026759068142414077,0.3161884143825413,0.6154519353277529,0.0,0,0.32284421171692906,0.013379534071207035,0.15809420719127062,0.3077259676638764,0.0
LNP,0,0.0,0,0,0,0,,,LNP,0,0,0,0,0,0,,LNP,0.3923033709,0,0.01910094917,0.2250105309,0.363585149,0,1,,0.24193258654771363,0.40966784475147,0.007658118969613162,0.09115712947439077,0.24958432025681254,0.0,0.6342359574864649,0.40966784475147,0.026759068142414077,0.316167660380599,0.6131694692390521,0.0,0.3171179787432324,0.0,0.013379534071207035,0.15808383019029948,0.306584734619526,0.0
GRN,0.4000334476,0.06605903504,0.0,0.04941884773,0.4844886696,0,,,GRN,0.4000334476,0.06605903504,0,0.04941884773,0.4844886696,0,,GRN,0.4000334476,0.06605903504,0,0.04941884773,0.4844886696,0,1,,0.3120727997264762,0.3785717251789209,0.009070807374697343,0.10685475180652017,0.1934299159133854,0.0,0.7121062473391528,0.4446307602152952,0.009070807374697343,0.15627359953626346,0.6779185855345912,0.0,0.35605312366957637,0.22231538010764754,0.0,0.07813679976813172,0.33895929276729553,0.0
ON,0.1040005746,0.4757595346,0,0.0,0.4202398908,0,,,ON,0.1040005746,0.4757595346,0,0,0.4202398908,0,,ON,0.1040005746,0.4757595346,0,0,0.4202398908,0,1,,0.4303938702986868,0.21589830712953575,0.011117644590858282,0.13096663884000748,0.21162353914091167,0.0,0.5343944448874967,0.6916578417125997,0.011117644590858282,0.13096663884000748,0.6318634299690378,0.0,0.2671972224437483,0.3458289208562998,0.00555882229542914,0.0,0.31593171498451883,0.0
IND,0.5800301362,0.4199698638,0,0,0.0,0,,,IND,0.5800301362,0.4199698638,0,0,0,0,,IND,0.5800301362,0.4199698638,0,0,0,0,1,,0.16475559325042363,0.21979795662943133,0.019344539364131996,0.22788004057188493,0.3682218701841282,0.0,0.744785729478475,0.63976782040138,0.019344539364131996,0.22788004057188493,0.3682218701841282,0.0,0.37239286473923744,0.31988391020068996,0.009672269682065996,0.11394002028594244,0.0,0.0
OTH,0.06068706069,0.1201861202,0.05573705574,0.6071676072,0.1562221562,0.0,,,OTH,0.06068706069,0.1201861202,0.05573705574,0.6071676072,0.1562221562,0,,OTH,0.06068706069,0.1201861202,0.05573705574,0.6071676072,0.1562221562,0,1,,0.2232054452278603,0.3811532066279606,0.0034803356495223103,0.0437530609381721,0.34840795155648474,0.0,0.283892505914921,0.5013393268140808,0.05921739138657805,0.6509206681057793,0.5046301077786409,0.0,0.14194625295746047,0.25066966340704033,0.029608695693289017,0.3254603340528896,0.2523150538893204,0.0
,,,,,,,,,,,,,,,,,,,,,,,,,,,,,,,,,,,,,,,,,,,
MARANOA (QLD),RAW,,,,,,,,MARANOA (QLD),HELPER,,,,,,,,,,,,,,,,,,,,,,,,,,,,,,,,,
,ALP,LNP,GRN,ON,IND,OTH,PrefRow,,,ALP,LNP,GRN,ON,IND,OTH,,,ALP,LNP,GRN,ON,IND,OTH,,,ALP,LNP,GRN,ON,IND,OTH,ALP,LNP,GRN,ON,IND,OTH,ALP,LNP,GRN,ON,IND,OTH
Index,1,2,3,4,5,6,116.0,,Index,1,2,3,4,5,6,,,,,,,,,,,,,,,,,,,,,,,,,,,,
ALP,0.0,0.5890990422,0,0.4109009578,0,0,,,ALP,0,0.5890990422,0,0.4109009578,0,0,,ALP,0,0.5890990422,0,0.4109009578,0,0,1,,0.364444652,0.21138290888113004,0.019917418583241718,0.3149016993569567,0.0,0.0893533212109292,0.364444652,0.8004819510360384,0.019917418583241718,0.7258026572020484,0.0,0.0893533212109292,0,0.40024097551801907,0.009958709291620857,0.36290132860102414,0.0,0.044676660605464595
LNP,0,0.0,0,0,0,0,,,LNP,0,0,0,0,0,0,,LNP,0.3580873762,0,0.01956998442,0.5345479738,0,0.08779466559,1,,0.22295860123361116,0.5110854388202547,0.014365166421523103,0.19918056363422093,0.0,0.0524102298903904,0.581045977414908,0.5110854388202547,0.033935150841019834,0.7337285374436076,0.0,0.1402048954802103,0.29052298870745397,0.0,0.016967575420509914,0.3668642687218037,0.0,0.07010244774010514
GRN,0.5847170148,0.1483663631,0.0,0.09051955008,0,0.176397072,,,GRN,0.5847170148,0.1483663631,0,0.09051955008,0,0.176397072,,GRN,0.5847170148,0.1483663631,0,0.09051955008,0,0.176397072,1,,0.11071241251430605,0.4357103156003628,0.01168746799577652,0.42057353051463453,0.0,0.0213162733749202,0.6954294273330884,0.5840766787498004,0.01168746799577652,0.5110930805949774,0.0,0.19771334532635745,0.34771471366654416,0.29203833937490015,0.0,0.25554654029748863,0.0,0.0988566726631787
ON,0,0,0,0.0,0,0,,,ON,0,0,0,0,0,0,,ON,0.3735589288,0.5144376153,0.02041552677,0,0,0.09158792913,1,,0.20849260247289694,0.24629454436483467,0.013668775261801465,0.48277796035233456,0.0,0.04876611754813276,0.5820515312633322,0.7607321596716861,0.03408430203672869,0.48277796035233456,0.0,0.14035404667591916,0.29102576563166604,0.3803660798358429,0.017042151018364343,0.0,0.0,0.07017702333795957
IND,0,0,0,0,0.0,0,,,IND,0,0,0,0,0,0,,IND,0.2398230927,0.3302665533,0.01310667312,0.3580046569,0,0.05879902398,1,,0.26758711599267027,0.34229101247871274,0.016084143722477025,0.30994120229541056,0.0,0.06409652551072981,0.5074102086479256,0.6725575658189379,0.029190816838824664,0.6679458591997702,0.0,0.12289554949454223,0.25370510432396276,0.3362787829094689,0.014595408419412328,0.33397292959988506,0.0,0.0614477747472711
OTH,0.1347522631,0.2533342547,0.03932001935,0.5725934628,0,0.0,,,OTH,0.1347522631,0.2533342547,0.03932001935,0.5725934628,0,0,,OTH,0.1347522631,0.2533342547,0.03932001935,0.5725934628,0,0,1,,0.3276042834959621,0.3797798129546453,0.016647544588412826,0.19434837701463997,0.0,0.08161998194633996,0.46235654664294573,0.6331140676709746,0.055967563937455736,0.7669418398022843,0.0,0.08161998194633996,0.2311782733214728,0.3165570338354872,0.02798378196872786,0.383470919901142,0.0,0.0
,,,,,,,,,,,,,,,,,,,,,,,,,,,,,,,,,,,,,,,,,,,
WIDE BAY (QLD),RAW,,,,,,,,WIDE BAY (QLD),HELPER,,,,,,,,,,,,,,,,,,,,,,,,,,,,,,,,,
,ALP,LNP,GRN,ON,IND,OTH,PrefRow,,,ALP,LNP,GRN,ON,IND,OTH,,,ALP,LNP,GRN,ON,IND,OTH,,,ALP,LNP,GRN,ON,IND,OTH,ALP,LNP,GRN,ON,IND,OTH,ALP,LNP,GRN,ON,IND,OTH
Index,1,2,3,4,5,6,117.0,,Index,1,2,3,4,5,6,,,,,,,,,,,,,,,,,,,,,,,,,,,,
ALP,0.0,0,0,0,0,0,,,ALP,0,0,0,0,0,0,,ALP,0,0.4265410028,0.1468770834,0.3334224874,0,0.09315942649,1,,0.4111683322,0.27256782501258026,0.07113122374154732,0.20801065875413813,0.0,0.03712196032131875,0.4111683322,0.6991088277713899,0.218008307121071,0.5414331461237489,0.0,0.13028138681337442,0,0.349554413885695,0.10900415356053553,0.2707165730618745,0.0,0.06514069340668723
LNP,0,0.0,0,0,0,0,,,LNP,0,0,0,0,0,0,,LNP,0.4642703522,0,0.1372136605,0.3114857602,0,0.08703022706,1,,0.1991150913431368,0.4526652249741073,0.07996539879342715,0.22500312513787532,0.0,0.04325115975145325,0.6633854435778789,0.4526652249741073,0.21717905926827716,0.536488885366362,0.0,0.13028138681337442,0.3316927217889395,0.0,0.1085895296341386,0.26824444268318104,0.0,0.06514069340668723
GRN,0.6887077802,0.1535036128,0.0,0.157788607,0,0,,,GRN,0.6887077802,0.1535036128,0,0.157788607,0,0,,GRN,0.6887077802,0.1535036128,0,0.157788607,0,0,1,,0.11744156579375911,0.4053763247411793,0.12221818267093822,0.2774448506894761,0.0,0.07751907610464714,0.8061493459987666,0.5588799375793577,0.12221818267093822,0.43523345764629007,0.0,0.07751907610464714,0.40307467299938343,0.2794399687896789,0.0,0.2176167288231451,0.0,0.03875953805232358
ON,0.2926344955,0.7073655045,0,0.0,0,0,,,ON,0.2926344955,0.7073655045,0,0,0,0,,ON,0.2926344955,0.7073655045,0,0,0,0,1,,0.32840883193404663,0.12482061115135429,0.1400415113613389,0.3179052033082975,0.0,0.0888238422449626,0.6210433274316223,0.8321861156537786,0.1400415113613389,0.3179052033082975,0.0,0.0888238422449626,0.3105216637158112,0.41609305782688943,0.07002075568066947,0.0,0.0,0.04441192112248131
IND,0.1918892186,0.1267721728,0.2571711177,0.1752390373,0.0,0.2489284537,,,IND,0.1918892186,0.1267721728,0.2571711177,0.1752390373,0,0.2489284537,,IND,0.1918892186,0.1267721728,0.2571711177,0.1752390373,0,0.2489284537,1,,0.3257623051328421,0.2831468456574368,0.0792576890667332,0.2829238596076482,0.0,0.028909300535339626,0.5176515237282922,0.40991901842367484,0.3364288067719755,0.45816289686448963,0.0,0.27783775421156776,0.25882576186414613,0.20495950921183748,0.16821440338598778,0.22908144843224487,0.0,0.1389188771057839
OTH,0.1546990968,0.152105875,0.1352946437,0.5579003845,0,0.0,,,OTH,0.1546990968,0.152105875,0.1352946437,0.5579003845,0,0,,OTH,0.1546990968,0.152105875,0.1352946437,0.5579003845,0,0,1,,0.32705761942330747,0.4813932114448297,0.043592756032754705,0.12030692512060648,0.0,0.027649487978501676,0.48175671626673056,0.633499086433652,0.1788873996883033,0.6782073096328125,0.0,0.027649487978501676,0.24087835813336533,0.3167495432168261,0.08944369984415167,0.3391036548164063,0.0,0.0
,,,,,,,,,,,,,,,,,,,,,,,,,,,,,,,,,,,,,,,,,,,
WRIGHT (QLD),RAW,,,,,,,,WRIGHT (QLD),HELPER,,,,,,,,,,,,,,,,,,,,,,,,,,,,,,,,,
,ALP,LNP,GRN,ON,IND,OTH,PrefRow,,,ALP,LNP,GRN,ON,IND,OTH,,,ALP,LNP,GRN,ON,IND,OTH,,,ALP,LNP,GRN,ON,IND,OTH,ALP,LNP,GRN,ON,IND,OTH,ALP,LNP,GRN,ON,IND,OTH
Index,1,2,3,4,5,6,118.0,,Index,1,2,3,4,5,6,,,,,,,,,,,,,,,,,,,,,,,,,,,,
ALP,0.0,0,0,0,0,0,,,ALP,0,0,0,0,0,0,,ALP,0,0.5160771668,0.08034002085,0.4035828123,0,0,1,,0.4272476487,0.31006798462962165,0.04081656882797338,0.22186779781067803,0.0,0.0,0.4272476487,0.8261451514475127,0.1211565896744845,0.6254506101462759,0.0,0.0,0,0.41307257572375633,0.06057829483724225,0.31272530507313795,0.0,0.0
LNP,0,0.0,0,0,0,0,,,LNP,0,0,0,0,0,0,,LNP,0.5236062852,0,0.07909004981,0.397303665,0,0,1,,0.15458330367890954,0.5754650368942191,0.04206653986730831,0.22788511955956306,0.0,0.0,0.6781895888661644,0.5754650368942191,0.1211565896744845,0.6251887845651319,0.0,0.0,0.3390947944330822,0.0,0.06057829483724225,0.31259439228256597,0.0,0.0
GRN,0.6735549133,0.1169797688,0.0,0.2094653179,0,0,,,GRN,0.6735549133,0.1169797688,0,0.2094653179,0,0,,GRN,0.6735549133,0.1169797688,0,0.2094653179,0,0,1,,0.11466467003287485,0.5036583014118178,0.06336535151510078,0.3183116770402066,0.0,0.0,0.7882195833276725,0.6206380701979449,0.06336535151510078,0.5277769949592817,0.0,0.0,0.39410979166383625,0.31031903509897246,0.0,0.2638884974796408,0.0,0.0
ON,0.2549984331,0.7450015669,0,0.0,0,0,,,ON,0.2549984331,0.7450015669,0,0,0,0,,ON,0.2549984331,0.7450015669,0,0,0,0,1,,0.39008750290681954,0.13159886889367534,0.07940879046361832,0.3989048377358868,0.0,0.0,0.6450859359998938,0.8766004358006011,0.07940879046361832,0.3989048377358868,0.0,0.0,0.3225429679999469,0.43830021790030055,0.03970439523180916,0.0,0.0,0.0
IND,0,0,0,0,0.0,0,,,IND,0,0,0,0,0,0,,IND,0.3472080221,0.3368910345,0.05244532111,0.2634556223,0,0,1,,0.2789038376614819,0.3815960253151337,0.054539428430562635,0.2849607085928218,0.0,0.0,0.6261118597783961,0.7184870597824841,0.10698474954212497,0.5484163308969949,0.0,0.0,0.31305592988919806,0.35924352989124203,0.05349237477106249,0.27420816544849747,0.0,0.0
OTH,0.11307072,0.1486917677,0.1573359633,0.580901549,0,0.0,,,OTH,0.11307072,0.1486917677,0.1573359633,0.580901549,0,0,,OTH,0.11307072,0.1486917677,0.1573359633,0.580901549,0,0,1,,0.33195934004475136,0.509530905639908,0.020844143312968775,0.13766561100237193,0.0,0.0,0.4450300600076219,0.658222673348906,0.1781801066476558,0.7185671599958163,0.0,0.0,0.22251503000381095,0.329111336674453,0.0890900533238279,0.35928357999790816,0.0,0.0
,,,,,,,,,,,,,,,,,,,,,,,,,,,,,,,,,,,,,,,,,,,
QUEENSLAND,RAW,,,,,,,,QUEENSLAND,HELPER,,,,,,,,,,,,,,,,,,,,,,,,,,,,,,,,,
,ALP,LNP,GRN,ON,IND,OTH,PrefRow,,,ALP,LNP,GRN,ON,IND,OTH,,,ALP,LNP,GRN,ON,IND,OTH,,,ALP,LNP,GRN,ON,IND,OTH,ALP,LNP,GRN,ON,IND,OTH,ALP,LNP,GRN,ON,IND,OTH
Index,1,2,3,4,5,6,158.0,,Index,1,2,3,4,5,6,,,,,,,,,,,,,,,,,,,,,,,,,,,,
ALP,0.0,0.331905646,0.2469301207,0.08915309309,0.172714997,0.1592961431,,,ALP,0,0.331905646,0.2469301207,0.08915309309,0.172714997,0.1592961431,,ALP,0,0.331905646,0.2469301207,0.08915309309,0.172714997,0.1592961431,1,,0.579431062,0.1818585505910122,0.10229708220387584,0.0939927926639548,0.026479539667345772,0.01594097285278455,0.579431062,0.513764196637092,0.34922720288916576,0.1831458857519791,0.19919453671351,0.1752371159872263,0,0.256882098318546,0.17461360144458288,0.09157294287598955,0.099597268356755,0.08761855799361315
LNP,0.7946651033,0.0,0.2053348967,0,0,0,,,LNP,0.7946651033,0,0.2053348967,0,0,0,,LNP,0.7946651033,0,0.2053348967,0,0,0,1,,0.14587731350393768,0.29397729117931315,0.1962267498689201,0.08384182247107379,0.14967327565955366,0.13040354731720163,0.94054241683092,0.29397729117931315,0.4015616465419378,0.08384182247107379,0.14967327565955366,0.13040354731720163,0.47027120841546,0.0,0.2007808232709689,0.041920911235536894,0.07483663782977683,0.06520177365860082
GRN,0.7104360528,0.1471910384,0.0,0.06328671235,0.06049967583,0.01858652054,,,GRN,0.7104360528,0.1471910384,0,0.06328671235,0.06049967583,0.01858652054,,GRN,0.7104360528,0.1471910384,0,0.06328671235,0.06049967583,0.01858652054,1,,0.1668195288991072,0.2986626412628758,0.21511015492165625,0.07441223581870017,0.1269917667693532,0.11800367232830733,0.8772555817451934,0.44585367970299616,0.21511015492165625,0.1376989481647877,0.18749144260149614,0.1365901928638703,0.4386277908725967,0.22292683985149808,0.0,0.06884947408239385,0.09374572130074807,0.06829509643193515
ON,0.2300177425,0.6405011824,0.04708957391,0.0,0.05563622786,0.02675527332,,,ON,0.2300177425,0.6405011824,0.04708957391,0,0.05563622786,0.02675527332,,ON,0.2300177425,0.6405011824,0.04708957391,0,0.05563622786,0.02675527332,1,,0.5766222422739882,0.10605328594435533,0.19531491965397535,0.03792353535789679,0.04368162458988173,0.040404392179902736,0.8066399847566179,0.7465544683697796,0.24240449356593652,0.03792353535789679,0.0993178524453354,0.06715966550443397,0.40331999237830896,0.3732772341848898,0.12120224678296826,0.0,0.0496589262226677,0.03357983275221699
IND,0.5284956599,0.297765929,0.07396491327,0.0478608911,0.0,0.05191260674,,,IND,0.5284956599,0.297765929,0.07396491327,0.0478608911,0,0.05191260674,,IND,0.5284956599,0.297765929,0.07396491327,0.0478608911,0,0.05191260674,1,,0.3094562018352153,0.22900437824581968,0.19949319895632667,0.07464243389234927,0.10056118518575992,0.08684260188452915,0.8379518617161963,0.5267703072563851,0.27345811222428856,0.12250332498842276,0.10056118518575992,0.1387552086289475,0.41897593085809814,0.26338515362819254,0.13672905611214428,0.06125166249421138,0.0,0.06937760431447375
OTH,0.1786813362,0.2321546893,0.107800725,0.4400552462,0.04130800333,0.0,,,OTH,0.1786813362,0.2321546893,0.107800725,0.4400552462,0.04130800333,0,,OTH,0.1786813362,0.2321546893,0.107800725,0.4400552462,0.04130800333,0,1,,0.38412236651948983,0.3693286664734246,0.1155686199648322,0.024729385120229284,0.061865869310771184,0.04438509261125281,0.5628037026759932,0.6014833557725697,0.22336934499729963,0.46478463129849534,0.10317387264438918,0.04438509261125281,0.2814018513379966,0.30074167788628486,0.11168467249864981,0.23239231564924767,0.05158693632219459,0.0
