COWAN (WA),RAW,,,,,,,,COWAN (WA),HELPER,,,,,,,,,,,,,,,,,,,,,,,,,,,,,,,,,
,ALP,LNP,GRN,ON,IND,OTH,PrefRow,,,ALP,LNP,GRN,ON,IND,OTH,,,ALP,LNP,GRN,ON,IND,OTH,,,ALP,LNP,GRN,ON,IND,OTH,ALP,LNP,GRN,ON,IND,OTH,ALP,LNP,GRN,ON,IND,OTH
Index,1,2,3,4,5,6,119.0,,Index,1,2,3,4,5,6,,,,,,,,,,,,,,,,,,,,,,,,,,,,
ALP,0.0,0,0,0,0,0,,,ALP,0,0,0,0,0,0,,ALP,0,0.4372936285,0.3382784591,0.1682178351,0,0.05621007733,1,,0.4984080201,0.19436073952426025,0.1968666424242239,0.086886665289333,0.0,0.023477932709083032,0.4984080201,0.6316543680013431,0.535145101495378,0.25510450041130517,0.0,0.07968801003887417,0,0.3158271840006715,0.26757255074768893,0.12755225020565256,0.0,0.03984400501943708
LNP,0,0.0,0,0,0,0,,,LNP,0,0,0,0,0,0,,LNP,0.4625298445,0,0.3231073704,0.1606736134,0,0.05368917171,1,,0.2828651011335598,0.38790541663793326,0.20954535903906998,0.09368528486533789,0.0,0.02599883832409938,0.7453949455876269,0.38790541663793326,0.5326527294474518,0.2543588982881144,0.0,0.07968801003887417,0.3726974727938134,0.0,0.26632636472372584,0.12717944914405718,0.0,0.03984400501943708
GRN,0.752632868,0.247367132,0.0,0,0,0,,,GRN,0.752632868,0.247367132,0,0,0,0,,GRN,0.752632868,0.247367132,0,0,0,0,1,,0.11441468109199308,0.32912155775412083,0.33452563037916283,0.16635164263698868,0.0,0.05558648813773468,0.8670475490812166,0.5764886897648972,0.33452563037916283,0.16635164263698868,0.0,0.05558648813773468,0.4335237745406082,0.28824434488244854,0.0,0.08317582131849433,0.0,0.027793244068867334
ON,0.1815786322,0.5715654569,0.2468559109,0.0,0,0,,,ON,0.1815786322,0.5715654569,0.2468559109,0,0,0,,ON,0.1815786322,0.5715654569,0.2468559109,0,0,0,1,,0.4501579540855909,0.1404672176123449,0.2461011516996847,0.12238025168264458,0.0,0.04089342491973515,0.6317365862571085,0.712032674553296,0.49295706258721617,0.12238025168264458,0.0,0.04089342491973515,0.3158682931285542,0.35601633727664794,0.24647853129360803,0.0,0.0,0.02044671245986757
IND,0.1750824664,0.1009895965,0.4148693225,0.1575742197,0.0,0.1514843948,,,IND,0.1750824664,0.1009895965,0.4148693225,0.1575742197,0,0.1514843948,,IND,0.1750824664,0.1009895965,0.4148693225,0.1575742197,0,0.1514843948,1,,0.4172182645437958,0.30842084646620677,0.16861491430369402,0.09048252792151379,0.0,0.015263446764789714,0.5923007309228874,0.409410443015306,0.583484236810672,0.24805674766269623,0.0,0.16674784158843853,0.29615036546144363,0.20470522150765294,0.2917421184053359,0.12402837383134808,0.0,0.08337392079421925
OTH,0.1957374083,0.2585704232,0.2499246004,0.2957675681,0,0.0,,,OTH,0.1957374083,0.2585704232,0.2499246004,0.2957675681,0,0,,OTH,0.1957374083,0.2585704232,0.2499246004,0.2957675681,0,0,1,,0.3614030768679677,0.31646837831948815,0.22277173080657608,0.0744719672972616,0.0,0.024884846708706557,0.5571404851317658,0.5750388015626771,0.4726963311886008,0.37023953540824983,0.0,0.024884846708706557,0.27857024256588286,0.2875194007813385,0.23634816559430036,0.1851197677041249,0.0,0.0
,,,,,,,,,,,,,,,,,,,,,,,,,,,,,,,,,,,,,,,,,,,
CURTIN (WA),RAW,,,,,,,,CURTIN (WA),HELPER,,,,,,,,,,,,,,,,,,,,,,,,,,,,,,,,,
,ALP,LNP,GRN,ON,IND,OTH,PrefRow,,,ALP,LNP,GRN,ON,IND,OTH,,,ALP,LNP,GRN,ON,IND,OTH,,,ALP,LNP,GRN,ON,IND,OTH,ALP,LNP,GRN,ON,IND,OTH,ALP,LNP,GRN,ON,IND,OTH
Index,1,2,3,4,5,6,120.0,,Index,1,2,3,4,5,6,,,,,,,,,,,,,,,,,,,,,,,,,,,,
ALP,0.0,0.20332346,0,0,0.79667654,0,,,ALP,0,0.20332346,0,0,0.79667654,0,,ALP,0,0.20332346,0,0,0.79667654,0,1,,0.2971753342,0.37486275712731143,0.13735213049099107,0.06454823079027266,0.12606154743254586,0.0,0.2971753342,0.5781862171403643,0.13735213049099107,0.06454823079027266,0.9227380874194929,0.0,0,0.2890931085701821,0.06867606524549552,0.032274115395136325,0.46136904370974635,0.0
LNP,0,0.0,0,0,0,0,,,LNP,0,0,0,0,0,0,,LNP,0.2262686065,0,0.1045795919,0.04914687241,0.6200049292,0,1,,0.24066574195305804,0.37327266994414376,0.09348924331635969,0.042457244284548105,0.2501151005018908,0.0,0.46693434844278064,0.37327266994414376,0.19806883520124868,0.09160411669786753,0.8701200297139601,0.0,0.23346717422139027,0.0,0.09903441760062431,0.04580205834893376,0.4350600148569799,0.0
GRN,0.396297528,0.06229907992,0.0,0,0.5414033921,0,,,GRN,0.396297528,0.06229907992,0,0,0.5414033921,0,,GRN,0.396297528,0.06229907992,0,0,0.5414033921,0,1,,0.18478552852360894,0.33532485202979345,0.08540643555919142,0.04013650384411638,0.35434668004328995,0.0,0.581083056513854,0.3976239319544138,0.08540643555919142,0.04013650384411638,0.8957500721284246,0.0,0.2905415282569269,0.19881196597720685,0.0,0.020068251922058186,0.4478750360642122,0.0
ON,0.07632348165,0.5904514453,0.06398181228,0.0,0.2692432608,0,,,ON,0.07632348165,0.5904514453,0.06398181228,0,0.2692432608,0,,ON,0.07632348165,0.5904514453,0.06398181228,0,0.2692432608,0,1,,0.24384125757331687,0.14619225393439494,0.10098226519454072,0.047456319288249144,0.4615279040094985,0.0,0.3201647392232032,0.7366436992088347,0.16496407747125394,0.047456319288249144,0.7307711648084592,0.0,0.16008236961160158,0.3683218496044173,0.08248203873562696,0.0,0.3653855824042295,0.0
IND,0,0,0,0,0.0,0,,,IND,0,0,0,0,0,0,,IND,0.3152717641,0.4705331942,0.1457161598,0.06847888183,0,0,1,,0.1694403907696826,0.11361358336223304,0.05358957238323254,0.023125234863000957,0.6402312186218512,0.0,0.48471215489012737,0.5841467775911647,0.19930573219898973,0.09160411669786753,0.6402312186218512,0.0,0.24235607744506363,0.2920733887955823,0.09965286609949484,0.04580205834893376,0.0,0.0
OTH,0.2039695946,0.1537162162,0.2487331081,0.1469594595,0.2466216216,0.0,,,OTH,0.2039695946,0.1537162162,0.2487331081,0.1469594595,0.2466216216,0,,OTH,0.2039695946,0.1537162162,0.2487331081,0.1469594595,0.2466216216,0,1,,0.22232276123691447,0.25978373211448774,0.061415067335641046,0.024443044151186803,0.43203539516177,0.0,0.42629235583150904,0.41349994833070397,0.3101481754437492,0.17140250361064627,0.6786570167833916,0.0,0.21314617791575446,0.20674997416535193,0.15507408772187456,0.08570125180532312,0.33932850839169576,0.0
,,,,,,,,,,,,,,,,,,,,,,,,,,,,,,,,,,,,,,,,,,,
PERTH (WA),RAW,,,,,,,,PERTH (WA),HELPER,,,,,,,,,,,,,,,,,,,,,,,,,,,,,,,,,
,ALP,LNP,GRN,ON,IND,OTH,PrefRow,,,ALP,LNP,GRN,ON,IND,OTH,,,ALP,LNP,GRN,ON,IND,OTH,,,ALP,LNP,GRN,ON,IND,OTH,ALP,LNP,GRN,ON,IND,OTH,ALP,LNP,GRN,ON,IND,OTH
Index,1,2,3,4,5,6,121.0,,Index,1,2,3,4,5,6,,,,,,,,,,,,,,,,,,,,,,,,,,,,
ALP,0.0,0,0,0,0,0,,,ALP,0,0,0,0,0,0,,ALP,0,0.8093616506,0.1906383494,0,0,0,1,,0.8503927909,0.023073675645197845,0.1265335334100319,0.0,0.0,0.0,0.8503927909,0.8324353262081909,0.3171718828470385,0.0,0.0,0.0,0,0.41621766310409564,0.15858594142351934,0.0,0.0,0.0
LNP,0,0.0,0,0,0,0,,,LNP,0,0,0,0,0,0,,LNP,0.8436625539,0,0.1563374461,0,0,0,1,,0.13741533764024547,0.7017502256000301,0.1608344367597239,0.0,0.0,0.0,0.9810778915529306,0.7017502256000301,0.3171718828470385,0.0,0.0,0.0,0.4905389457764655,0.0,0.15858594142351934,0.0,0.0,0.0
GRN,0.8789662431,0.1210337569,0.0,0,0,0,,,GRN,0.8789662431,0.1210337569,0,0,0,0,,GRN,0.8789662431,0.1210337569,0,0,0,0,1,,0.1021116484719298,0.7114015692891921,0.1864867822388779,0.0,0.0,0.0,0.9810778915529308,0.832435326208191,0.1864867822388779,0.0,0.0,0.0,0.4905389457764656,0.4162176631040957,0.0,0.0,0.0,0.0
ON,0.1352121596,0.6768524383,0.1879354022,0.0,0,0,,,ON,0.1352121596,0.6768524383,0.1879354022,0,0,0,,ON,0.1352121596,0.6768524383,0.1879354022,0,0,0,1,,0.7362239310503289,0.13218206444642938,0.13159400450324155,0.0,0.0,0.0,0.871436090645009,0.8090345026984878,0.3195294066565031,0.0,0.0,0.0,0.4357180453225047,0.40451725134924404,0.15976470332825163,0.0,0.0,0.0
IND,0,0,0,0,0.0,0,,,IND,0,0,0,0,0,0,,IND,0.5070892013,0.3989430976,0.09396770108,0,0,0,1,,0.41916778976112923,0.42179181686781064,0.15904039337105969,0.0,0.0,0.0,0.9262569910989698,0.8207349144533391,0.25300809444769046,0.0,0.0,0.0,0.4631284955494851,0.41036745722666973,0.12650404722384528,0.0,0.0,0.0
OTH,0,0,0,0,0,0.0,,,OTH,0,0,0,0,0,0,,OTH,0.5070892013,0.3989430976,0.09396770108,0,0,0,1,,0.41916778976112923,0.42179181686781064,0.15904039337105969,0.0,0.0,0.0,0.9262569910989698,0.8207349144533391,0.25300809444769046,0.0,0.0,0.0,0.4631284955494851,0.41036745722666973,0.12650404722384528,0.0,0.0,0.0
,,,,,,,,,,,,,,,,,,,,,,,,,,,,,,,,,,,,,,,,,,,
FREMANTLE (WA),RAW,,,,,,,,FREMANTLE (WA),HELPER,,,,,,,,,,,,,,,,,,,,,,,,,,,,,,,,,
,ALP,LNP,GRN,ON,IND,OTH,PrefRow,,,ALP,LNP,GRN,ON,IND,OTH,,,ALP,LNP,GRN,ON,IND,OTH,,,ALP,LNP,GRN,ON,IND,OTH,ALP,LNP,GRN,ON,IND,OTH,ALP,LNP,GRN,ON,IND,OTH
Index,1,2,3,4,5,6,122.0,,Index,1,2,3,4,5,6,,,,,,,,,,,,,,,,,,,,,,,,,,,,
ALP,0.0,0,0,0,0,0,,,ALP,0,0,0,0,0,0,,ALP,0,0.1913076218,0.112825119,0.0613786451,0.6344886141,0,1,,0.3896525611,0.21723805354020345,0.11170165689507355,0.058451737768089616,0.22295599069077207,0.0,0.3896525611,0.40854567532958963,0.2245267759434886,0.11983038286726479,0.8574446047537956,0.0,0,0.20427283766479484,0.11226338797174432,0.0599151914336324,0.42872230237689785,0.0
LNP,0.2560196772,0.0,0,0,0.7439803228,0,,,LNP,0.2560196772,0,0,0,0.7439803228,0,,LNP,0.2560196772,0,0,0,0.7439803228,0,1,,0.3358313985824999,0.2626025038546898,0.1548718157838761,0.0842527116039139,0.16244157017502023,0.0,0.5918510758069756,0.2626025038546898,0.1548718157838761,0.0842527116039139,0.9064218929505445,0.0,0.29592553790348786,0.0,0.07743590789193806,0.042126355801956956,0.4532109464752723,0.0
GRN,0.4350172036,0.0516108852,0.0,0,0.5133719112,0,,,GRN,0.4350172036,0.0516108852,0,0,0.5133719112,0,,GRN,0.4350172036,0.0516108852,0,0,0.5133719112,0,1,,0.24494857263521064,0.23062997724000034,0.1360157760305185,0.07399472843705694,0.3144109456572135,0.0,0.6799657762636122,0.2822408624448799,0.1360157760305185,0.07399472843705694,0.8277828568239323,0.0,0.33998288813180616,0.14112043122243997,0.0,0.03699736421852848,0.4138914284119662,0.0
ON,0.08449424591,0.4762265294,0.06935190793,0.0,0.3699273168,0,,,ON,0.08449424591,0.4762265294,0.06935190793,0,0.3699273168,0,,ON,0.08449424591,0.4762265294,0.06935190793,0,0.3699273168,0,1,,0.3190771702844186,0.12596338252654346,0.07217693181425856,0.039265389831086336,0.443517125543693,0.0,0.40357141619598735,0.6021899119026791,0.14152883974884367,0.039265389831086336,0.8134444423214034,0.0,0.2017857080979937,0.3010949559513396,0.07076441987442185,0.0,0.4067222211607018,0.0
IND,0,0,0,0,0.0,0,,,IND,0,0,0,0,0,0,,IND,0.4513982269,0.2871366107,0.1693409911,0.0921241713,0,0,1,,0.15496282917312212,0.1389677340977032,0.057318045739617504,0.02770621157002599,0.6210451794195311,0.0,0.6063610561176643,0.42610434474976244,0.2266590368457771,0.1198303828672648,0.6210451794195311,0.0,0.3031805280588322,0.21305217237488125,0.11332951842288856,0.05991519143363241,0.0,0.0
OTH,0.1493165089,0.06046267087,0.2776025237,0.1887486856,0.3238696109,0.0,,,OTH,0.1493165089,0.06046267087,0.2776025237,0.1887486856,0.3238696109,0,,OTH,0.1493165089,0.06046267087,0.2776025237,0.1887486856,0.3238696109,0,1,,0.2983838530371724,0.22577465204209424,0.08478113526796016,0.03900106452537584,0.3520592951273972,0.0,0.4477003619751324,0.28623732291485976,0.36238365892726615,0.22774975011948728,0.6759289060632542,0.0,0.22385018098756623,0.1431186614574299,0.1811918294636331,0.11387487505974365,0.33796445303162714,0.0
,,,,,,,,,,,,,,,,,,,,,,,,,,,,,,,,,,,,,,,,,,,
"SWAN
(WA)",RAW,,,,,,,,"SWAN
(WA)",HELPER,,,,,,,,,,,,,,,,,,,,,,,,,,,,,,,,,
,ALP,LNP,GRN,ON,IND,OTH,PrefRow,,,ALP,LNP,GRN,ON,IND,OTH,,,ALP,LNP,GRN,ON,IND,OTH,,,ALP,LNP,GRN,ON,IND,OTH,ALP,LNP,GRN,ON,IND,OTH,ALP,LNP,GRN,ON,IND,OTH
Index,1,2,3,4,5,6,123.0,,Index,1,2,3,4,5,6,,,,,,,,,,,,,,,,,,,,,,,,,,,,
ALP,0.0,0,0,0,0,0,,,ALP,0,0,0,0,0,0,,ALP,0,0.5566114074,0.2901589945,0.1532295981,0,0,1,,0.6177650381,0.13685440355979062,0.1726504802300699,0.07273007815787928,0.0,0.0,0.6177650381,0.6934658109549823,0.4628094747791734,0.22595967621358415,0.0,0.0,0,0.34673290547749114,0.2314047373895867,0.11297983810679207,0.0,0.0
LNP,0,0.0,0,0,0,0,,,LNP,0,0,0,0,0,0,,LNP,0.6219025009,0,0.2474316931,0.130665806,0,0,1,,0.23161157861868087,0.4628599635786724,0.21023458755635083,0.09529387024629601,0.0,0.0,0.8535140795418578,0.4628599635786724,0.4576662806658859,0.22595967621358415,0.0,0.0,0.4267570397709289,0.0,0.22883314033294294,0.11297983810679207,0.0,0.0
GRN,0.8596298245,0.1403701755,0.0,0,0,0,,,GRN,0.8596298245,0.1403701755,0,0,0,0,,GRN,0.8596298245,0.1403701755,0,0,0,0,1,,0.08729656321246948,0.4784797664413016,0.28416135574642837,0.15006231459980054,0.0,0.0,0.9469263876899672,0.6188499419638038,0.28416135574642837,0.15006231459980054,0.0,0.0,0.4734631938449836,0.3094249709819019,0.0,0.07503115729990027,0.0,0.0
ON,0.1447350021,0.6273248497,0.2279401482,0.0,0,0,,,ON,0.1447350021,0.6273248497,0.2279401482,0,0,0,,ON,0.1447350021,0.6273248497,0.2279401482,0,0,0,1,,0.5860790425170874,0.11255715183270901,0.19721621236857728,0.10414759328162622,0.0,0.0,0.7308140446146961,0.7398820015040836,0.42515636059959394,0.10414759328162622,0.0,0.0,0.36540702230734806,0.3699410007520418,0.21257818029979697,0.0,0.0,0.0
IND,0,0,0,0,0.0,0,,,IND,0,0,0,0,0,0,,IND,0.4217295397,0.3218719347,0.1677903753,0.0886081502,0,0,1,,0.3572352728953781,0.3138783315842545,0.22220729188777671,0.10667910363259071,0.0,0.0,0.7789648126218436,0.6357502663321718,0.3899976672181928,0.19528725382779183,0.0,0.0,0.3894824063109218,0.3178751331660859,0.1949988336090964,0.09764362691389591,0.0,0.0
OTH,0.2608237926,0.197920779,0.2754309778,0.2658244506,0,0.0,,,OTH,0.2608237926,0.197920779,0.2754309778,0.2658244506,0,0,,OTH,0.2608237926,0.197920779,0.2754309778,0.2658244506,0,0,1,,0.3983302129565772,0.35059807647875296,0.18524430754832447,0.06582740301634536,0.0,0.0,0.6591540055608673,0.548518855528628,0.46067528530855606,0.33165185360194877,0.0,0.0,0.32957700278043367,0.274259427764314,0.23033764265427803,0.16582592680097438,0.0,0.0
,,,,,,,,,,,,,,,,,,,,,,,,,,,,,,,,,,,,,,,,,,,
"TANGNEY
(WA)",RAW,,,,,,,,"TANGNEY
(WA)",HELPER,,,,,,,,,,,,,,,,,,,,,,,,,,,,,,,,,
,ALP,LNP,GRN,ON,IND,OTH,PrefRow,,,ALP,LNP,GRN,ON,IND,OTH,,,ALP,LNP,GRN,ON,IND,OTH,,,ALP,LNP,GRN,ON,IND,OTH,ALP,LNP,GRN,ON,IND,OTH,ALP,LNP,GRN,ON,IND,OTH
Index,1,2,3,4,5,6,124.0,,Index,1,2,3,4,5,6,,,,,,,,,,,,,,,,,,,,,,,,,,,,
ALP,0.0,0,0,0,0,0,,,ALP,0,0,0,0,0,0,,ALP,0,0.6301633484,0.2391369314,0.1306997202,0,0,1,,0.6042730182,0.13316572134468252,0.179773281879747,0.08278797862075202,0.0,0.0,0.6042730182,0.7633290697429873,0.418910213322296,0.21348769877989837,0.0,0.0,0,0.38166453487149365,0.209455106661148,0.10674384938994919,0.0,0.0
LNP,0,0.0,0,0,0,0,,,LNP,0,0,0,0,0,0,,LNP,0.6282513248,0,0.2403732487,0.1313754264,0,0,1,,0.2094493252458653,0.5297551351171074,0.17868326729406078,0.08211227234296672,0.0,0.0,0.8377006500611197,0.5297551351171074,0.41905651604187477,0.21348769877989837,0.0,0.0,0.41885032503055986,0.0,0.20952825802093739,0.10674384938994919,0.0,0.0
GRN,0.7921341816,0.2078658184,0.0,0,0,0,,,GRN,0.7921341816,0.2078658184,0,0,0,0,,GRN,0.7921341816,0.2078658184,0,0,0,0,1,,0.1305919757886654,0.49917392826276363,0.23939391955100026,0.1308401763975709,0.0,0.0,0.9227261573965313,0.7070397466548979,0.23939391955100026,0.1308401763975709,0.0,0.0,0.46136307869826565,0.35351987332744894,0.0,0.06542008819878545,0.0,0.0
ON,0.1449392713,0.6385425101,0.2165182186,0.0,0,0,,,ON,0.1449392713,0.6385425101,0.2165182186,0,0,0,,ON,0.1449392713,0.6385425101,0.2165182186,0,0,0,1,,0.5726766598471684,0.13634215319947632,0.18814887019493307,0.10283231675842225,0.0,0.0,0.7176159311022292,0.7748846633209338,0.40466708881841484,0.10283231675842225,0.0,0.0,0.3588079655511146,0.3874423316604669,0.20233354440920742,0.0,0.0,0.0
IND,0,0,0,0,0.0,0,,,IND,0,0,0,0,0,0,,IND,0.384622968,0.387788051,0.1471593751,0.08042960587,0,0,1,,0.3718557364106823,0.32432242376672293,0.20260590496778136,0.10121593485481349,0.0,0.0,0.7564787044423105,0.7121104747593228,0.3497652800729212,0.18164554072544575,0.0,0.0,0.37823935222115523,0.3560552373796614,0.1748826400364606,0.09082277036272288,0.0,0.0
OTH,0.2167954512,0.3169558245,0.2249599067,0.2412888176,0,0.0,,,OTH,0.2167954512,0.3169558245,0.2249599067,0.2412888176,0,0,,OTH,0.2167954512,0.3169558245,0.2249599067,0.2412888176,0,0,1,,0.4122985735962131,0.3374511898379289,0.18027492515741073,0.0699753114084473,0.0,0.0,0.6290940248281711,0.6544070143021365,0.40523483184934833,0.31126412902034406,0.0,0.0,0.31454701241408556,0.3272035071510683,0.20261741592467417,0.15563206451017203,0.0,0.0
,,,,,,,,,,,,,,,,,,,,,,,,,,,,,,,,,,,,,,,,,,,
"BULLWINKEL
(WA)",RAW,,,,,,,,"BULLWINKEL
(WA)",HELPER,,,,,,,,,,,,,,,,,,,,,,,,,,,,,,,,,
,ALP,LNP,GRN,ON,IND,OTH,PrefRow,,,ALP,LNP,GRN,ON,IND,OTH,,,ALP,LNP,GRN,ON,IND,OTH,,,ALP,LNP,GRN,ON,IND,OTH,ALP,LNP,GRN,ON,IND,OTH,ALP,LNP,GRN,ON,IND,OTH
Index,1,2,3,4,5,6,125.0,,Index,1,2,3,4,5,6,,,,,,,,,,,,,,,,,,,,,,,,,,,,
ALP,0.0,0,0,0,0,0,,,ALP,0,0,0,0,0,0,,ALP,0,0.6660335636,0.1584258961,0.1755405403,0,0,1,,0.5103121087,0.18762909324897717,0.1541541561277953,0.1479046418957783,0.0,0.0,0.5103121087,0.8536626568314222,0.3125800521975632,0.3234451822435654,0.0,0.0,0,0.426831328415711,0.15629002609878156,0.16172259112178267,0.0,0.0
LNP,0,0.0,0,0,0,0,,,LNP,0,0,0,0,0,0,,LNP,0.5775152078,0,0.2004169416,0.2220678506,0,0,1,,0.15897600102543868,0.6220050063078513,0.11764166102849928,0.10137733163821089,0.0,0.0,0.7364912088364579,0.6220050063078513,0.31805860261212554,0.32344518224356544,0.0,0.0,0.3682456044182289,0.0,0.15902930130606274,0.1617225911217827,0.0,0.0
GRN,0.6879351901,0.3120648099,0.0,0,0,0,,,GRN,0.6879351901,0.3120648099,0,0,0,0,,GRN,0.6879351901,0.3120648099,0,0,0,0,1,,0.18022217351413772,0.4581879262057862,0.17152982370367884,0.19006007657639729,0.0,0.0,0.8681573636587547,0.7702527360611692,0.17152982370367884,0.19006007657639729,0.0,0.0,0.43407868182937726,0.3851263680305845,0.0,0.09503003828819861,0.0,0.0
ON,0.0950256156,0.787225252,0.1177491324,0.0,0,0,,,ON,0.0950256156,0.787225252,0.1177491324,0,0,0,,ON,0.0950256156,0.787225252,0.1177491324,0,0,0,1,,0.5356383267866187,0.10003560999535056,0.17282779564926792,0.19149826756876284,0.0,0.0,0.6306639423873459,0.8872608620198094,0.29057692802408197,0.19149826756876284,0.0,0.0,0.3153319711936729,0.44363043100990457,0.14528846401204096,0.0,0.0,0.0
IND,0,0,0,0,0.0,0,,,IND,0,0,0,0,0,0,,IND,0.3134297161,0.4572788528,0.1087705124,0.1205209186,0,0,1,,0.3503651293765564,0.3375752705572448,0.15549304636497757,0.15656655370122136,0.0,0.0,0.6637948454570706,0.794854123405951,0.2642635588097971,0.2770874723271815,0.0,0.0,0.33189742272853523,0.39742706170297537,0.1321317794048985,0.13854373616359072,0.0,0.0
OTH,0.1573283425,0.2725464967,0.208562405,0.3615627559,0,0.0,,,OTH,0.1573283425,0.2725464967,0.208562405,0.3615627559,0,0,,OTH,0.1573283425,0.2725464967,0.208562405,0.3615627559,0,0,1,,0.3352348878289127,0.45450227547059757,0.1221215197419859,0.08814131695850388,0.0,0.0,0.49256323032511107,0.7270487721368744,0.3306839247016303,0.44970407283638436,0.0,0.0,0.24628161516255548,0.3635243860684371,0.16534196235081514,0.22485203641819212,0.0,0.0
,,,,,,,,,,,,,,,,,,,,,,,,,,,,,,,,,,,,,,,,,,,
HASLUCK (WA),RAW,,,,,,,,HASLUCK (WA),HELPER,,,,,,,,,,,,,,,,,,,,,,,,,,,,,,,,,
,ALP,LNP,GRN,ON,IND,OTH,PrefRow,,,ALP,LNP,GRN,ON,IND,OTH,,,ALP,LNP,GRN,ON,IND,OTH,,,ALP,LNP,GRN,ON,IND,OTH,ALP,LNP,GRN,ON,IND,OTH,ALP,LNP,GRN,ON,IND,OTH
Index,1,2,3,4,5,6,126.0,,Index,1,2,3,4,5,6,,,,,,,,,,,,,,,,,,,,,,,,,,,,
ALP,0.0,0,0,0,0,0,,,ALP,0,0,0,0,0,0,,ALP,0,0.5423295342,0.2773781337,0.1802923321,0,0,1,,0.5637715455,0.16454178084800514,0.18302346546875325,0.08866320818293755,0.0,0.0,0.5637715455,0.7068713150107566,0.4604015991569272,0.2689555403320121,0.0,0.0,0,0.3534356575053783,0.2302007995784636,0.13447777016600604,0.0,0.0
LNP,0,0.0,0,0,0,0,,,LNP,0,0,0,0,0,0,,LNP,0.5849926227,0,0.2515215212,0.1634858561,0,0,1,,0.2235333615956234,0.46646231495328044,0.20453463922281964,0.10546968422827648,0.0,0.0,0.8085259842495308,0.46646231495328044,0.4560561604651767,0.2689555403320121,0.0,0.0,0.4042629921247654,0.0,0.22802808023258836,0.13447777016600604,0.0,0.0
GRN,0.770064301,0.229935699,0.0,0,0,0,,,GRN,0.770064301,0.229935699,0,0,0,0,,GRN,0.770064301,0.229935699,0,0,0,0,1,,0.1345106875856984,0.4176286136497397,0.2714327754322948,0.17642792333226698,0.0,0.0,0.9045749886097517,0.6475643126256864,0.2714327754322948,0.17642792333226698,0.0,0.0,0.45228749430487586,0.3237821563128432,0.0,0.08821396166613349,0.0,0.0
ON,0.1825577934,0.55888481,0.2585573966,0.0,0,0,,,ON,0.1825577934,0.55888481,0.2585573966,0,0,0,,ON,0.1825577934,0.55888481,0.2585573966,0,0,0,1,,0.5260493116259692,0.15845805877475738,0.19120909764306354,0.1242835319562099,0.0,0.0,0.7086071050578573,0.7173428687757496,0.4497664942101833,0.1242835319562099,0.0,0.0,0.35430355252892864,0.3586714343878748,0.22488324710509164,0.0,0.0,0.0
IND,0,0,0,0,0.0,0,,,IND,0,0,0,0,0,0,,IND,0.3921454234,0.3296574894,0.168605568,0.1095915192,0,0,1,,0.3426911141122646,0.31268951931150535,0.22002421678356682,0.12459514979266319,0.0,0.0,0.7348365374713799,0.6423470086998528,0.3886297848060305,0.23418666902273663,0.0,0.0,0.36741826873568995,0.3211735043499264,0.19431489240301525,0.11709333451136832,0.0,0.0
OTH,0.2238141756,0.2001519592,0.2472593075,0.3287745577,0,0.0,,,OTH,0.2238141756,0.2001519592,0.2472593075,0.3287745577,0,0,,OTH,0.2238141756,0.2001519592,0.2472593075,0.3287745577,0,0,1,,0.3675133431251262,0.3619818855100191,0.19743077727534208,0.07307399408951265,0.0,0.0,0.5913275187465308,0.5621338446981229,0.44469008477561345,0.401848551779733,0.0,0.0,0.2956637593732654,0.28106692234906144,0.22234504238780672,0.2009242758898665,0.0,0.0
,,,,,,,,,,,,,,,,,,,,,,,,,,,,,,,,,,,,,,,,,,,
PEARCE (WA),RAW,,,,,,,,PEARCE (WA),HELPER,,,,,,,,,,,,,,,,,,,,,,,,,,,,,,,,,
,ALP,LNP,GRN,ON,IND,OTH,PrefRow,,,ALP,LNP,GRN,ON,IND,OTH,,,ALP,LNP,GRN,ON,IND,OTH,,,ALP,LNP,GRN,ON,IND,OTH,ALP,LNP,GRN,ON,IND,OTH,ALP,LNP,GRN,ON,IND,OTH
Index,1,2,3,4,5,6,127.0,,Index,1,2,3,4,5,6,,,,,,,,,,,,,,,,,,,,,,,,,,,,
ALP,0.0,0,0,0,0,0,,,ALP,0,0,0,0,0,0,,ALP,0,0.5698836201,0.2894848573,0.1406315226,0,0,1,,0.5354183821,0.17016118913686318,0.2105206068117058,0.08389982191464443,0.0,0.0,0.5354183821,0.7400448092368529,0.5000054641138405,0.22453134451252,0.0,0.0,0,0.37002240461842645,0.25000273205692025,0.11226567225626,0.0,0.0
LNP,0,0.0,0,0,0,0,,,LNP,0,0,0,0,0,0,,LNP,0.549724655,0,0.3030526157,0.1472227293,0,0,1,,0.23255067038429283,0.49141548726182105,0.19872522710655127,0.07730861524733483,0.0,0.0,0.7822753254205079,0.49141548726182105,0.501777842805151,0.22453134451252,0.0,0.0,0.39113766271025396,0.0,0.2508889214025755,0.11226567225626,0.0,0.0
GRN,0.6869122257,0.3130877743,0.0,0,0,0,,,GRN,0.6869122257,0.3130877743,0,0,0,0,,GRN,0.6869122257,0.3130877743,0,0,0,0,1,,0.17211206872019427,0.3914600258758942,0.29373275658065173,0.14269514882325973,0.0,0.0,0.8590242944255234,0.704547800170565,0.29373275658065173,0.14269514882325973,0.0,0.0,0.4295121472127617,0.3522739000852825,0.0,0.07134757441162987,0.0,0.0
ON,0.1656002694,0.5654992423,0.2689004883,0.0,0,0,,,ON,0.1656002694,0.5654992423,0.2689004883,0,0,0,,ON,0.1656002694,0.5654992423,0.2689004883,0,0,0,1,,0.49557990880460323,0.17856233640628544,0.21931479491166805,0.10654295987744317,0.0,0.0,0.6611801782102271,0.7440615787029683,0.48821528320936125,0.10654295987744317,0.0,0.0,0.33059008910511356,0.37203078935148415,0.24410764160468063,0.0,0.0,0.0
IND,0,0,0,0,0.0,0,,,IND,0,0,0,0,0,0,,IND,0.3443110155,0.3736664121,0.1898120321,0.09221054024,0,0,1,,0.35106793525004787,0.30779002527174226,0.23770886808859998,0.1034331713896097,0.0,0.0,0.6953789507796593,0.6814564374014132,0.427520900192592,0.1956437116263352,0.0,0.0,0.34768947538982964,0.3407282187007066,0.213760450096296,0.0978218558131676,0.0,0.0
OTH,0.1804205515,0.2424122198,0.300535608,0.2766316207,0,0.0,,,OTH,0.1804205515,0.2424122198,0.300535608,0.2766316207,0,0,,OTH,0.1804205515,0.2424122198,0.300535608,0.2766316207,0,0,1,,0.38551182822534635,0.3533477135330473,0.20007905277348018,0.06106140546812619,0.0,0.0,0.5659323797032277,0.5957599333307064,0.5006146607877631,0.33769302617830277,0.0,0.0,0.28296618985161387,0.2978799666653532,0.25030733039388153,0.16884651308915138,0.0,0.0
,,,,,,,,,,,,,,,,,,,,,,,,,,,,,,,,,,,,,,,,,,,
MOORE (WA),RAW,,,,,,,,MOORE (WA),HELPER,,,,,,,,,,,,,,,,,,,,,,,,,,,,,,,,,
,ALP,LNP,GRN,ON,IND,OTH,PrefRow,,,ALP,LNP,GRN,ON,IND,OTH,,,ALP,LNP,GRN,ON,IND,OTH,,,ALP,LNP,GRN,ON,IND,OTH,ALP,LNP,GRN,ON,IND,OTH,ALP,LNP,GRN,ON,IND,OTH
Index,1,2,3,4,5,6,128.0,,Index,1,2,3,4,5,6,,,,,,,,,,,,,,,,,,,,,,,,,,,,
ALP,0.0,0,0,0,0,0,,,ALP,0,0,0,0,0,0,,ALP,0,0.5112457024,0.09934181046,0.05501245887,0.2324830008,0.1019170274,1,,0.4666666265,0.18614015395189143,0.07225605403915536,0.04186552672033158,0.16791931524030163,0.06515232358619369,0.4666666265,0.6973858563598898,0.17159786449951858,0.0968779855860028,0.4004023160578407,0.16706935103462167,0,0.3486929281799449,0.08579893224975929,0.0484389927930014,0.20020115802892036,0.08353467551731084
LNP,0,0.0,0,0,0,0,,,LNP,0,0,0,0,0,0,,LNP,0.5253696256,0,0.09647105085,0.05342271992,0.2257647539,0.09897184973,1,,0.19234977041090404,0.44935407655802756,0.07446402404014461,0.04303470471566226,0.17312048392504015,0.06767694035022132,0.7177193959961211,0.44935407655802756,0.1709350748854195,0.09645742463348846,0.3988852378448359,0.1666487900821073,0.35885969799806056,0.0,0.08546753744270975,0.04822871231674423,0.19944261892241796,0.08332439504105366
GRN,0.7312378004,0.1109914518,0.0,0,0.1577707478,0,,,GRN,0.7312378004,0.1109914518,0,0,0.1577707478,0,,GRN,0.7312378004,0.1109914518,0,0,0.1577707478,0,1,,0.13008105534371028,0.45984341282284547,0.08334994895909299,0.04615665465848742,0.19505831595177278,0.08551061226409111,0.8613188557071754,0.5708348646637286,0.08334994895909299,0.04615665465848742,0.3528290637474247,0.08551061226409111,0.4306594278535877,0.2854174323318643,0.0,0.02307832732924371,0.17641453187371234,0.042755306132045555
ON,0.05454280298,0.4262797142,0.07131398571,0.0,0.1833163191,0.2645471781,,,ON,0.05454280298,0.4262797142,0.07131398571,0,0.1833163191,0.2645471781,,ON,0.05454280298,0.4262797142,0.07131398571,0,0.1833163191,0.2645471781,1,,0.4027747577689694,0.2004536382831162,0.09589295767366378,0.06354995605900962,0.18958015805365203,0.04774853216158888,0.4573175607440314,0.6267333524438279,0.16720694338169936,0.06354995605900962,0.37289647714363305,0.31229571022779856,0.2286587803720157,0.31336667622191394,0.08360347169084968,0.0,0.18644823857181653,0.15614785511389928
IND,0.4548974943,0.5451025057,0,0,0.0,0,,,IND,0.4548974943,0.5451025057,0,0,0,0,,IND,0.4548974943,0.5451025057,0,0,0,0,1,,0.28638029932242015,0.23256438899972046,0.09777695220093124,0.05414588818180035,0.22882086759970316,0.10031160369542458,0.7412777936276593,0.7776668946944812,0.09777695220093124,0.05414588818180035,0.22882086759970316,0.10031160369542458,0.37063889681382967,0.3888334473472406,0.04888847610046562,0.027072944090900174,0.0,0.05015580184771229
OTH,0.1636106195,0.2446725664,0.1865486726,0.1427964602,0.2623716814,0.0,,,OTH,0.1636106195,0.2446725664,0.1865486726,0.1427964602,0.2623716814,0,,OTH,0.1636106195,0.2446725664,0.1865486726,0.1427964602,0.2623716814,0,1,,0.3920957152195509,0.3082412292695611,0.05004057945970104,0.022071696458376887,0.1488839745474111,0.07866680504539894,0.5557063346885774,0.5529137956412425,0.23658925202607273,0.16486815663536805,0.4112556559633403,0.07866680504539894,0.2778531673442887,0.2764568978206213,0.11829462601303636,0.08243407831768403,0.20562782798167015,0.0
,,,,,,,,,,,,,,,,,,,,,,,,,,,,,,,,,,,,,,,,,,,
BRAND (WA),RAW,,,,,,,,BRAND (WA),HELPER,,,,,,,,,,,,,,,,,,,,,,,,,,,,,,,,,
,ALP,LNP,GRN,ON,IND,OTH,PrefRow,,,ALP,LNP,GRN,ON,IND,OTH,,,ALP,LNP,GRN,ON,IND,OTH,,,ALP,LNP,GRN,ON,IND,OTH,ALP,LNP,GRN,ON,IND,OTH,ALP,LNP,GRN,ON,IND,OTH
Index,1,2,3,4,5,6,129.0,,Index,1,2,3,4,5,6,,,,,,,,,,,,,,,,,,,,,,,,,,,,
ALP,0.0,0,0,0,0,0,,,ALP,0,0,0,0,0,0,,ALP,0,0.4958830313,0.3455636492,0.1585533195,0,0,1,,0.5921275211,0.15852353005256536,0.18476547376701882,0.06458347512129782,0.0,0.0,0.5921275211,0.6544065613699666,0.5303291229781745,0.22313679459274088,0.0,0.0,0,0.32720328068498333,0.2651645614890873,0.11156839729637046,0.0,0.0
LNP,0,0.0,0,0,0,0,,,LNP,0,0,0,0,0,0,,LNP,0.5859067609,0,0.2838539063,0.1302393328,0,0,1,,0.2477299034863058,0.4207560837046111,0.23861655096729417,0.09289746184178878,0.0,0.0,0.8336366643884039,0.4207560837046111,0.5224704573142438,0.22313679459274088,0.0,0.0,0.416818332194202,0.0,0.26123522865712195,0.11156839729637046,0.0,0.0
GRN,0.7811213177,0.2188786823,0.0,0,0,0,,,GRN,0.7811213177,0.2188786823,0,0,0,0,,GRN,0.7811213177,0.2188786823,0,0,0,0,1,,0.12824249977299645,0.38734480685103306,0.3320567020083789,0.15235599136759156,0.0,0.0,0.9093638174796801,0.6062234891443495,0.3320567020083789,0.15235599136759156,0.0,0.0,0.4546819087398401,0.3031117445721748,0.0,0.0761779956837958,0.0,0.0
ON,0.1996752101,0.5227705994,0.2775541905,0.0,0,0,,,ON,0.1996752101,0.5227705994,0.2775541905,0,0,0,,ON,0.1996752101,0.5227705994,0.2775541905,0,0,0,1,,0.523098323633701,0.15976624392153058,0.21739097102040267,0.09974446142436563,0.0,0.0,0.7227735336880681,0.6825368433707998,0.49494516151676643,0.09974446142436563,0.0,0.0,0.3613867668440341,0.34126842168539995,0.24747258075838324,0.0,0.0,0.0
IND,0,0,0,0,0.0,0,,,IND,0,0,0,0,0,0,,IND,0.4163251606,0.2894344487,0.2016968075,0.09254358328,0,0,1,,0.3456099357659396,0.2989747785923458,0.251709799980966,0.1037054856607485,0.0,0.0,0.7619350963533766,0.588409227263945,0.4534066074411065,0.19624906894157185,0.0,0.0,0.3809675481766884,0.29420461363197253,0.22670330372055328,0.09812453447078594,0.0,0.0
OTH,0.268178954,0.1266540643,0.3275362319,0.2776307498,0,0.0,,,OTH,0.268178954,0.1266540643,0.3275362319,0.2776307498,0,0,,OTH,0.268178954,0.1266540643,0.3275362319,0.2776307498,0,0,1,,0.3854889838911216,0.34981328500447373,0.2056817269141163,0.05901600419028831,0.0,0.0,0.6536679378923818,0.47646734927668544,0.5332179587981742,0.33664675403275834,0.0,0.0,0.32683396894619093,0.23823367463834275,0.2666089793990872,0.1683233770163792,0.0,0.0
,,,,,,,,,,,,,,,,,,,,,,,,,,,,,,,,,,,,,,,,,,,
BURT (WA),RAW,,,,,,,,BURT (WA),HELPER,,,,,,,,,,,,,,,,,,,,,,,,,,,,,,,,,
,ALP,LNP,GRN,ON,IND,OTH,PrefRow,,,ALP,LNP,GRN,ON,IND,OTH,,,ALP,LNP,GRN,ON,IND,OTH,,,ALP,LNP,GRN,ON,IND,OTH,ALP,LNP,GRN,ON,IND,OTH,ALP,LNP,GRN,ON,IND,OTH
Index,1,2,3,4,5,6,130.0,,Index,1,2,3,4,5,6,,,,,,,,,,,,,,,,,,,,,,,,,,,,
ALP,0.0,0,0,0,0,0,,,ALP,0,0,0,0,0,0,,ALP,0,0.4496923124,0.1496599205,0.2517508895,0,0.1488968777,1,,0.4670496007,0.22082281951043614,0.08771800493052218,0.16793853544191234,0.0,0.056471039436956486,0.4670496007,0.6705151319028035,0.23737792540668334,0.41968942490468575,0.0,0.20536791710565416,0,0.33525756595140194,0.11868896270334174,0.20984471245234299,0.0,0.10268395855282714
LNP,0,0.0,0,0,0,0,,,LNP,0,0,0,0,0,0,,LNP,0.5358799745,0,0.1262205993,0.2123223641,0,0.1255770621,1,,0.1906622756379912,0.4272192675301814,0.10630883721063691,0.19601876461057144,0.0,0.07979085501061853,0.7265422501540237,0.4272192675301814,0.23252943646719193,0.4083411287429479,0.0,0.20536791710565416,0.3632711250770121,0.0,0.11626471823359603,0.20417056437147407,0.0,0.10268395855282714
GRN,0.7637817766,0.1096115396,0.0,0.1266066838,0,0,,,GRN,0.7637817766,0.1096115396,0,0.1266066838,0,0,,GRN,0.7637817766,0.1096115396,0,0.1266066838,0,0,1,,0.09587073742468913,0.4329413687043363,0.1281427541610848,0.21555572283897617,0.0,0.1274894168709133,0.8596525140599361,0.542552908264462,0.1281427541610848,0.3421624066436034,0.0,0.1274894168709133,0.4298262570299683,0.27127645413223117,0.0,0.1710812033218018,0.0,0.0637447084354567
ON,0.29328711,0.70671289,0,0.0,0,0,,,ON,0.29328711,0.70671289,0,0,0,0,,ON,0.29328711,0.70671289,0,0,0,0,1,,0.3787132854884183,0.1318889586865229,0.13309505003719338,0.22388624237771765,0.0,0.13241646341014748,0.6720003954789635,0.8386018486959776,0.13309505003719338,0.22388624237771765,0.0,0.13241646341014748,0.3360001977394819,0.41930092434798905,0.06654752501859673,0.0,0.0,0.06620823170507378
IND,0.2423255814,0.1055813953,0.1581395349,0.1297674419,0.0,0.3641860465,,,IND,0.2423255814,0.1055813953,0.1581395349,0.1297674419,0,0.3641860465,,IND,0.2423255814,0.1055813953,0.1581395349,0.1297674419,0,0.3641860465,1,,0.308184390791934,0.2828371624074923,0.1253119271909861,0.23432639572076674,0.0,0.04934012388882074,0.5505099721872828,0.3884185577563295,0.28345146207470706,0.36409383758123187,0.0,0.41352617040044864,0.2752549860936416,0.19420927887816486,0.14172573103735361,0.18204691879061605,0.0,0.20676308520022443
OTH,0.2547110833,0.1779941056,0.2079128338,0.3593819773,0,0.0,,,OTH,0.2547110833,0.1779941056,0.2079128338,0.3593819773,0,0,,OTH,0.2547110833,0.1779941056,0.2079128338,0.3593819773,0,0,1,,0.35958561184417814,0.39131113766518266,0.06058656314337107,0.12823902548547186,0.0,0.060277661861796186,0.614296695170069,0.569305243229173,0.2684993969381375,0.4876210028008242,0.0,0.060277661861796186,0.3071483475850347,0.28465262161458665,0.13424969846906884,0.24381050140041224,0.0,0.0
,,,,,,,,,,,,,,,,,,,,,,,,,,,,,,,,,,,,,,,,,,,
CANNING (WA),RAW,,,,,,,,CANNING (WA),HELPER,,,,,,,,,,,,,,,,,,,,,,,,,,,,,,,,,
,ALP,LNP,GRN,ON,IND,OTH,PrefRow,,,ALP,LNP,GRN,ON,IND,OTH,,,ALP,LNP,GRN,ON,IND,OTH,,,ALP,LNP,GRN,ON,IND,OTH,ALP,LNP,GRN,ON,IND,OTH,ALP,LNP,GRN,ON,IND,OTH
Index,1,2,3,4,5,6,131.0,,Index,1,2,3,4,5,6,,,,,,,,,,,,,,,,,,,,,,,,,,,,
ALP,0.0,0,0,0,0,0,,,ALP,0,0,0,0,0,0,,ALP,0,0.5597962594,0.1686553227,0.2715484179,0,0,1,,0.5236980423,0.2186929418044326,0.08674641323463722,0.17086260270779055,0.0,0.0,0.5236980423,0.778489201225893,0.25540173591118853,0.44241102060977866,0.0,0.0,0,0.38924460061294663,0.1277008679555943,0.22120551030488939,0.0,0.0
LNP,0,0.0,0,0,0,0,,,LNP,0,0,0,0,0,0,,LNP,0.595540341,0,0.1549606875,0.2494989714,0,0,1,,0.1748632636911095,0.5343165597577738,0.10044104838482298,0.19037912816629363,0.0,0.0,0.7704036047300324,0.5343165597577738,0.25540173591118853,0.439878099601005,0.0,0.0,0.38520180236501633,0.0,0.1277008679555943,0.21993904980050255,0.0,0.0
GRN,0.687723055,0.1273197716,0.0,0.1849571734,0,0,,,GRN,0.687723055,0.1273197716,0,0.1849571734,0,0,,GRN,0.687723055,0.1273197716,0,0.1849571734,0,0,1,,0.12645081037033215,0.5193152169568592,0.13571771308806044,0.21851625958474818,0.0,0.0,0.8141738653310745,0.6466349885485794,0.13571771308806044,0.40347343303228567,0.0,0.0,0.40708693266553736,0.32331749427428974,0.0,0.2017367165161429,0.0,0.0
ON,0.2737214742,0.7262785258,0,0.0,0,0,,,ON,0.2737214742,0.7262785258,0,0,0,0,,ON,0.2737214742,0.7262785258,0,0,0,0,1,,0.4325281609581001,0.15322825736740148,0.15870920324798543,0.2555343784265129,0.0,0.0,0.7062496351347232,0.8795067831907784,0.15870920324798543,0.2555343784265129,0.0,0.0,0.35312481756736164,0.4397533915953893,0.07935460162399273,0.0,0.0,0.0
IND,0,0,0,0,0.0,0,,,IND,0,0,0,0,0,0,,IND,0.3932668978,0.3396469211,0.1023287671,0.164757414,0,0,1,,0.3177449377712042,0.3528375853667188,0.1189584759563416,0.21045900090573527,0.0,0.0,0.7110118356115133,0.6924845064228926,0.22128724307962927,0.3752164148859647,0.0,0.0,0.3555059178057567,0.34624225321144636,0.11064362153981466,0.1876082074429824,0.0,0.0
OTH,0.2183561644,0.1653424658,0.3069863014,0.3093150685,0,0.0,,,OTH,0.2183561644,0.1653424658,0.3069863014,0.3093150685,0,0,,OTH,0.2183561644,0.1653424658,0.3069863014,0.3093150685,0,0,1,,0.3942558419851806,0.3859692817758956,0.062448511532978916,0.1573263647059448,0.0,0.0,0.6126120063687422,0.5513117475293203,0.3694348129028419,0.46664143319909546,0.0,0.0,0.3063060031843712,0.2756558737646602,0.18471740645142098,0.23332071659954778,0.0,0.0
,,,,,,,,,,,,,,,,,,,,,,,,,,,,,,,,,,,,,,,,,,,
DURACK (WA),RAW,,,,,,,,DURACK (WA),HELPER,,,,,,,,,,,,,,,,,,,,,,,,,,,,,,,,,
,ALP,LNP,GRN,ON,IND,OTH,PrefRow,,,ALP,LNP,GRN,ON,IND,OTH,,,ALP,LNP,GRN,ON,IND,OTH,,,ALP,LNP,GRN,ON,IND,OTH,ALP,LNP,GRN,ON,IND,OTH,ALP,LNP,GRN,ON,IND,OTH
Index,1,2,3,4,5,6,132.0,,Index,1,2,3,4,5,6,,,,,,,,,,,,,,,,,,,,,,,,,,,,
ALP,0.0,0,0,0,0,0,,,ALP,0,0,0,0,0,0,,ALP,0,0.7122727933,0.1016340643,0.1860931423,0,0,1,,0.5302579387,0.18918118768717096,0.0958892349086758,0.18467163871465433,0.0,0.0,0.5302579387,0.9014539810143356,0.19752329924183787,0.37076478105432786,0.0,0.0,0,0.4507269905071676,0.09876164962091889,0.18538239052716385,0.0,0.0
LNP,0,0.0,0,0,0,0,,,LNP,0,0,0,0,0,0,,LNP,0.6188770216,0,0.1346243122,0.2464986662,0,0,1,,0.11848356418196013,0.6913983508020414,0.0628989870302784,0.12721909798572067,0.0,0.0,0.7373605858082137,0.6913983508020414,0.19752329924183787,0.37371776414790797,0.0,0.0,0.3686802929041067,0.0,0.09876164962091889,0.1868588820739539,0.0,0.0
GRN,0.6515701773,0.2589190344,0.0,0.08951078829,0,0,,,GRN,0.6515701773,0.2589190344,0,0.08951078829,0,0,,GRN,0.6515701773,0.2589190344,0,0.08951078829,0,0,1,,0.17141120140928395,0.5424343379752219,0.10107852224237437,0.18507593837312014,0.0,0.0,0.8229813787218241,0.801353372369582,0.10107852224237437,0.2745867266662199,0.0,0.0,0.4114906893609119,0.40067668618479085,0.0,0.1372933633331099,0.0,0.0
ON,0.1248135646,0.8751864354,0,0.0,0,0,,,ON,0.1248135646,0.8751864354,0,0,0,0,,ON,0.1248135646,0.8751864354,0,0,0,0,1,,0.5416327744808149,0.08890130633410721,0.13050668177536734,0.2389592374097109,0.0,0.0,0.6664463391248215,0.9640877416901006,0.13050668177536734,0.2389592374097109,0.0,0.0,0.3332231695624106,0.48204387084505007,0.06525334088768364,0.0,0.0,0.0
IND,0,0,0,0,0.0,0,,,IND,0,0,0,0,0,0,,IND,0.3184383173,0.4854578436,0.06926988391,0.1268339552,0,0,1,,0.36140349297928687,0.35575359836017184,0.09771860872355681,0.18512429993698493,0.0,0.0,0.6798418102396114,0.8412114419499233,0.16698849263413917,0.31195825517632675,0.0,0.0,0.33992090511980555,0.42060572097496146,0.08349424631706955,0.15597912758816332,0.0,0.0
OTH,0.1789312098,0.322268061,0.2078096517,0.2909910774,0,0.0,,,OTH,0.1789312098,0.322268061,0.2078096517,0.2909910774,0,0,,OTH,0.1789312098,0.322268061,0.2078096517,0.2909910774,0,0,1,,0.37116650304776166,0.4359251507711862,0.061570622152928675,0.1313377240281236,0.0,0.0,0.5500977128721884,0.7581932117900867,0.2693802738846758,0.42232880145304924,0.0,0.0,0.2750488564360941,0.3790966058950432,0.13469013694233783,0.21116440072652454,0.0,0.0
,,,,,,,,,,,,,,,,,,,,,,,,,,,,,,,,,,,,,,,,,,,
O'CONNOR (WA),RAW,,,,,,,,O'CONNOR (WA),HELPER,,,,,,,,,,,,,,,,,,,,,,,,,,,,,,,,,
,ALP,LNP,GRN,ON,IND,OTH,PrefRow,,,ALP,LNP,GRN,ON,IND,OTH,,,ALP,LNP,GRN,ON,IND,OTH,,,ALP,LNP,GRN,ON,IND,OTH,ALP,LNP,GRN,ON,IND,OTH,ALP,LNP,GRN,ON,IND,OTH
Index,1,2,3,4,5,6,133.0,,Index,1,2,3,4,5,6,,,,,,,,,,,,,,,,,,,,,,,,,,,,
ALP,0.0,0,0,0,0,0,,,ALP,0,0,0,0,0,0,,ALP,0,0.693516818,0.09875806872,0.2077251133,0,0,1,,0.4739502542,0.21541476812824253,0.09791962879989224,0.21271534885067417,0.0,0.0,0.4739502542,0.9089315861385031,0.19667769752451747,0.42044046211578834,0.0,0.0,0,0.45446579306925156,0.09833884876225873,0.21022023105789417,0.0,0.0
LNP,0,0.0,0,0,0,0,,,LNP,0,0,0,0,0,0,,LNP,0.5618257816,0,0.1411928684,0.29698135,0,0,1,,0.12054330373301941,0.6976107578102275,0.05548482915136214,0.1263611093053908,0.0,0.0,0.682369085341556,0.6976107578102275,0.19667769752451747,0.4233424593236989,0.0,0.0,0.341184542670778,0.0,0.09833884876225873,0.21167122966184945,0.0,0.0
GRN,0.62606855,0.3055442481,0.0,0.06838720182,0,0,,,GRN,0.62606855,0.3055442481,0,0.06838720182,0,0,,GRN,0.62606855,0.3055442481,0,0.06838720182,0,0,1,,0.17906524165074617,0.4951736648766284,0.10496998970095417,0.2207911037716713,0.0,0.0,0.8051337916792409,0.800717913024475,0.10496998970095417,0.28917830559533003,0.0,0.0,0.40256689583962046,0.4003589565122375,0.0,0.14458915279766502,0.0,0.0
ON,0.1082454819,0.8917545181,0,0.0,0,0,,,ON,0.1082454819,0.8917545181,0,0,0,0,,ON,0.1082454819,0.8917545181,0,0,0,0,1,,0.5010106791189077,0.07507006219049318,0.13659949303469435,0.2873197656559047,0.0,0.0,0.6092561610466186,0.9668245802627823,0.13659949303469435,0.2873197656559047,0.0,0.0,0.3046280805233093,0.48341229013139114,0.06829974651734717,0.0,0.0,0.0
IND,0,0,0,0,0.0,0,,,IND,0,0,0,0,0,0,,IND,0.2821104266,0.4978684926,0.07089738783,0.1491236929,0,0,1,,0.34024394581563683,0.350292341378829,0.09815616144473721,0.21130755136079699,0.0,0.0,0.6223543724157119,0.8481608340058884,0.16905354927125887,0.3604312443071409,0.0,0.0,0.31117718620785595,0.4240804170029442,0.08452677463562944,0.18021562215357045,0.0,0.0
OTH,0.1120172478,0.2963067117,0.2126921635,0.378983877,0,0.0,,,OTH,0.1120172478,0.2963067117,0.2126921635,0.378983877,0,0,,OTH,0.1120172478,0.2963067117,0.2126921635,0.378983877,0,0,1,,0.34065591667725664,0.4806332970693654,0.0528990015985631,0.12581178465481488,0.0,0.0,0.45267316452127615,0.7769400087304078,0.26559116507812813,0.504795661670188,0.0,0.0,0.22633658226063808,0.3884700043652039,0.13279558253906407,0.252397830835094,0.0,0.0
,,,,,,,,,,,,,,,,,,,,,,,,,,,,,,,,,,,,,,,,,,,
FORREST (WA),RAW,,,,,,,,FORREST (WA),HELPER,,,,,,,,,,,,,,,,,,,,,,,,,,,,,,,,,
,ALP,LNP,GRN,ON,IND,OTH,PrefRow,,,ALP,LNP,GRN,ON,IND,OTH,,,ALP,LNP,GRN,ON,IND,OTH,,,ALP,LNP,GRN,ON,IND,OTH,ALP,LNP,GRN,ON,IND,OTH,ALP,LNP,GRN,ON,IND,OTH
Index,1,2,3,4,5,6,134.0,,Index,1,2,3,4,5,6,,,,,,,,,,,,,,,,,,,,,,,,,,,,
ALP,0.0,0,0,0,0,0,,,ALP,0,0,0,0,0,0,,ALP,0,0.4299520058,0.06932577919,0.1370898002,0.3636324148,0,1,,0.4851522523,0.20482212064310562,0.027736432458419148,0.05897606898325528,0.22344196823575152,0.0,0.4851522523,0.6347741264086242,0.09706221164996195,0.19606586921949942,0.5870743830424461,0.0,0,0.31736661803730365,0.04852797958992376,0.0980266196084381,0.2935182826947471,0.0
LNP,0,0.0,0,0,0,0,,,LNP,0,0,0,0,0,0,,LNP,0.4695465442,0,0.06451053161,0.1275677821,0.3383751422,0,1,,0.26359434988882047,0.3924780122178533,0.03255168004066024,0.06821136034056353,0.2432844909118699,0.0,0.7331408940498602,0.3924780122178533,0.09706221164996194,0.19577914240642963,0.5816596330756624,0.0,0.3665468336049812,0.0,0.048527979589923755,0.09788326543696389,0.2908110821127096,0.0
GRN,0.4546139765,0.07365134058,0.0,0.05954560138,0.4121890815,0,,,GRN,0.4546139765,0.07365134058,0,0.05954560138,0.4121890815,0,,GRN,0.4546139765,0.07365134058,0,0.05954560138,0.4121890815,0,1,,0.3107141930926515,0.3697623435696531,0.03626775528883989,0.0717184773910278,0.2116832778822587,0.0,0.7653281696189786,0.4434136841532646,0.03626775528883989,0.1312640787692985,0.6238723593940494,0.0,0.3826394346834159,0.2216925603558608,0.0,0.06562781155635411,0.3119160856603444,0.0
ON,0.096390484,0.5433962264,0,0.0,0.3602132896,0,,,ON,0.096390484,0.5433962264,0,0,0.3602132896,0,,ON,0.096390484,0.5433962264,0,0,0.3602132896,0,1,,0.49144606241285504,0.16548796043882044,0.04173712485070363,0.0825340035834195,0.21892247982697516,0.0,0.5878365464161364,0.7088841868539147,0.04173712485070363,0.0825340035834195,0.5791357694085995,0.0,0.2938993398333997,0.35441926128086493,0.020867218132236322,0.0,0.28954923156921825,0.0
IND,0.6559897956,0.3443645254,0,0,0.0,0,,,IND,0.6559897956,0.3443645254,0,0,0,0,,IND,0.6559897956,0.3443645254,0,0,0,0,1.000354321,,0.16169517282716736,0.28204412836136517,0.0676921423187835,0.13385932875569487,0.35506354868090007,0.0,0.8176849683839827,0.6264086537484608,0.0676921423187835,0.13385932875569487,0.35506354868090007,0.0,0.4088161477282897,0.3131841511471353,0.03384389089227422,0.06692535296026095,0.0,0.0
OTH,0.1346015276,0.1817264736,0.1843205073,0.3049430754,0.1944084162,0.0,,,OTH,0.1346015276,0.1817264736,0.1843205073,0.3049430754,0.1944084162,0,,OTH,0.1346015276,0.1817264736,0.1843205073,0.3049430754,0.1944084162,0,1,,0.32604726423423125,0.30409992763120985,0.02105462719761211,0.05261041515614893,0.2962566487543295,0.0,0.4606487918318678,0.4858264011864772,0.20537513447531783,0.3575534905272399,0.49066506495262896,0.0,0.2303095590769869,0.24289755281949335,0.10268095239822385,0.17876522897692182,0.24531672885612768,0.0
,,,,,,,,,,,,,,,,,,,,,,,,,,,,,,,,,,,,,,,,,,,
,,,,,,,,,,,,,,,,,,,,,,,,,,,,,,,,,,,,,,,,,,,
QUEENSLAND,RAW,,,,,,,,QUEENSLAND,HELPER,,,,,,,,,,,,,,,,,,,,,,,,,,,,,,,,,
,ALP,LNP,GRN,ON,IND,OTH,PrefRow,,,ALP,LNP,GRN,ON,IND,OTH,,,ALP,LNP,GRN,ON,IND,OTH,,,ALP,LNP,GRN,ON,IND,OTH,ALP,LNP,GRN,ON,IND,OTH,ALP,LNP,GRN,ON,IND,OTH
Index,1,2,3,4,5,6,160.0,,Index,1,2,3,4,5,6,,,,,,,,,,,,,,,,,,,,,,,,,,,,
ALP,0.0,0,0,0,0,0,,,ALP,0,0,0,0,0,0,,ALP,0,0.3723889981,0.1512756947,0.1421574306,0.04803564858,0.286142228,1,,0.2756451444,0.16728791330492163,0.08499118198085187,0.11794172576802993,0.0326916855155634,0.32144234907827246,0.2756451444,0.5396769114157709,0.23626687670681384,0.2600991563921721,0.08072733409182947,0.6075845770410528,0,0.2698384557078855,0.11813343835340694,0.1300495781960861,0.04036366704591474,0.3037922885205265
LNP,0.1711790155,0.0,0,0,0,0.8288209845,,,LNP,0.1711790155,0,0,0,0,0.8288209845,,LNP,0.1711790155,0,0,0,0,0.8288209845,1,,0.13376688212334573,0.2088015482919492,0.1901383119571787,0.3507895171440085,0.06752219559728748,0.048981544886230334,0.3049458976603379,0.2088015482919492,0.1901383119571787,0.3507895171440085,0.06752219559728748,0.8778025293492381,0.152472948830169,0.0,0.09506915597858936,0.1753947585720043,0.033761097798643745,0.4389012646746191
GRN,0.7543424962,0.1704845312,0.0,0.01827380581,0.01316773671,0.04373143011,,,GRN,0.7543424962,0.1704845312,0,0.01827380581,0.01316773671,0.04373143011,,GRN,0.7543424962,0.1704845312,0,0.01827380581,0.01316773671,0.04373143011,1,,0.04592528248290993,0.30269973284968965,0.127432016985735,0.12513789996417563,0.040678838987923155,0.3581262287295665,0.8002677786910173,0.47318426400554164,0.127432016985735,0.1434117057777184,0.05384657569552148,0.40185765884446606,0.4001338893455087,0.23659213200277085,0.0,0.07170585288885921,0.026923287847760744,0.20092882942223306
ON,0.2156153873,0.5277993848,0.1498956971,0.0,0.07194250963,0.03474702118,,,ON,0.2156153873,0.5277993848,0.1498956971,0,0.07194250963,0.03474702118,,ON,0.2156153873,0.5277993848,0.1498956971,0,0.07194250963,0.03474702118,1,,0.24041032451073752,0.13647290626732514,0.049955525552137836,0.05077881422191611,0.014817050696975085,0.5075653787509083,0.4560257118458858,0.6642722910567747,0.19985122261397711,0.05077881422191611,0.08675956033173803,0.5423123999297084,0.22801285592294293,0.3321361455283874,0.09992561130698857,0.0,0.04337978016586902,0.27115619996485424
IND,0.4362022446,0.3411605991,0.1452899542,0.05146052477,0.0,0.02588667736,,,IND,0.4362022446,0.3411605991,0.1452899542,0.05146052477,0,0.02588667736,,IND,0.4362022446,0.3411605991,0.1452899542,0.05146052477,0,0.02588667736,1,,0.18327156226423952,0.21889800487888156,0.0788303352733074,0.07486060830630814,0.028420706172600698,0.4157187831046626,0.6194738068190434,0.5600586039482125,0.224120289521929,0.12632113307852885,0.028420706172600698,0.44160546045968546,0.30973690340952176,0.2800293019741063,0.11206014476096451,0.06316056653926444,0.0,0.22080273022984276
OTH,0.1613941788,0.1750153156,0.198164731,0.3938789609,0.0715468137,0.0,,,OTH,0.1613941788,0.1750153156,0.198164731,0.3938789609,0.0715468137,0,,OTH,0.1613941788,0.1750153156,0.198164731,0.3938789609,0.0715468137,0,1,,0.295578272739763,0.3261834648474315,0.09385081120429364,0.030246442162256266,0.03869869599421539,0.21544231305204012,0.4569724514960033,0.5011987804798042,0.29201554223572,0.42412540304547947,0.11024550969095284,0.21544231305204012,0.22848622574800168,0.25059939023990213,0.14600777111786004,0.21206270152273976,0.05512275484547643,0.0
,,,,,,,,,,,,,,,,,,,,,,,,,,,,,,,,,,,,,,,,,,,
,,,,,,,,,GIPPSLAND (VIC),HELPER,,,,,,,,,,,,,,,,,,,,,,,,,,,,,,,,,
,,,,,,,,,,ALP,LNP,GRN,ON,IND,OTH,,,ALP,LNP,GRN,ON,IND,OTH,,,ALP,LNP,GRN,ON,IND,OTH,ALP,LNP,GRN,ON,IND,OTH,ALP,LNP,GRN,ON,IND,OTH
,,,,,,,,,Index,1,2,3,4,5,6,,,,,,,,,,,,,,,,,,,,,,,,,,,,
,,,,,,,,,ALP,,,,,,,,ALP,0,0,0,0,0,0,0,,0,0.0,0.0,0.0,0.0,0.0,0,0.0,0.0,0.0,0.0,0.0,0,0.0,0.0,0.0,0.0,0.0
,,,,,,,,,LNP,,,,,,,,LNP,0,0,0,0,0,0,0,,0.0,0.0,0.0,0.0,0.0,0.0,0.0,0.0,0.0,0.0,0.0,0.0,0.0,0.0,0.0,0.0,0.0,0.0
,,,,,,,,,GRN,,,,,,,,GRN,0,0,0,0,0,0,0,,0.0,0.0,0.0,0.0,0.0,0.0,0.0,0.0,0.0,0.0,0.0,0.0,0.0,0.0,0.0,0.0,0.0,0.0
,,,,,,,,,ON,,,,,,,,ON,0,0,0,0,0,0,0,,0.0,0.0,0.0,0.0,0.0,0.0,0.0,0.0,0.0,0.0,0.0,0.0,0.0,0.0,0.0,0.0,0.0,0.0
,,,,,,,,,IND,,,,,,,,IND,0,0,0,0,0,0,0,,0.0,0.0,0.0,0.0,0.0,0.0,0.0,0.0,0.0,0.0,0.0,0.0,0.0,0.0,0.0,0.0,0.0,0.0
,,,,,,,,,OTH,,,,,,,,OTH,0,0,0,0,0,0,0,,0.0,0.0,0.0,0.0,0.0,0.0,0.0,0.0,0.0,0.0,0.0,0.0,0.0,0.0,0.0,0.0,0.0,0.0
,,,,,,,,,,,,,,,,,,,,,,,,,,,,,,,,,,,,,,,,,,,
,,,,,,,,,MONASH (VIC),HELPER,,,,,,,,,,,,,,,,,,,,,,,,,,,,,,,,,
,,,,,,,,,,ALP,LNP,GRN,ON,IND,OTH,,,ALP,LNP,GRN,ON,IND,OTH,,,ALP,LNP,GRN,ON,IND,OTH,ALP,LNP,GRN,ON,IND,OTH,ALP,LNP,GRN,ON,IND,OTH
,,,,,,,,,Index,1,2,3,4,5,6,,,,,,,,,,,,,,,,,,,,,,,,,,,,
,,,,,,,,,ALP,,,,,,,,ALP,0,0,0,0,0,0,0,,0,0.0,0.0,0.0,0.0,0.0,0,0.0,0.0,0.0,0.0,0.0,0,0.0,0.0,0.0,0.0,0.0
,,,,,,,,,LNP,,,,,,,,LNP,0,0,0,0,0,0,0,,0.0,0.0,0.0,0.0,0.0,0.0,0.0,0.0,0.0,0.0,0.0,0.0,0.0,0.0,0.0,0.0,0.0,0.0
,,,,,,,,,GRN,,,,,,,,GRN,0,0,0,0,0,0,0,,0.0,0.0,0.0,0.0,0.0,0.0,0.0,0.0,0.0,0.0,0.0,0.0,0.0,0.0,0.0,0.0,0.0,0.0
,,,,,,,,,ON,,,,,,,,ON,0,0,0,0,0,0,0,,0.0,0.0,0.0,0.0,0.0,0.0,0.0,0.0,0.0,0.0,0.0,0.0,0.0,0.0,0.0,0.0,0.0,0.0
,,,,,,,,,IND,,,,,,,,IND,0,0,0,0,0,0,0,,0.0,0.0,0.0,0.0,0.0,0.0,0.0,0.0,0.0,0.0,0.0,0.0,0.0,0.0,0.0,0.0,0.0,0.0
,,,,,,,,,OTH,,,,,,,,OTH,0,0,0,0,0,0,0,,0.0,0.0,0.0,0.0,0.0,0.0,0.0,0.0,0.0,0.0,0.0,0.0,0.0,0.0,0.0,0.0,0.0,0.0
,,,,,,,,,,,,,,,,,,,,,,,,,,,,,,,,,,,,,,,,,,,
,,,,,,,,,INDI (VIC),HELPER,,,,,,,,,,,,,,,,,,,,,,,,,,,,,,,,,
,,,,,,,,,,ALP,LNP,GRN,ON,IND,OTH,,,ALP,LNP,GRN,ON,IND,OTH,,,ALP,LNP,GRN,ON,IND,OTH,ALP,LNP,GRN,ON,IND,OTH,ALP,LNP,GRN,ON,IND,OTH
,,,,,,,,,Index,1,2,3,4,5,6,,,,,,,,,,,,,,,,,,,,,,,,,,,,
,,,,,,,,,ALP,,,,,,,,ALP,0,0,0,0,0,0,0,,0,0.0,0.0,0.0,0.0,0.0,0,0.0,0.0,0.0,0.0,0.0,0,0.0,0.0,0.0,0.0,0.0
,,,,,,,,,LNP,,,,,,,,LNP,0,0,0,0,0,0,0,,0.0,0.0,0.0,0.0,0.0,0.0,0.0,0.0,0.0,0.0,0.0,0.0,0.0,0.0,0.0,0.0,0.0,0.0
,,,,,,,,,GRN,,,,,,,,GRN,0,0,0,0,0,0,0,,0.0,0.0,0.0,0.0,0.0,0.0,0.0,0.0,0.0,0.0,0.0,0.0,0.0,0.0,0.0,0.0,0.0,0.0
,,,,,,,,,ON,,,,,,,,ON,0,0,0,0,0,0,0,,0.0,0.0,0.0,0.0,0.0,0.0,0.0,0.0,0.0,0.0,0.0,0.0,0.0,0.0,0.0,0.0,0.0,0.0
,,,,,,,,,IND,,,,,,,,IND,0,0,0,0,0,0,0,,0.0,0.0,0.0,0.0,0.0,0.0,0.0,0.0,0.0,0.0,0.0,0.0,0.0,0.0,0.0,0.0,0.0,0.0
,,,,,,,,,OTH,,,,,,,,OTH,0,0,0,0,0,0,0,,0.0,0.0,0.0,0.0,0.0,0.0,0.0,0.0,0.0,0.0,0.0,0.0,0.0,0.0,0.0,0.0,0.0,0.0
,,,,,,,,,,,,,,,,,,,,,,,,,,,,,,,,,,,,,,,,,,,
,,,,,,,,,MCEWEN (VIC),HELPER,,,,,,,,,,,,,,,,,,,,,,,,,,,,,,,,,
,,,,,,,,,,ALP,LNP,GRN,ON,IND,OTH,,,ALP,LNP,GRN,ON,IND,OTH,,,ALP,LNP,GRN,ON,IND,OTH,ALP,LNP,GRN,ON,IND,OTH,ALP,LNP,GRN,ON,IND,OTH
,,,,,,,,,Index,1,2,3,4,5,6,,,,,,,,,,,,,,,,,,,,,,,,,,,,
,,,,,,,,,ALP,,,,,,,,ALP,0,0,0,0,0,0,0,,0,0.0,0.0,0.0,0.0,0.0,0,0.0,0.0,0.0,0.0,0.0,0,0.0,0.0,0.0,0.0,0.0
,,,,,,,,,LNP,,,,,,,,LNP,0,0,0,0,0,0,0,,0.0,0.0,0.0,0.0,0.0,0.0,0.0,0.0,0.0,0.0,0.0,0.0,0.0,0.0,0.0,0.0,0.0,0.0
,,,,,,,,,GRN,,,,,,,,GRN,0,0,0,0,0,0,0,,0.0,0.0,0.0,0.0,0.0,0.0,0.0,0.0,0.0,0.0,0.0,0.0,0.0,0.0,0.0,0.0,0.0,0.0
,,,,,,,,,ON,,,,,,,,ON,0,0,0,0,0,0,0,,0.0,0.0,0.0,0.0,0.0,0.0,0.0,0.0,0.0,0.0,0.0,0.0,0.0,0.0,0.0,0.0,0.0,0.0
,,,,,,,,,IND,,,,,,,,IND,0,0,0,0,0,0,0,,0.0,0.0,0.0,0.0,0.0,0.0,0.0,0.0,0.0,0.0,0.0,0.0,0.0,0.0,0.0,0.0,0.0,0.0
,,,,,,,,,OTH,,,,,,,,OTH,0,0,0,0,0,0,0,,0.0,0.0,0.0,0.0,0.0,0.0,0.0,0.0,0.0,0.0,0.0,0.0,0.0,0.0,0.0,0.0,0.0,0.0
,,,,,,,,,,,,,,,,,,,,,,,,,,,,,,,,,,,,,,,,,,,
,,,,,,,,,MALLEE (VIC),HELPER,,,,,,,,,,,,,,,,,,,,,,,,,,,,,,,,,
,,,,,,,,,,ALP,LNP,GRN,ON,IND,OTH,,,ALP,LNP,GRN,ON,IND,OTH,,,ALP,LNP,GRN,ON,IND,OTH,ALP,LNP,GRN,ON,IND,OTH,ALP,LNP,GRN,ON,IND,OTH
,,,,,,,,,Index,1,2,3,4,5,6,,,,,,,,,,,,,,,,,,,,,,,,,,,,
,,,,,,,,,ALP,,,,,,,,ALP,0,0,0,0,0,0,0,,0,0.0,0.0,0.0,0.0,0.0,0,0.0,0.0,0.0,0.0,0.0,0,0.0,0.0,0.0,0.0,0.0
,,,,,,,,,LNP,,,,,,,,LNP,0,0,0,0,0,0,0,,0.0,0.0,0.0,0.0,0.0,0.0,0.0,0.0,0.0,0.0,0.0,0.0,0.0,0.0,0.0,0.0,0.0,0.0
,,,,,,,,,GRN,,,,,,,,GRN,0,0,0,0,0,0,0,,0.0,0.0,0.0,0.0,0.0,0.0,0.0,0.0,0.0,0.0,0.0,0.0,0.0,0.0,0.0,0.0,0.0,0.0
,,,,,,,,,ON,,,,,,,,ON,0,0,0,0,0,0,0,,0.0,0.0,0.0,0.0,0.0,0.0,0.0,0.0,0.0,0.0,0.0,0.0,0.0,0.0,0.0,0.0,0.0,0.0
,,,,,,,,,IND,,,,,,,,IND,0,0,0,0,0,0,0,,0.0,0.0,0.0,0.0,0.0,0.0,0.0,0.0,0.0,0.0,0.0,0.0,0.0,0.0,0.0,0.0,0.0,0.0
,,,,,,,,,OTH,,,,,,,,OTH,0,0,0,0,0,0,0,,0.0,0.0,0.0,0.0,0.0,0.0,0.0,0.0,0.0,0.0,0.0,0.0,0.0,0.0,0.0,0.0,0.0,0.0
,,,,,,,,,,,,,,,,,,,,,,,,,,,,,,,,,,,,,,,,,,,
,,,,,,,,,NICHOLLS (VIC),HELPER,,,,,,,,,,,,,,,,,,,,,,,,,,,,,,,,,
,,,,,,,,,,ALP,LNP,GRN,ON,IND,OTH,,,ALP,LNP,GRN,ON,IND,OTH,,,ALP,LNP,GRN,ON,IND,OTH,ALP,LNP,GRN,ON,IND,OTH,ALP,LNP,GRN,ON,IND,OTH
,,,,,,,,,Index,1,2,3,4,5,6,,,,,,,,,,,,,,,,,,,,,,,,,,,,
,,,,,,,,,ALP,,,,,,,,ALP,0,0,0,0,0,0,0,,0,0.0,0.0,0.0,0.0,0.0,0,0.0,0.0,0.0,0.0,0.0,0,0.0,0.0,0.0,0.0,0.0
,,,,,,,,,LNP,,,,,,,,LNP,0,0,0,0,0,0,0,,0.0,0.0,0.0,0.0,0.0,0.0,0.0,0.0,0.0,0.0,0.0,0.0,0.0,0.0,0.0,0.0,0.0,0.0
,,,,,,,,,GRN,,,,,,,,GRN,0,0,0,0,0,0,0,,0.0,0.0,0.0,0.0,0.0,0.0,0.0,0.0,0.0,0.0,0.0,0.0,0.0,0.0,0.0,0.0,0.0,0.0
,,,,,,,,,ON,,,,,,,,ON,0,0,0,0,0,0,0,,0.0,0.0,0.0,0.0,0.0,0.0,0.0,0.0,0.0,0.0,0.0,0.0,0.0,0.0,0.0,0.0,0.0,0.0
,,,,,,,,,IND,,,,,,,,IND,0,0,0,0,0,0,0,,0.0,0.0,0.0,0.0,0.0,0.0,0.0,0.0,0.0,0.0,0.0,0.0,0.0,0.0,0.0,0.0,0.0,0.0
,,,,,,,,,OTH,,,,,,,,OTH,0,0,0,0,0,0,0,,0.0,0.0,0.0,0.0,0.0,0.0,0.0,0.0,0.0,0.0,0.0,0.0,0.0,0.0,0.0,0.0,0.0,0.0
,,,,,,,,,,,,,,,,,,,,,,,,,,,,,,,,,,,,,,,,,,,
,,,,,,,,,WANNON (VIC),HELPER,,,,,,,,,,,,,,,,,,,,,,,,,,,,,,,,,
,,,,,,,,,,ALP,LNP,GRN,ON,IND,OTH,,,ALP,LNP,GRN,ON,IND,OTH,,,ALP,LNP,GRN,ON,IND,OTH,ALP,LNP,GRN,ON,IND,OTH,ALP,LNP,GRN,ON,IND,OTH
,,,,,,,,,Index,1,2,3,4,5,6,,,,,,,,,,,,,,,,,,,,,,,,,,,,
,,,,,,,,,ALP,,,,,,,,ALP,0,0,0,0,0,0,0,,0,0.0,0.0,0.0,0.0,0.0,0,0.0,0.0,0.0,0.0,0.0,0,0.0,0.0,0.0,0.0,0.0
,,,,,,,,,LNP,,,,,,,,LNP,0,0,0,0,0,0,0,,0.0,0.0,0.0,0.0,0.0,0.0,0.0,0.0,0.0,0.0,0.0,0.0,0.0,0.0,0.0,0.0,0.0,0.0
,,,,,,,,,GRN,,,,,,,,GRN,0,0,0,0,0,0,0,,0.0,0.0,0.0,0.0,0.0,0.0,0.0,0.0,0.0,0.0,0.0,0.0,0.0,0.0,0.0,0.0,0.0,0.0
,,,,,,,,,ON,,,,,,,,ON,0,0,0,0,0,0,0,,0.0,0.0,0.0,0.0,0.0,0.0,0.0,0.0,0.0,0.0,0.0,0.0,0.0,0.0,0.0,0.0,0.0,0.0
,,,,,,,,,IND,,,,,,,,IND,0,0,0,0,0,0,0,,0.0,0.0,0.0,0.0,0.0,0.0,0.0,0.0,0.0,0.0,0.0,0.0,0.0,0.0,0.0,0.0,0.0,0.0
,,,,,,,,,OTH,,,,,,,,OTH,0,0,0,0,0,0,0,,0.0,0.0,0.0,0.0,0.0,0.0,0.0,0.0,0.0,0.0,0.0,0.0,0.0,0.0,0.0,0.0,0.0,0.0
