,,150,150.0,1,,,ALP,,,,,,,,,,,,,,LNP,,,,,,,,,,,,,,GRN,,,,,,,,,,,,,,ON,,,,,,,,,,,,,,IND,,,,,,,,,,,,,,OTH,,,,,,,,,,,,,,STATUS
,,,,,,,,,,3CP,,,,,,,,,,,,,,3CP,,,,,,,,,,,,,,Exclusion,,,,,,,,,,,,,,Exclusion,,,,,,,,,,,,,,Exclusion,,,,,,,,,,,,,,Exclusion,,,,,,,,,,,
Notes,Division,3CP,,,2CP,,Votes at elim,%,Position,Votes LNP,% to LNP,Votes to GRN,% to GRN,Votes to ON,% to ON,Votes to IND,% to IND,Votes to OTH,% to OTH,TOTAL,Votes at elim,%,Position,Votes to ALP,% to ALP,Votes to GRN,% to GRN,Votes to ON,% to ON,Votes to IND,% to IND,Votes to OTH,% to OTH,TOTAL,Votes at elim,%,Position,Votes to ALP,% to ALP,Votes LNP,% to LNP,Votes to ON,% to ON,Votes to IND,% to IND,Votes to OTH,% to OTH,TOTAL,Votes at elim,%,Position,Votes to ALP,% to ALP,Votes LNP,% to LNP,Votes to GRN,% to GRN,Votes to IND,% to IND,Votes to OTH,% to OTH,TOTAL,Votes at elim,Candidates,Position,Votes to ALP,% to ALP,Votes LNP,% to LNP,Votes to GRN,% to GRN,Votes to ON,% to ON,Votes to OTH,% to OTH,TOTAL,Votes at elim,Candidates,Position,Votes to ALP,% to ALP,Votes LNP,% to LNP,Votes to GRN,% to GRN,Votes to ON,% to ON,Votes to IND,% to IND,TOTAL,
,,,,,,,,,,,,,,,,,,,,,,,,,,,,,,,,,,,,,,,,,,,,,,,,,,,,,,,,,,,,,,,,,,,,,,,,,,,,,,,,,,,,,,,,,,,
Base merges IND when it should exclude lowest,Wentworth*,IND,LIB,ALP,IND,LIB,19302.0,,Third,2962.0,0.1534556005,,0,,0,16340.0,0.8465443995,,0,1,,,,,#DIV/0!,,#DIV/0!,,#DIV/0!,,#DIV/0!,,#DIV/0!,#DIV/0!,11844.0,,Fourth,4200.0,0.3546099291,752.0,0.06349206349,,0,6892.0,0.5818980074,,0,1,2817.0,,Fifth,198.0,0.07028753994,1892.0,0.6716364927,225.0,0.07987220447,502.0,0.1782037629,,0,1,,,,,#DIV/0!,,#DIV/0!,,#DIV/0!,,#DIV/0!,,#DIV/0!,#DIV/0!,1347.0,,Sixth,125.0,0.09279881218,241.0,0.1789161099,378.0,0.280623608,192.0,0.1425389755,411.0,0.3051224944,1,Y
Rethrow prefs,Sydney,ALP,GRN,LIB,ALP,GRN,,,,,#DIV/0!,,#DIV/0!,,#DIV/0!,,#DIV/0!,,#DIV/0!,#DIV/0!,21765.0,,Third,15853.0,0.7283712382,5912.0,0.2716287618,,0,,0,,0,1,,,,,#DIV/0!,,#DIV/0!,,#DIV/0!,,#DIV/0!,,#DIV/0!,#DIV/0!,3875.0,,Fourth,591.0,0.152516129,2745.0,0.7083870968,539.0,0.1390967742,,0,,0,1,,,,,#DIV/0!,,#DIV/0!,,#DIV/0!,,#DIV/0!,,#DIV/0!,#DIV/0!,2376.0,,Fifth,492.0,0.2070707071,160.0,0.06734006734,1547.0,0.6510942761,177.0,0.07449494949,,0,1,Y
Rethrow prefs,Kingsford Smith,ALP,LIB,GRN,ALP,LIB,,,,,#DIV/0!,,#DIV/0!,,#DIV/0!,,#DIV/0!,,#DIV/0!,#DIV/0!,,,,,#DIV/0!,,#DIV/0!,,#DIV/0!,,#DIV/0!,,#DIV/0!,#DIV/0!,15610.0,,Third,13595.0,0.8709160794,2015.0,0.1290839206,,0,,0,,0,1,6440.0,,Fourth,1654.0,0.2568322981,3964.0,0.6155279503,822.0,0.1276397516,,0,,0,1,3557.0,,Fifth,1009.0,0.2836660107,625.0,0.1757098679,1348.0,0.378971043,575.0,0.1616530784,,0,1,,,,,#DIV/0!,,#DIV/0!,,#DIV/0!,,#DIV/0!,,#DIV/0!,#DIV/0!,Y
Rethrow prefs,Bennelong,ALP,LIB,GRN,ALP,LIB,,,,,#DIV/0!,,#DIV/0!,,#DIV/0!,,#DIV/0!,,#DIV/0!,#DIV/0!,,,,,#DIV/0!,,#DIV/0!,,#DIV/0!,,#DIV/0!,,#DIV/0!,#DIV/0!,15314.0,,Third,13434.0,0.8772365156,1880.0,0.1227634844,,0,,0,,0,1,4709.0,,Fourth,636.0,0.1350605224,3080.0,0.6540666808,993.0,0.2108727968,,0,,0,1,,,,,#DIV/0!,,#DIV/0!,,#DIV/0!,,#DIV/0!,,#DIV/0!,#DIV/0!,6036.0,,Fifth,1205.0,0.1996355202,1266.0,0.2097415507,1390.0,0.2302849569,2175.0,0.3603379722,,0,1,Y
Base merges IND when it should exclude lowest,Bradfield*,IND,LIB,ALP,IND,LIB,28904.0,,Third,9330.0,0.3227926931,,0,,0,19574.0,0.6772073069,,0,1,,,,,#DIV/0!,,#DIV/0!,,#DIV/0!,,#DIV/0!,,#DIV/0!,#DIV/0!,8597.0,,Fourth,3980.0,0.4629521926,589.0,0.06851227172,,0,4028.0,0.4685355357,,0,1,2555.0,,Fifth,158.0,0.06183953033,1532.0,0.5996086106,109.0,0.04266144814,303.0,0.118590998,453.0,0.1772994129,1,,,,,#DIV/0!,,#DIV/0!,,#DIV/0!,,#DIV/0!,,#DIV/0!,#DIV/0!,7646.0,,Sixth,1998.0,0.2613131049,1961.0,0.2564739733,937.0,0.1225477374,850.0,0.1111692388,1900.0,0.2484959456,1,Y
,Warringah*,IND,LIB,ALP,IND,LIB,20540.0,,Third,3799.0,0.1849561831,,0,,0,16741.0,0.8150438169,,0,1,,,,,#DIV/0!,,#DIV/0!,,#DIV/0!,,#DIV/0!,,#DIV/0!,#DIV/0!,10528.0,,Fourth,3163.0,0.3004369301,787.0,0.07475303951,,0,6578.0,0.6248100304,,0,1,3641.0,,Fifth,250.0,0.06866245537,2514.0,0.6904696512,241.0,0.06619060698,636.0,0.1746772865,,0,1,,,,,#DIV/0!,,#DIV/0!,,#DIV/0!,,#DIV/0!,,#DIV/0!,#DIV/0!,4092.0,,Sixth,389.0,0.09506353861,1031.0,0.2519550342,236.0,0.05767350929,1663.0,0.406402737,773.0,0.1889051808,1,Y
Rethrow prefs,Banks,ALP,LIB,GRN,ALP,LIB,,,,,#DIV/0!,,#DIV/0!,,#DIV/0!,,#DIV/0!,,#DIV/0!,#DIV/0!,,,,,#DIV/0!,,#DIV/0!,,#DIV/0!,,#DIV/0!,,#DIV/0!,#DIV/0!,15625.0,,Third,13380.0,0.85632,2245.0,0.14368,,0,,0,,0,1,7989.0,,Fourth,1122.0,0.1404431093,4554.0,0.5700337965,2313.0,0.2895230943,,0,,0,1,2101.0,,Sixth,484.0,0.2303664921,358.0,0.17039505,698.0,0.3322227511,175.0,0.08329366968,386.0,0.1837220371,1,7076.0,,Fifth,805.0,0.1137648389,1265.0,0.1787733183,858.0,0.1212549463,4148.0,0.5862068966,,0,1,Y
Rethrow prefs,Cook,LIB,ALP,GRN,LIB,ALP,,,,,#DIV/0!,,#DIV/0!,,#DIV/0!,,#DIV/0!,,#DIV/0!,#DIV/0!,,,,,#DIV/0!,,#DIV/0!,,#DIV/0!,,#DIV/0!,,#DIV/0!,#DIV/0!,12561.0,,Third,10259.0,0.8167343364,2302.0,0.1832656636,,0,,0,,0,1,7484.0,,Fourth,946.0,0.1264029931,5256.0,0.7022982362,1282.0,0.1712987707,,0,,0,1,,,,,#DIV/0!,,#DIV/0!,,#DIV/0!,,#DIV/0!,,#DIV/0!,#DIV/0!,6524.0,,Fifth,851.0,0.130441447,2155.0,0.3303188228,704.0,0.1079092581,2814.0,0.4313304721,,0,1,Y
Rethrow prefs,Barton,ALP,LIB,GRN,ALP,LIB,,,,,#DIV/0!,,#DIV/0!,,#DIV/0!,,#DIV/0!,,#DIV/0!,#DIV/0!,,,,,#DIV/0!,,#DIV/0!,,#DIV/0!,,#DIV/0!,,#DIV/0!,#DIV/0!,18170.0,,Third,15134.0,0.8329113924,3036.0,0.1670886076,,0,,0,,0,1,9524.0,,Fourth,2752.0,0.2889542209,5436.0,0.5707685846,1336.0,0.1402771945,,0,,0,1,,,,,#DIV/0!,,#DIV/0!,,#DIV/0!,,#DIV/0!,,#DIV/0!,#DIV/0!,7233.0,,Fifth,987.0,0.1364579013,1346.0,0.186091525,949.0,0.131204203,3951.0,0.5462463708,,0,1,Y
Rethrow prefs,Blaxland,ALP,LIB,IND,ALP,LIB,,,,,#DIV/0!,,#DIV/0!,,#DIV/0!,,#DIV/0!,,#DIV/0!,#DIV/0!,,,,,#DIV/0!,,#DIV/0!,,#DIV/0!,,#DIV/0!,,#DIV/0!,#DIV/0!,7547.0,,Fourth,3638.0,0.482045846,588.0,0.07791175301,,0,3321.0,0.440042401,,0,1,4690.0,,Fifth,686.0,0.1462686567,2727.0,0.5814498934,389.0,0.0829424307,888.0,0.1893390192,,0,1,21041.0,,Third,17692.0,0.8408345611,3349.0,0.1591654389,,0,,0,,0,1,3620.0,,Sixth,457.0,0.1262430939,725.0,0.2002762431,304.0,0.08397790055,1604.0,0.4430939227,530.0,0.1464088398,1,Y
Rethrow prefs,Grayndler,ALP,GRN,LIB,ALP,GRN,,,,,#DIV/0!,,#DIV/0!,,#DIV/0!,,#DIV/0!,,#DIV/0!,#DIV/0!,20213.0,,Third,13176.0,0.6518577153,7037.0,0.3481422847,,0,,0,,0,1,,,,,#DIV/0!,,#DIV/0!,,#DIV/0!,,#DIV/0!,,#DIV/0!,#DIV/0!,4788.0,,Fourth,603.0,0.1259398496,3531.0,0.7374686717,654.0,0.1365914787,,0,,0,1,2806.0,,Fifth,829.0,0.2954383464,430.0,0.1532430506,1061.0,0.3781183179,486.0,0.1732002851,,0,1,1729.0,,Sixth,166.0,0.0960092539,385.0,0.2226720648,141.0,0.08155002892,797.0,0.4609600925,240.0,0.1388085599,1,Y
"Rethrow prefs
Base merges IND when it should exclude lowest 2",Parramatta*,ALP,LIB,GRN,ALP,LIB,,,,,#DIV/0!,,#DIV/0!,,#DIV/0!,,#DIV/0!,,#DIV/0!,#DIV/0!,,,,,#DIV/0!,,#DIV/0!,,#DIV/0!,,#DIV/0!,,#DIV/0!,#DIV/0!,14588.0,,Third,12439.0,0.8526871401,2149.0,0.1473128599,,0,,0,,0,1,4782.0,,Fourth,665.0,0.1390631535,3204.0,0.6700125471,913.0,0.1909242995,,0,,0,1,2760.0,,Fifth,737.0,0.2670289855,430.0,0.1557971014,790.0,0.2862318841,407.0,0.1474637681,396.0,0.1434782609,1,4363.0,,Sixth,522.0,0.1196424479,757.0,0.1735044694,1119.0,0.2564749026,1722.0,0.3946825579,243.0,0.05569562228,1,Y
Rethrow prefs,Reid,ALP,LIB,GRN,ALP,LIB,,,,,#DIV/0!,,#DIV/0!,,#DIV/0!,,#DIV/0!,,#DIV/0!,#DIV/0!,,,,,#DIV/0!,,#DIV/0!,,#DIV/0!,,#DIV/0!,,#DIV/0!,#DIV/0!,13895.0,,Third,11562.0,0.8320978769,2333.0,0.1679021231,,0,,0,,0,1,4233.0,,Fourth,700.0,0.1653673518,2855.0,0.6744625561,678.0,0.1601700921,,0,,0,1,3566.0,,Fourth,1086.0,0.3045429052,569.0,0.1595625351,1350.0,0.3785754347,561.0,0.1573191251,,0,1,2804.0,,Sixth,238.0,0.08487874465,591.0,0.2107703281,187.0,0.06669044223,1320.0,0.4707560628,468.0,0.1669044223,1,Y
2 IND. Khan treated as OTH,Watson*,ALP,IND,LIB,ALP,IND,,,,,#DIV/0!,,#DIV/0!,,#DIV/0!,,#DIV/0!,,#DIV/0!,#DIV/0!,17512.0,,Third,8476.0,0.4840109639,,0,,0,9036.0,0.5159890361,,0,1,8717.0,,Fourth,4433.0,0.5085465183,1042.0,0.1195365378,,0,3242.0,0.3719169439,,0,1,3705.0,,Sixth,520.0,0.1403508772,1339.0,0.3614035088,339.0,0.09149797571,551.0,0.1487179487,956.0,0.2580296896,1,,,,,#DIV/0!,,#DIV/0!,,#DIV/0!,,#DIV/0!,,#DIV/0!,#DIV/0!,8749.0,,Fifth,1907.0,0.2179677677,2919.0,0.3336381301,1073.0,0.1226425877,,0,2850.0,0.3257515145,1,Y
Base merges IND when it should exclude lowest,Berowra*,LIB,ALP,IND,LIB,ALP,,,,,#DIV/0!,,#DIV/0!,,#DIV/0!,,#DIV/0!,,#DIV/0!,#DIV/0!,,,,,#DIV/0!,,#DIV/0!,,#DIV/0!,,#DIV/0!,,#DIV/0!,#DIV/0!,14626.0,,Fourth,7318.0,0.500341857,1005.0,0.06871325038,,0,6303.0,0.4309448927,,0,1,5954.0,,Fifth,524.0,0.08800806181,3726.0,0.625797783,336.0,0.05643265032,1368.0,0.2297615049,,0,1,22150.0,,Third,16309.0,0.7362979684,5841.0,0.2637020316,,0,,0,,0,1,4517.0,,Sixth,524.0,0.1160061988,891.0,0.1972548151,509.0,0.1126854107,1249.0,0.2765109586,1344.0,0.2975426168,1,Y
Base merges IND when it should exclude lowest 2,Mackellar*,IND,LIB,ALP,IND,LIB,16409.0,,Third,3674.0,0.2239015175,,0,,0,12735.0,0.7760984825,,0,1,,,,,#DIV/0!,,#DIV/0!,,#DIV/0!,,#DIV/0!,,#DIV/0!,#DIV/0!,8252.0,,Fourth,2139.0,0.2592098885,1419.0,0.1719583131,,0,4694.0,0.5688317984,,0,1,5613.0,,Fifth,332.0,0.05914840549,3467.0,0.6176732585,857.0,0.1526812756,957.0,0.1704970604,,0,1,,,,,#DIV/0!,,#DIV/0!,,#DIV/0!,,#DIV/0!,,#DIV/0!,#DIV/0!,6536.0,,Sixth,439.0,0.06716646267,1385.0,0.2119033048,537.0,0.08216034272,2788.0,0.4265605875,1387.0,0.2122093023,1,Y
,Mitchell,LIB,ALP,GRN,LIB,ALP,,,,,#DIV/0!,,#DIV/0!,,#DIV/0!,,#DIV/0!,,#DIV/0!,#DIV/0!,,,,,#DIV/0!,,#DIV/0!,,#DIV/0!,,#DIV/0!,,#DIV/0!,#DIV/0!,16129.0,,Third,12795.0,0.7932915866,3334.0,0.2067084134,,0,,0,,0,1,6039.0,,Fourth,1051.0,0.1740354363,4174.0,0.6911740354,814.0,0.1347905282,,0,,0,1,,,,,#DIV/0!,,#DIV/0!,,#DIV/0!,,#DIV/0!,,#DIV/0!,#DIV/0!,2675.0,,Fifth,362.0,0.1353271028,683.0,0.2553271028,271.0,0.1013084112,1359.0,0.5080373832,,0,1,Y
,Chifley,ALP,LIB,GRN,ALP,LIB,,,,,#DIV/0!,,#DIV/0!,,#DIV/0!,,#DIV/0!,,#DIV/0!,#DIV/0!,,,,,#DIV/0!,,#DIV/0!,,#DIV/0!,,#DIV/0!,,#DIV/0!,#DIV/0!,13891.0,,Third,10990.0,0.7911597437,2901.0,0.2088402563,,0,,0,,0,1,8183.0,,Fourth,1825.0,0.2230233411,4629.0,0.5656849566,1729.0,0.2112917023,,0,,0,1,1519.0,,Sixth,301.0,0.198156682,151.0,0.09940750494,214.0,0.1408821593,151.0,0.09940750494,702.0,0.4621461488,1,9844.0,,Fifth,2246.0,0.2281592848,1680.0,0.1706623324,3224.0,0.3275091426,2694.0,0.2736692401,,0,1,Y
,Fowler,IND,ALP,LIB,IND,ALP,,,,,#DIV/0!,,#DIV/0!,,#DIV/0!,,#DIV/0!,,#DIV/0!,#DIV/0!,13728.0,,Third,4183.0,0.304705711,,0,,0,9545.0,0.695294289,,0,1,7497.0,,Third,3760.0,0.5015339469,642.0,0.0856342537,,0,3095.0,0.4128317994,,0,1,4024.0,,Sixth,489.0,0.1215208748,895.0,0.222415507,405.0,0.1006461233,1165.0,0.2895129225,1070.0,0.2659045726,1,,,,,#DIV/0!,,#DIV/0!,,#DIV/0!,,#DIV/0!,,#DIV/0!,#DIV/0!,6414.0,,Fifth,664.0,0.1035235423,829.0,0.1292485189,823.0,0.1283130652,,0,4098.0,0.6389148737,1,Y
,Greenway,ALP,LIB,GRN,ALP,LIB,,,,,#DIV/0!,,#DIV/0!,,#DIV/0!,,#DIV/0!,,#DIV/0!,#DIV/0!,,,,,#DIV/0!,,#DIV/0!,,#DIV/0!,,#DIV/0!,,#DIV/0!,#DIV/0!,14001.0,,Third,10609.0,0.7577315906,3392.0,0.2422684094,,0,,0,,0,1,7605.0,,Fourth,1884.0,0.2477317554,4294.0,0.5646285339,1427.0,0.1876397107,,0,,0,1,3471.0,,Fifth,696.0,0.2005185825,586.0,0.1688274273,1280.0,0.368769807,909.0,0.2618841832,,0,1,4294.0,,Sixth,527.0,0.1227293898,735.0,0.1711690731,276.0,0.06427573358,1996.0,0.464834653,760.0,0.1769911504,1,Y
,Lindsay,LIB,ALP,ON,LIB,ALP,,,,,#DIV/0!,,#DIV/0!,,#DIV/0!,,#DIV/0!,,#DIV/0!,#DIV/0!,,,,,#DIV/0!,,#DIV/0!,,#DIV/0!,,#DIV/0!,,#DIV/0!,#DIV/0!,11453.0,,Fourth,8585.0,0.7495852615,1401.0,0.1223260281,1467.0,0.1280887104,,0,,0,1,12992.0,,Third,4323.0,0.3327432266,8669.0,0.6672567734,,0,,0,,0,1,1099.0,,Sixth,153.0,0.1392174704,127.0,0.1155595996,123.0,0.1119199272,115.0,0.1046405823,581.0,0.5286624204,1,11094.0,,Fifth,1779.0,0.1603569497,2604.0,0.2347214711,2037.0,0.1836127637,4674.0,0.4213088156,,0,1,Y
,McMahon,ALP,LIB,IND,ALP,LIB,,,,,#DIV/0!,,#DIV/0!,,#DIV/0!,,#DIV/0!,,#DIV/0!,#DIV/0!,,,,,#DIV/0!,,#DIV/0!,,#DIV/0!,,#DIV/0!,,#DIV/0!,#DIV/0!,9574.0,,Fourth,5867.0,0.6128055149,787.0,0.08220179653,,0,2920.0,0.3049926885,,0,1,8544.0,,Fifth,1271.0,0.1487593633,3646.0,0.4267322097,651.0,0.07619382022,2976.0,0.3483146067,,0,1,15509.0,,Third,6067.0,0.391192211,9442.0,0.608807789,,0,,0,,0,1,,,,,#DIV/0!,,#DIV/0!,,#DIV/0!,,#DIV/0!,,#DIV/0!,#DIV/0!,Y
,Hughes,ALP,LIB,GRN,ALP,LIB,,,,,#DIV/0!,,#DIV/0!,,#DIV/0!,,#DIV/0!,,#DIV/0!,#DIV/0!,,,,,#DIV/0!,,#DIV/0!,,#DIV/0!,,#DIV/0!,,#DIV/0!,#DIV/0!,13768.0,,Third,11361.0,0.8251743173,2407.0,0.1748256827,,0,,0,,0,1,8852.0,,Fourth,1325.0,0.1496836873,6047.0,0.6831224582,1480.0,0.1671938545,,0,,0,1,,,,,#DIV/0!,,#DIV/0!,,#DIV/0!,,#DIV/0!,,#DIV/0!,#DIV/0!,7659.0,,Fifth,1135.0,0.1481916699,1858.0,0.2425904165,1067.0,0.1393132263,3599.0,0.4699046873,,0,1,Y
,Hume,LIB,ALP,ON,LIB,ALP,,,,,#DIV/0!,,#DIV/0!,,#DIV/0!,,#DIV/0!,,#DIV/0!,#DIV/0!,,,,,#DIV/0!,,#DIV/0!,,#DIV/0!,,#DIV/0!,,#DIV/0!,#DIV/0!,10419.0,,Fourth,7358.0,0.706209809,1491.0,0.1431039447,1570.0,0.1506862463,,0,,0,1,14508.0,,Third,4652.0,0.3206506755,9856.0,0.6793493245,,0,,0,,0,1,5615.0,,Fifth,1885.0,0.3357079252,1065.0,0.1896705254,1222.0,0.2176313446,1443.0,0.2569902048,,0,1,7922.0,,Sixth,752.0,0.09492552386,1720.0,0.2171168897,742.0,0.09366321636,3528.0,0.4453420853,1180.0,0.1489522848,1,Y
,Macarthur,ALP,LIB,GRN,ALP,LIB,,,,,#DIV/0!,,#DIV/0!,,#DIV/0!,,#DIV/0!,,#DIV/0!,#DIV/0!,,,,,#DIV/0!,,#DIV/0!,,#DIV/0!,,#DIV/0!,,#DIV/0!,#DIV/0!,15522.0,,Third,12721.0,0.8195464502,2801.0,0.1804535498,,0,,0,,0,1,10399.0,,Fourth,2168.0,0.2084815848,6314.0,0.6071737667,1917.0,0.1843446485,,0,,0,1,,,,,#DIV/0!,,#DIV/0!,,#DIV/0!,,#DIV/0!,,#DIV/0!,#DIV/0!,7515.0,,Fifth,1396.0,0.1857618097,1463.0,0.194677312,1593.0,0.2119760479,3063.0,0.4075848303,,0,1,Y
,Werriwa,ALP,LIB,GRN,ALP,LIB,,,,,#DIV/0!,,#DIV/0!,,#DIV/0!,,#DIV/0!,,#DIV/0!,#DIV/0!,,,,,#DIV/0!,,#DIV/0!,,#DIV/0!,,#DIV/0!,,#DIV/0!,#DIV/0!,13775.0,,Third,10012.0,0.7268239564,3763.0,0.2731760436,,0,,0,,0,1,7026.0,,Fourth,1349.0,0.1920011386,4132.0,0.5881013379,1545.0,0.2198975235,,0,,0,1,2592.0,,Sixth,617.0,0.2380401235,538.0,0.2075617284,690.0,0.2662037037,157.0,0.06057098765,590.0,0.2276234568,1,9857.0,,Fifth,2065.0,0.2094957898,2511.0,0.2547428224,1889.0,0.1916404586,3392.0,0.3441209293,,0,1,Y
,Dobell,ALP,LIB,GRN,ALP,LIB,,,,,#DIV/0!,,#DIV/0!,,#DIV/0!,,#DIV/0!,,#DIV/0!,#DIV/0!,,,,,#DIV/0!,,#DIV/0!,,#DIV/0!,,#DIV/0!,,#DIV/0!,#DIV/0!,15959.0,,Third,11856.0,0.7429036907,4103.0,0.2570963093,,0,,0,,0,1,12936.0,,Fourth,2603.0,0.2012213976,7761.0,0.5999536178,2572.0,0.1988249845,,0,,0,1,,,,,#DIV/0!,,#DIV/0!,,#DIV/0!,,#DIV/0!,,#DIV/0!,#DIV/0!,10715.0,,Fifth,2738.0,0.2555296314,1341.0,0.1251516566,2740.0,0.2557162856,3896.0,0.3636024265,,0,1,Y
,Newcastle,ALP,GRN,LIB,ALP,GRN,,,,,#DIV/0!,,#DIV/0!,,#DIV/0!,,#DIV/0!,,#DIV/0!,#DIV/0!,27170.0,,Third,18788.0,0.6914979757,8382.0,0.3085020243,,0,,0,,0,1,,,,,#DIV/0!,,#DIV/0!,,#DIV/0!,,#DIV/0!,,#DIV/0!,#DIV/0!,8820.0,,Fourth,1892.0,0.2145124717,5064.0,0.5741496599,1864.0,0.2113378685,,0,,0,1,888.0,,Sixth,156.0,0.1756756757,92.0,0.1036036036,164.0,0.1846846847,101.0,0.1137387387,375.0,0.4222972973,1,8467.0,,Sixth,1354.0,0.159914964,1468.0,0.1733790008,2715.0,0.3206566671,2930.0,0.3460493681,,0,1,Y
Base merges IND when it should exclude lowest 2,Paterson*,ALP,LIB,IND,ALP,LIB,,,,,#DIV/0!,,#DIV/0!,,#DIV/0!,,#DIV/0!,,#DIV/0!,#DIV/0!,,,,,#DIV/0!,,#DIV/0!,,#DIV/0!,,#DIV/0!,,#DIV/0!,#DIV/0!,10079.0,,Fifth,6916.0,0.6861791844,648.0,0.06429209247,669.0,0.0663756325,1846.0,0.1831530906,,0,1,12187.0,,Fourth,2040.0,0.1673914827,4658.0,0.3822105522,,0,5489.0,0.450397965,,0,1,20485.0,,Third,10212.0,0.4985111057,10273.0,0.5014888943,,0,,0,,0,1,11774.0,,Sixth,2383.0,0.2023951079,1682.0,0.1428571429,1860.0,0.1579751996,3264.0,0.2772209954,2585.0,0.2195515543,1,Y
,Robertson,ALP,LIB,GRN,ALP,LIB,,,,,#DIV/0!,,#DIV/0!,,#DIV/0!,,#DIV/0!,,#DIV/0!,#DIV/0!,,,,,#DIV/0!,,#DIV/0!,,#DIV/0!,,#DIV/0!,,#DIV/0!,#DIV/0!,13742.0,,Third,10804.0,0.7862028817,2938.0,0.2137971183,,0,,0,,0,1,9658.0,,Fourth,1601.0,0.1657693104,5965.0,0.6176226962,2092.0,0.2166079934,,0,,0,1,3741.0,1.0,Sixth,903.0,0.2413793103,428.0,0.1144079123,965.0,0.2579524191,642.0,0.1716118685,803.0,0.2146484897,1,6429.0,2.0,Fifth,1604.0,0.2494944781,1108.0,0.172344066,1670.0,0.2597604604,2047.0,0.3184009955,,0,1,Y
,Shortland,ALP,LIB,GRN,ALP,LIB,,,,,#DIV/0!,,#DIV/0!,,#DIV/0!,,#DIV/0!,,#DIV/0!,#DIV/0!,,,,,#DIV/0!,,#DIV/0!,,#DIV/0!,,#DIV/0!,,#DIV/0!,#DIV/0!,16274.0,,Third,12694.0,0.7800172054,3580.0,0.2199827946,,0,,0,,0,1,13192.0,,Fourth,2902.0,0.2199818072,8126.0,0.6159793814,2164.0,0.1640388114,,0,,0,1,6107.0,1.0,Fourth,2200.0,0.3602423449,880.0,0.1440969379,1501.0,0.2457835271,1526.0,0.2498771901,,0,1,4680.0,2.0,Sixth,476.0,0.1017094017,697.0,0.1489316239,352.0,0.07521367521,1853.0,0.3959401709,1302.0,0.2782051282,1,Y
,Macquarie,ALP,LIB,GRN,ALP,LIB,,,,,#DIV/0!,,#DIV/0!,,#DIV/0!,,#DIV/0!,,#DIV/0!,#DIV/0!,,,,,#DIV/0!,,#DIV/0!,,#DIV/0!,,#DIV/0!,,#DIV/0!,#DIV/0!,15864.0,,Third,13794.0,0.869515885,2070.0,0.130484115,,0,,0,,0,1,12315.0,,Fourth,1997.0,0.1621599675,8705.0,0.706861551,1613.0,0.1309784815,,0,,0,1,,,,,#DIV/0!,,#DIV/0!,,#DIV/0!,,#DIV/0!,,#DIV/0!,#DIV/0!,5036.0,,Fifth,742.0,0.1473391581,981.0,0.1947974583,585.0,0.1161636219,2728.0,0.5416997617,,0,1,Y
Base merges IND when it should exclude lowest 2,Cowper*,NAT,IND,ALP,NAT,IND,17206.0,,Third,6097.0,0.3543531326,,0,,0,11109.0,0.6456468674,,0,1,,,,,#DIV/0!,,#DIV/0!,,#DIV/0!,,#DIV/0!,,#DIV/0!,#DIV/0!,4901.0,,Sixth,1124.0,0.2293409508,258.0,0.05264231789,152.0,0.03101407876,2577.0,0.525811059,790.0,0.1611915936,1,10646.0,,Fourth,1094.0,0.1027616006,6714.0,0.6306594026,,0,2838.0,0.2665789968,,0,1,,2.0,,,#DIV/0!,,#DIV/0!,,#DIV/0!,,#DIV/0!,,#DIV/0!,#DIV/0!,11896.0,,Fifth,2355.0,0.1979657028,2722.0,0.2288164089,,0,3649.0,0.3067417619,3170.0,0.2664761264,1,Y
,Cunningham,ALP,LIB,GRN,ALP,LIB,,,,,#DIV/0!,,#DIV/0!,,#DIV/0!,,#DIV/0!,,#DIV/0!,#DIV/0!,,,,,#DIV/0!,,#DIV/0!,,#DIV/0!,,#DIV/0!,,#DIV/0!,#DIV/0!,27464.0,,Third,23402.0,0.852097291,4062.0,0.147902709,,0,,0,,0,1,10090.0,,Fourth,2017.0,0.199900892,6046.0,0.5992071358,2027.0,0.2008919722,,0,,0,1,,0.0,,,#DIV/0!,,#DIV/0!,,#DIV/0!,,#DIV/0!,,#DIV/0!,#DIV/0!,4705.0,,Fifth,944.0,0.2006376196,583.0,0.1239107333,1853.0,0.3938363443,1325.0,0.2816153029,,0,1,Y
"Base merges IND when it should exclude lowest 2. After this point (Rest of NSW + AUS excl. VIC), only top independent will be counted, with preferences for lower inds counted as OTH. Pretty sure thats what I've done so far but will need to check ",Whitlam*,ALP,LIB,GRN,ALP,LIB,,,,,#DIV/0!,,#DIV/0!,,#DIV/0!,,#DIV/0!,,#DIV/0!,#DIV/0!,,,,,#DIV/0!,,#DIV/0!,,#DIV/0!,,#DIV/0!,,#DIV/0!,#DIV/0!,18404.0,,Third,13092.0,0.7113670941,5312.0,0.2886329059,,0,,0,,0,1,14493.0,,Fourth,3306.0,0.2281101221,8588.0,0.5925619264,2599.0,0.1793279514,,0,,0,1,7953.0,2.0,Fourth,1281.0,0.1610712939,1843.0,0.2317364517,1309.0,0.1645919779,3520.0,0.4426002766,,0,1,6546.0,,Sixth,1050.0,0.1604032997,863.0,0.1318362359,668.0,0.1020470516,1953.0,0.2983501375,2012.0,0.3073632753,1,Y
Base merges IND when it should exclude lowest 2,Calare*,IND,NAT,IND,IND,NAT,14114.0,,Fourth,2076.0,0.1470879977,,0,,0,6778.0,0.4802323934,5260.0,0.3726796089,1,,,,,#DIV/0!,,#DIV/0!,,#DIV/0!,,#DIV/0!,,#DIV/0!,#DIV/0!,,,,,#DIV/0!,,#DIV/0!,,#DIV/0!,,#DIV/0!,,#DIV/0!,#DIV/0!,,,,,#DIV/0!,,#DIV/0!,,#DIV/0!,,#DIV/0!,,#DIV/0!,#DIV/0!,,,,,#DIV/0!,,#DIV/0!,,#DIV/0!,,#DIV/0!,,#DIV/0!,#DIV/0!,33576.0,,Third,,0,7864.0,0.2342149154,,0,,0,25712.0,0.7657850846,1,Y
Base merges IND when it should exclude lowest 2,Eden-Monaro*,ALP,LIB,GRN,ALP,LIB,,,,,#DIV/0!,,#DIV/0!,,#DIV/0!,,#DIV/0!,,#DIV/0!,#DIV/0!,,,,,#DIV/0!,,#DIV/0!,,#DIV/0!,,#DIV/0!,,#DIV/0!,#DIV/0!,13808.0,,Third,11788.0,0.8537079954,2020.0,0.1462920046,,0,,0,,0,1,11157.0,,Fourth,1860.0,0.1667114816,7520.0,0.6740163126,1777.0,0.1592722058,,0,,0,1,4857.0,2.0,Fifth,837.0,0.1723285979,1279.0,0.2633312744,764.0,0.1572987441,1977.0,0.4070413836,,0,1,5383.0,,Sixth,697.0,0.1294817017,857.0,0.1592049043,528.0,0.09808656883,1729.0,0.3211963589,1572.0,0.2920304663,1,Y
,Gilmore,ALP,LIB,IND,ALP,LIB,,,,,#DIV/0!,,#DIV/0!,,#DIV/0!,,#DIV/0!,,#DIV/0!,#DIV/0!,,,,,#DIV/0!,,#DIV/0!,,#DIV/0!,,#DIV/0!,,#DIV/0!,#DIV/0!,9689.0,,Fourth,4688.0,0.4838476623,649.0,0.0669831768,,0,4352.0,0.4491691609,,0,1,8919.0,,Fourth,947.0,0.1061778226,4526.0,0.5074559928,592.0,0.06637515417,2854.0,0.3199910304,,0,1,16958.0,1.0,Third,11862.0,0.6994928647,5106.0,0.3010968275,,0,,0,,0,1.000589692,8604.0,,Sixth,1384.0,0.1608554161,1302.0,0.1513249651,1165.0,0.1354021385,3362.0,0.3907484891,1391.0,0.1616689912,1,Y
,Hunter,ALP,ON,NAT,ALP,ON,,,,,#DIV/0!,,#DIV/0!,,#DIV/0!,,#DIV/0!,,#DIV/0!,#DIV/0!,24870.0,,Third,4954.0,0.1991958183,,0,19916.0,0.8008041817,,0,,0,1,11015.0,,Fourth,8228.0,0.746981389,1568.0,0.1423513391,1219.0,0.1106672719,,0,,0,1,,,,,#DIV/0!,,#DIV/0!,,#DIV/0!,,#DIV/0!,,#DIV/0!,#DIV/0!,,0.0,,,#DIV/0!,,#DIV/0!,,#DIV/0!,,#DIV/0!,,#DIV/0!,#DIV/0!,16503.0,,Fifth,4162.0,0.2521965703,3012.0,0.1825122705,2729.0,0.1653638732,6600.0,0.3999272859,,0,1,Y
,Lyne,NAT,ALP,IND,NAT,ALP,,,,,#DIV/0!,,#DIV/0!,,#DIV/0!,,#DIV/0!,,#DIV/0!,#DIV/0!,,,,,#DIV/0!,,#DIV/0!,,#DIV/0!,,#DIV/0!,,#DIV/0!,#DIV/0!,8965.0,,Fifth,4712.0,0.5255995538,704.0,0.07852760736,666.0,0.07428890128,2883.0,0.3215839375,,0,1,15078.0,,Fourth,1725.0,0.1144050935,8001.0,0.5306406685,,0,5352.0,0.354954238,,0,1,28390.0,1.0,Third,14310.0,0.5040507221,14080.0,0.4959492779,,0,,0,,0,1,14960.0,,Sixth,1567.0,0.1047459893,2955.0,0.197526738,1988.0,0.1328877005,5238.0,0.3501336898,3212.0,0.2147058824,1,Y
,New England,NAT,ALP,ON,NAT,ALP,,,,,#DIV/0!,,#DIV/0!,,#DIV/0!,,#DIV/0!,,#DIV/0!,#DIV/0!,,,,,#DIV/0!,,#DIV/0!,,#DIV/0!,,#DIV/0!,,#DIV/0!,#DIV/0!,10821.0,,Fourth,7713.0,0.7127807042,1956.0,0.180759634,1152.0,0.1064596618,,0,,0,1,16924.0,,Third,4509.0,0.2664263767,12415.0,0.7335736233,,0,,0,,0,1,5315.0,1.0,Fifth,1493.0,0.2809031044,1190.0,0.2238946378,1339.0,0.2519285042,1293.0,0.2432737535,,0,1,6752.0,,Sixth,718.0,0.1063388626,1408.0,0.2085308057,459.0,0.06797985782,3092.0,0.4579383886,1075.0,0.1592120853,1,Y
Base merges IND when it should exclude lowest 2,Page*,NAT,ALP,GRN,NAT,ALP,,,,,#DIV/0!,,#DIV/0!,,#DIV/0!,,#DIV/0!,,#DIV/0!,#DIV/0!,,,,,#DIV/0!,,#DIV/0!,,#DIV/0!,,#DIV/0!,,#DIV/0!,#DIV/0!,20702.0,,Third,16081.0,0.7767848517,4621.0,0.2232151483,,0,,0,,0,1,12044.0,,Fourth,1453.0,0.1206409831,8239.0,0.6840750581,2352.0,0.1952839588,,0,,0,1,3669.0,1.0,Sixth,836.0,0.2278550014,587.0,0.1599890978,720.0,0.1962387572,528.0,0.1439084219,998.0,0.2720087217,1,11796.0,,Fifth,2046.0,0.1734486267,2517.0,0.2133774161,1641.0,0.1391149542,5592.0,0.4740590031,,0,1,Y
,Parkes,NAT,ALP,ON,NAT,ALP,,,,,#DIV/0!,,#DIV/0!,,#DIV/0!,,#DIV/0!,,#DIV/0!,#DIV/0!,,,,,#DIV/0!,,#DIV/0!,,#DIV/0!,,#DIV/0!,,#DIV/0!,#DIV/0!,8259.0,,Fifth,4632.0,0.560842717,1062.0,0.128586996,866.0,0.1048553094,,0,1699.0,0.2057149776,1,25446.0,,Third,8503.0,0.3341586104,16943.0,0.6658413896,,0,,0,,0,1,2720.0,1.0,Sixth,348.0,0.1279411765,357.0,0.13125,210.0,0.07720588235,363.0,0.1334558824,1442.0,0.5301470588,1,22100.0,,Fourth,4743.0,0.2146153846,5789.0,0.2619457014,1655.0,0.07488687783,9913.0,0.4485520362,,0,1,Y
Base merges IND when it should exclude lowest 2,Richmond*,ALP,NAT,GRN,ALP,NAT,,,,,#DIV/0!,,#DIV/0!,,#DIV/0!,,#DIV/0!,,#DIV/0!,#DIV/0!,,,,,#DIV/0!,,#DIV/0!,,#DIV/0!,,#DIV/0!,,#DIV/0!,#DIV/0!,32027.0,,Third,27539.0,0.8598682362,4488.0,0.1401317638,,0,,0,,0,1,11529.0,,Fourth,1409.0,0.1222135484,8732.0,0.7573943967,1388.0,0.1203920548,,0,,0,1,2503.0,2.0,Sixth,280.0,0.1118657611,394.0,0.1574111067,264.0,0.1054734319,369.0,0.1474230923,1196.0,0.4778266081,1,12612.0,,Fifth,1891.0,0.1499365683,2631.0,0.2086108468,2634.0,0.2088487155,5456.0,0.4326038693,,0,1,Y
,Farrer,LIB,IND,ALP,LIB,IND,19650.0,,Third,5137.0,0.2614249364,,0,,0,14513.0,0.7385750636,,0,1,,,,,#DIV/0!,,#DIV/0!,,#DIV/0!,,#DIV/0!,,#DIV/0!,#DIV/0!,5748.0,,Fifth,2301.0,0.4003131524,524.0,0.09116214335,482.0,0.083855254,2441.0,0.4246694502,,0,1,12494.0,,Fourth,1006.0,0.08051864895,5636.0,0.4510965263,,0,5852.0,0.4683848247,,0,1,,,,,#DIV/0!,,#DIV/0!,,#DIV/0!,,#DIV/0!,,#DIV/0!,#DIV/0!,10314.0,,Sixth,792.0,0.07678883072,1876.0,0.181888695,663.0,0.06428155905,5209.0,0.5050416909,1774.0,0.1719992244,1,Y
Base merges IND when it should exclude lowest 2,Riverina,NAT,ALP,ON,NAT,ALP,,,,,#DIV/0!,,#DIV/0!,,#DIV/0!,,#DIV/0!,,#DIV/0!,#DIV/0!,,,,,#DIV/0!,,#DIV/0!,,#DIV/0!,,#DIV/0!,,#DIV/0!,#DIV/0!,5836.0,,Sixth,2925.0,0.5011994517,468.0,0.08019191227,436.0,0.07470870459,1136.0,0.1946538725,871.0,0.1492460589,1,21082.0,,Third,7648.0,0.3627739304,13434.0,0.6372260696,,0,,0,,0,1,13822.0,5!,Fourth,6367.0,0.4606424541,4350.0,0.3147156707,,0,3105.0,0.2246418753,,0,1,20673.0,,Fifth,3651.0,0.1766071688,2774.0,0.1341846853,1069.0,0.05170995985,7194.0,0.3479901321,5985.0,0.289508054,1,Y
Rethrow prefs,Chisholm,ALP,LIB,GRN,ALP,LIB,,,,,#DIV/0!,,#DIV/0!,,#DIV/0!,,#DIV/0!,,#DIV/0!,#DIV/0!,,,,,#DIV/0!,,#DIV/0!,,#DIV/0!,,#DIV/0!,,#DIV/0!,#DIV/0!,18111.0,0.1607109581,Third,15417.0,0.8512506212,2694.0,0.1487493788,,0,,0,,0,1,3743.0,0.03321413043,Fifth,268.0,0.0716003206,2241.0,0.5987176062,264.0,0.0705316591,970.0,0.2591504141,,0,1,8210.0,,Fourth,2978.0,0.36272838,1899.0,0.2313032887,3333.0,0.4059683313,,0,,0,1,4148.0,,Sixith,455.0,0.1096914176,1123.0,0.2707328833,428.0,0.1031822565,1587.0,0.3825940212,555.0,0.1337994214,1,Y
Rethrow prefs,Goldstein,LIB,IND,ALP,LIB,IND,19235.0,,Third,3718.0,0.1932934754,,0,,0,15517.0,0.8067065246,,0,1,,,,,#DIV/0!,,#DIV/0!,,#DIV/0!,,#DIV/0!,,#DIV/0!,#DIV/0!,8728.0,0.07545408176,Fourth,2647.0,0.3032768103,441.0,0.05052703941,,0,5640.0,0.6461961503,,0,1,3846.0,0.03324889992,Fifth,269.0,0.06994279771,2667.0,0.6934477379,198.0,0.05148205928,712.0,0.1851274051,,0,1,,,,,#DIV/0!,,#DIV/0!,,#DIV/0!,,#DIV/0!,,#DIV/0!,#DIV/0!,3743.0,,Sixth,507.0,0.1354528453,870.0,0.2324338766,210.0,0.05610472883,1809.0,0.483302164,347.0,0.09270638525,1,Y
Rethrow prefs,Hotham,ALP,LIB,GRN,ALP,LIB,,,,,#DIV/0!,,#DIV/0!,,#DIV/0!,,#DIV/0!,,#DIV/0!,#DIV/0!,,,,,#DIV/0!,,#DIV/0!,,#DIV/0!,,#DIV/0!,,#DIV/0!,#DIV/0!,19278.0,0.1815066236,Third,16899.0,0.8765950825,2379.0,0.1234049175,,0,,0,,0,1,7215.0,0.06793081696,Fourth,1165.0,0.1614691615,4285.0,0.5939015939,1765.0,0.2446292446,,0,,0,1,,,,,#DIV/0!,,#DIV/0!,,#DIV/0!,,#DIV/0!,,#DIV/0!,#DIV/0!,6246.0,,Fifth,1068.0,0.1709894332,1189.0,0.1903618316,1733.0,0.2774575728,2256.0,0.3611911623,,0,1,Y
Rethrow prefs,Kooyong,IND,LIB,ALP,IND,LIB,16180.0,,Third,3864.0,0.2388133498,,0,,0,12316.0,0.7611866502,,0,1,,,,,#DIV/0!,,#DIV/0!,,#DIV/0!,,#DIV/0!,,#DIV/0!,#DIV/0!,9219.0,0.08025803756,Fourth,2189.0,0.2374444083,696.0,0.07549625773,,0,6334.0,0.687059334,,0,1,2275.0,0.0198055142,Fifth,156.0,0.06857142857,1650.0,0.7252747253,151.0,0.06637362637,318.0,0.1397802198,,0,1,,,,,#DIV/0!,,#DIV/0!,,#DIV/0!,,#DIV/0!,,#DIV/0!,#DIV/0!,2599.0,,Sixth,164.0,0.06310119277,916.0,0.3524432474,168.0,0.06464024625,1074.0,0.4132358599,277.0,0.1065794536,1,Y
Rethrow prefs,Macnamara,ALP,LIB,GRN,ALP,LIB,,,,,#DIV/0!,,#DIV/0!,,#DIV/0!,,#DIV/0!,,#DIV/0!,#DIV/0!,,,,,#DIV/0!,,#DIV/0!,,#DIV/0!,,#DIV/0!,,#DIV/0!,#DIV/0!,26750.0,0.2665988957,Third,24579.0,0.9188411215,2171.0,0.0811588785,,0,,0,,0,1,3853.0,0.0384002073,Fourth,594.0,0.1541655853,2739.0,0.7108746431,520.0,0.1349597716,,0,,0,1,2128.0,,Fifth,503.0,0.2363721805,511.0,0.2401315789,582.0,0.2734962406,532.0,0.25,,0,1,1299.0,,Sixth,100.0,0.07698229407,307.0,0.2363356428,87.0,0.06697459584,518.0,0.3987682833,287.0,0.220939184,1,Y
Rethrow prefs,Cooper,ALP,GRN,LIB,ALP,GRN,,,,,#DIV/0!,,#DIV/0!,,#DIV/0!,,#DIV/0!,,#DIV/0!,#DIV/0!,21006.0,,Third,15111.0,0.7193658955,5895.0,0.2806341045,,0,,0,,0,1,,0,,,#DIV/0!,,#DIV/0!,,#DIV/0!,,#DIV/0!,,#DIV/0!,#DIV/0!,6181.0,0.05745171305,Fifth,1369.0,0.2214851966,3308.0,0.5351884808,444.0,0.07183303673,,0,1060.0,0.1714932859,1,,,,,#DIV/0!,,#DIV/0!,,#DIV/0!,,#DIV/0!,,#DIV/0!,#DIV/0!,13911.0,,Third,2615.0,0.1879807347,1418.0,0.1019337215,9878.0,0.7100855438,,0,,0,1,Y
Rethrow prefs,Melbourne,ALP,GRN,LIB,ALP,GRN,,,,,#DIV/0!,,#DIV/0!,,#DIV/0!,,#DIV/0!,,#DIV/0!,#DIV/0!,23023.0,,Third,18253.0,0.7928158798,4770.0,0.2071841202,,0,,0,,0,1,,0,,,#DIV/0!,,#DIV/0!,,#DIV/0!,,#DIV/0!,,#DIV/0!,#DIV/0!,2624.0,0.02692718168,Fifth,545.0,0.2076981707,1024.0,0.3902439024,135.0,0.05144817073,920.0,0.3506097561,,0,1,5872.0,,Fourth,1894.0,0.3225476839,2515.0,0.4283038147,1463.0,0.2491485014,,0,,0,1,2042.0,,Sixth,430.0,0.2105778648,217.0,0.1062683643,960.0,0.4701273262,87.0,0.04260528893,348.0,0.1704211557,1,Y
Rethrow prefs,Wills,ALP,GRN,LIB,ALP,GRN,,,,,#DIV/0!,,#DIV/0!,,#DIV/0!,,#DIV/0!,,#DIV/0!,#DIV/0!,18169.0,,Third,13795.0,0.7592602785,4374.0,0.2407397215,,0,,0,,0,1,,0,,,#DIV/0!,,#DIV/0!,,#DIV/0!,,#DIV/0!,,#DIV/0!,#DIV/0!,4740.0,0.04317687031,Fifth,718.0,0.1514767932,2812.0,0.5932489451,474.0,0.1,,0,736.0,0.1552742616,1,,,,,#DIV/0!,,#DIV/0!,,#DIV/0!,,#DIV/0!,,#DIV/0!,#DIV/0!,13753.0,,Fourth,2877.0,0.209190722,1236.0,0.08987130081,9640.0,0.7009379772,,0,,0,1,Y
Rethrow prefs,Fraser,ALP,GRN,LIB,ALP,GRN,,,,,#DIV/0!,,#DIV/0!,,#DIV/0!,,#DIV/0!,,#DIV/0!,#DIV/0!,23087.0,,Third,14865.0,0.6438688439,8222.0,0.3561311561,,0,,0,,0,1,,0,,,#DIV/0!,,#DIV/0!,,#DIV/0!,,#DIV/0!,,#DIV/0!,#DIV/0!,6525.0,0.06071631291,Fifth,899.0,0.1377777778,3436.0,0.5265900383,943.0,0.1445210728,,0,1247.0,0.1911111111,1,,,,,#DIV/0!,,#DIV/0!,,#DIV/0!,,#DIV/0!,,#DIV/0!,#DIV/0!,12497.0,,Fourth,2099.0,0.1679603105,1526.0,0.1221093062,7482.0,0.5987036889,1390.0,0.1112266944,,0,1,Y
Rethrow prefs,Gellibrand,ALP,LIB,GRN,ALP,LIB,,,,,#DIV/0!,,#DIV/0!,,#DIV/0!,,#DIV/0!,,#DIV/0!,#DIV/0!,,,,,#DIV/0!,,#DIV/0!,,#DIV/0!,,#DIV/0!,,#DIV/0!,#DIV/0!,20351.0,0.1934468926,Third,16878.0,0.8293449953,3473.0,0.1706550047,,0,,0,,0,1,7856.0,0.0746753864,Fourth,1727.0,0.2198319756,4756.0,0.6053971487,1373.0,0.1747708758,,0,,0,1,,,,,#DIV/0!,,#DIV/0!,,#DIV/0!,,#DIV/0!,,#DIV/0!,#DIV/0!,4396.0,,Fifth,840.0,0.1910828025,945.0,0.2149681529,1045.0,0.2377161056,1566.0,0.356232939,,0,1,Y
Rethrow prefs,Maribyrnong,ALP,LIB,GRN,ALP,LIB,,,,,#DIV/0!,,#DIV/0!,,#DIV/0!,,#DIV/0!,,#DIV/0!,#DIV/0!,,,,,#DIV/0!,,#DIV/0!,,#DIV/0!,,#DIV/0!,,#DIV/0!,#DIV/0!,24732.0,0.2224160724,Third,22247.0,0.8995228853,2485.0,0.1004771147,,0,,0,,0,1,7665.0,0.06893171578,Fourth,1349.0,0.1759947815,5178.0,0.6755381605,1138.0,0.1484670581,,0,,0,1,,,,,#DIV/0!,,#DIV/0!,,#DIV/0!,,#DIV/0!,,#DIV/0!,#DIV/0!,,,,,#DIV/0!,,#DIV/0!,,#DIV/0!,,#DIV/0!,,#DIV/0!,#DIV/0!,Y
Rethrow prefs,Aston,ALP,LIB,GRN,ALP,LIB,,,,,#DIV/0!,,#DIV/0!,,#DIV/0!,,#DIV/0!,,#DIV/0!,#DIV/0!,,,,,#DIV/0!,,#DIV/0!,,#DIV/0!,,#DIV/0!,,#DIV/0!,#DIV/0!,17071.0,0.1554042367,Third,14423.0,0.8448831351,2648.0,0.1551168649,,0,,0,,0,1,7579.0,0.06899471092,Fourth,1113.0,0.1468531469,4622.0,0.6098429872,1844.0,0.2433038659,,0,,0,1,5484.0,,Fifth,1458.0,0.2658643326,874.0,0.1593727206,2059.0,0.3754558716,1093.0,0.1993070751,,0,1,4542.0,,Sixth,555.0,0.1221928666,1196.0,0.2633201233,349.0,0.07683839718,1463.0,0.3221047996,979.0,0.2155438133,1,Y
Rethrow prefs,Deakin,ALP,LIB,GRN,ALP,LIB,,,,,#DIV/0!,,#DIV/0!,,#DIV/0!,,#DIV/0!,,#DIV/0!,#DIV/0!,,,,,#DIV/0!,,#DIV/0!,,#DIV/0!,,#DIV/0!,,#DIV/0!,#DIV/0!,19332.0,0.16736648,Third,16564.0,0.8568177116,2758.0,0.1426650114,,0,,0,,0,0.9994827229,5417.0,0.04689759062,Fifth,340.0,0.06276536829,3058.0,0.5645191065,295.0,0.05445818719,1724.0,0.318257338,,0,1,10734.0,,Fourth,3504.0,0.3264393516,2411.0,0.2246133781,4819.0,0.4489472704,,0,,0,1,5544.0,,Sixth,429.0,0.07738095238,1534.0,0.2766955267,450.0,0.08116883117,2374.0,0.4282106782,757.0,0.1365440115,1,Y
Rethrow prefs,Menzies,ALP,LIB,GRN,ALP,LIB,,,,,#DIV/0!,,#DIV/0!,,#DIV/0!,,#DIV/0!,,#DIV/0!,#DIV/0!,,,,,#DIV/0!,,#DIV/0!,,#DIV/0!,,#DIV/0!,,#DIV/0!,#DIV/0!,16885.0,0.1542995522,Third,14044.0,0.8317441516,2841.0,0.1682558484,,0,,0,,0,1,4207.0,0.03844466782,Fifth,398.0,0.09460423104,2463.0,0.5854528167,233.0,0.055383884,1113.0,0.2645590682,,0,1,8996.0,,Fourth,2907.0,0.3231436194,2173.0,0.2415518008,3916.0,0.4353045798,,0,,0,1,5829.0,,Sixth,542.0,0.09298335907,1586.0,0.2720878367,738.0,0.1266083376,2046.0,0.3510036027,917.0,0.157316864,1,Y
,Calwell,ALP,IND,LIB,ALP,IND,,,,,#DIV/0!,,#DIV/0!,,#DIV/0!,,#DIV/0!,,#DIV/0!,#DIV/0!,20030.0,,Third,6345.0,0.3167748377,,0,,0,13685.0,0.6832251623,,0,1,14946.0,0.1663772375,Fourth,10259.0,0.6864043891,989.0,0.06617155092,,0,3698.0,0.2474240599,,0,1,5008.0,0.05574850833,Sixth,498.0,0.09944089457,1261.0,0.2517971246,327.0,0.06529552716,1877.0,0.3748003195,1045.0,0.2086661342,1,,,,,#DIV/0!,,#DIV/0!,,#DIV/0!,,#DIV/0!,,#DIV/0!,#DIV/0!,27783.0,,Fifth,5118.0,0.1842133679,4089.0,0.1471763308,7287.0,0.2622826909,,0,11289.0,0.4063276104,1,Y
Rethrow prefs,Jagajaga,ALP,LIB,GRN,ALP,LIB,,,,,#DIV/0!,,#DIV/0!,,#DIV/0!,,#DIV/0!,,#DIV/0!,#DIV/0!,,,,,#DIV/0!,,#DIV/0!,,#DIV/0!,,#DIV/0!,,#DIV/0!,#DIV/0!,21083.0,0.1897676847,Third,19024.0,0.9023383769,2059.0,0.09766162311,,0,,0,,0,1,5379.0,0.04841627737,Fifth,643.0,0.1195389478,3003.0,0.5582822086,269.0,0.05000929541,1464.0,0.2721695482,,0,1,8102.0,,Fourth,2626.0,0.3241175019,2278.0,0.2811651444,3198.0,0.3947173537,,0,,0,1,3213.0,,Sixth,281.0,0.0874572051,1177.0,0.3663243075,282.0,0.08776844071,1031.0,0.3208839091,442.0,0.1375661376,1,Y
Rethrow prefs,Scullin,ALP,LIB,GRN,ALP,LIB,,,,,#DIV/0!,,#DIV/0!,,#DIV/0!,,#DIV/0!,,#DIV/0!,#DIV/0!,,,,,#DIV/0!,,#DIV/0!,,#DIV/0!,,#DIV/0!,,#DIV/0!,#DIV/0!,19161.0,0.1984670361,Third,13295.0,0.6938573143,5866.0,0.3061426857,,0,,0,,0,1,13285.0,0.137604226,Fourth,2322.0,0.1747835905,6476.0,0.4874670681,4487.0,0.3377493414,,0,,0,1,,,,,#DIV/0!,,#DIV/0!,,#DIV/0!,,#DIV/0!,,#DIV/0!,#DIV/0!,17899.0,,Fifth,3107.0,0.1735851165,2324.0,0.1298396558,5584.0,0.3119727359,6884.0,0.3846024918,,0,1,Y
Rethrow prefs,Bruce,ALP,LIB,GRN,ALP,LIB,,,,,#DIV/0!,,#DIV/0!,,#DIV/0!,,#DIV/0!,,#DIV/0!,#DIV/0!,,,,,#DIV/0!,,#DIV/0!,,#DIV/0!,,#DIV/0!,,#DIV/0!,#DIV/0!,18888.0,0.1725026029,Third,15869.0,0.8401630665,3019.0,0.1598369335,,0,,0,,0,1,13989.0,0.1277604252,Fourth,2773.0,0.1982271785,7828.0,0.5595825291,3388.0,0.2421902924,,0,,0,1,,,,,#DIV/0!,,#DIV/0!,,#DIV/0!,,#DIV/0!,,#DIV/0!,#DIV/0!,12518.0,,Fifth,2499.0,0.1996325292,2674.0,0.2136123981,2287.0,0.1826969164,5058.0,0.4040581563,,0,1,Y
Rethrow prefs,Dunkley,ALP,LIB,GRN,ALP,LIB,,,,,#DIV/0!,,#DIV/0!,,#DIV/0!,,#DIV/0!,,#DIV/0!,#DIV/0!,,,,,#DIV/0!,,#DIV/0!,,#DIV/0!,,#DIV/0!,,#DIV/0!,#DIV/0!,18618.0,0.1705397954,Third,15655.0,0.840852938,2963.0,0.159147062,,0,,0,,0,1,10776.0,0.09870753222,Fourth,1834.0,0.1701930215,6472.0,0.6005939124,2470.0,0.2292130661,,0,,0,1,3772.0,,Sixth,748.0,0.1983032874,661.0,0.1752386002,687.0,0.1821314952,958.0,0.2539766702,718.0,0.190349947,1,8897.0,,Fifth,2285.0,0.2568281443,1476.0,0.1658986175,2812.0,0.3160615938,2324.0,0.2612116444,,0,1,Y
Rethrow prefs,Holt,ALP,LIB,GRN,ALP,LIB,,,,,#DIV/0!,,#DIV/0!,,#DIV/0!,,#DIV/0!,,#DIV/0!,#DIV/0!,,,,,#DIV/0!,,#DIV/0!,,#DIV/0!,,#DIV/0!,,#DIV/0!,#DIV/0!,17309.0,0.174426104,Third,14302.0,0.8262753481,3007.0,0.1737246519,,0,,0,,0,1,11627.0,0.1171675031,Fourth,2314.0,0.1990195235,6315.0,0.5431323643,2998.0,0.2578481122,,0,,0,1,,,,,#DIV/0!,,#DIV/0!,,#DIV/0!,,#DIV/0!,,#DIV/0!,#DIV/0!,9930.0,,Fifth,2236.0,0.2251762336,1533.0,0.1543806647,3189.0,0.3211480363,2972.0,0.2992950655,,0,1,Y
Rethrow prefs,Isaacs,ALP,LIB,GRN,ALP,LIB,,,,,#DIV/0!,,#DIV/0!,,#DIV/0!,,#DIV/0!,,#DIV/0!,#DIV/0!,,,,,#DIV/0!,,#DIV/0!,,#DIV/0!,,#DIV/0!,,#DIV/0!,#DIV/0!,17118.0,0.1582348102,Third,14504.0,0.8472952448,2614.0,0.1527047552,,0,,0,,0,1,6434.0,0.05947439939,Fourth,974.0,0.1513832763,4411.0,0.6855766242,1049.0,0.1630400995,,0,,0,1,,,,,#DIV/0!,,#DIV/0!,,#DIV/0!,,#DIV/0!,,#DIV/0!,#DIV/0!,3878.0,,Fifth,672.0,0.1732851986,892.0,0.2300154719,869.0,0.2240845797,1445.0,0.3726147499,,0,1,Y
Rethrow prefs,Gorton,ALP,LIB,GRN,ALP,LIB,,,,,#DIV/0!,,#DIV/0!,,#DIV/0!,,#DIV/0!,,#DIV/0!,#DIV/0!,,,,,#DIV/0!,,#DIV/0!,,#DIV/0!,,#DIV/0!,,#DIV/0!,#DIV/0!,17182.0,0.1514766817,Third,13081.0,0.761319986,4101.0,0.238680014,,0,,0,,0,1,10102.0,0.08905933175,Fourth,2298.0,0.227479707,5623.0,0.556622451,2181.0,0.215897842,,0,,0,1,,,,,#DIV/0!,,#DIV/0!,,#DIV/0!,,#DIV/0!,,#DIV/0!,#DIV/0!,11027.0,,Fifth,3066.0,0.2780447991,2239.0,0.2030470663,2757.0,0.2500226716,2965.0,0.268885463,,0,1,Y
Rethrow prefs,Lalor,ALP,LIB,GRN,ALP,LIB,,,,,#DIV/0!,,#DIV/0!,,#DIV/0!,,#DIV/0!,,#DIV/0!,#DIV/0!,,,,,#DIV/0!,,#DIV/0!,,#DIV/0!,,#DIV/0!,,#DIV/0!,#DIV/0!,19136.0,0.1927400185,Third,15785.0,0.8248850334,3351.0,0.1751149666,,0,,0,,0,1,9350.0,0.0941742879,Fourth,2021.0,0.2161497326,5367.0,0.5740106952,1962.0,0.2098395722,,0,,0,1,2370.0,,Sixth,431.0,0.1818565401,432.0,0.182278481,752.0,0.3172995781,284.0,0.1198312236,471.0,0.1987341772,1,6334.0,,Fifth,1240.0,0.1957688664,1504.0,0.2374486896,1241.0,0.1959267446,2080.0,0.3283864856,269.0,0.04246921377,1,Y
Rethrow prefs,La Trobe,LIB,ALP,GRN,LIB,ALP,,,,,#DIV/0!,,#DIV/0!,,#DIV/0!,,#DIV/0!,,#DIV/0!,#DIV/0!,,,,,#DIV/0!,,#DIV/0!,,#DIV/0!,,#DIV/0!,,#DIV/0!,#DIV/0!,16686.0,0.1610337972,Third,12836.0,0.7692676495,3850.0,0.2307323505,,0,,0,,0,1,11654.0,0.1124708062,Fourth,1908.0,0.1637206109,7398.0,0.6348035009,2348.0,0.2014758881,,0,,0,1,,,,,#DIV/0!,,#DIV/0!,,#DIV/0!,,#DIV/0!,,#DIV/0!,#DIV/0!,8440.0,,Fifth,1641.0,0.1944312796,2149.0,0.2546208531,952.0,0.1127962085,3698.0,0.4381516588,,0,1,Y
Rethrow prefs,Ballarat,ALP,LIB,GRN,ALP,LIB,,,,,#DIV/0!,,#DIV/0!,,#DIV/0!,,#DIV/0!,,#DIV/0!,#DIV/0!,,,,,#DIV/0!,,#DIV/0!,,#DIV/0!,,#DIV/0!,,#DIV/0!,#DIV/0!,18017.0,0.1723455137,Third,15209.0,0.8441471943,2808.0,0.1558528057,,0,,0,,0,1,10772.0,0.1030418978,Fourth,2313.0,0.2147233569,6734.0,0.6251392499,1725.0,0.1601373932,,0,,0,1,3329.0,,Fifth,609.0,0.1829378192,414.0,0.1243616702,555.0,0.1667167318,621.0,0.1865425053,1130.0,0.3394412737,1,5567.0,,Sixth,1015.0,0.1823244117,1282.0,0.2302856116,753.0,0.1352613616,2122.0,0.38117478,395.0,0.0709538351,1,Y
Rethrow prefs,Bendigo**,ALP,LIB,GRN,ALP,LIB,,,,,#DIV/0!,,#DIV/0!,,#DIV/0!,,#DIV/0!,,#DIV/0!,#DIV/0!,,,,,#DIV/0!,,#DIV/0!,,#DIV/0!,,#DIV/0!,,#DIV/0!,#DIV/0!,17845.0,0.1673748089,Third,14718.0,0.8247688428,3127.0,0.1752311572,,0,,0,,0,1,7890.0,0.07400320774,Fifth,1073.0,0.1359949303,4035.0,0.5114068441,1092.0,0.1384030418,,0,1690.0,0.2141951838,1,,,,,#DIV/0!,,#DIV/0!,,#DIV/0!,,#DIV/0!,,#DIV/0!,#DIV/0!,22907.0,,Fourth,3064.0,0.1337582398,12836.0,0.5603527306,4514.0,0.197057668,2493.0,0.1088313616,,0,1,Y
Rethrow prefs,Corangamite,ALP,LIB,GRN,ALP,LIB,,,,,#DIV/0!,,#DIV/0!,,#DIV/0!,,#DIV/0!,,#DIV/0!,#DIV/0!,,,,,#DIV/0!,,#DIV/0!,,#DIV/0!,,#DIV/0!,,#DIV/0!,#DIV/0!,20236.0,0.1945395116,Third,17831.0,0.8811524017,2405.0,0.1188475983,,0,,0,,0,1,5460.0,0.05248990579,Fifth,606.0,0.110989011,2721.0,0.4983516484,350.0,0.0641025641,1783.0,0.3265567766,,0,1,7584.0,,Fourth,1935.0,0.2551424051,1793.0,0.2364187764,3856.0,0.5084388186,,0,,0,1,6884.0,,Sixth,1195.0,0.1735909355,1232.0,0.1789657176,1105.0,0.1605171412,2116.0,0.3073794306,1236.0,0.1795467751,1,Y
Rethrow prefs,Corio,ALP,LIB,GRN,ALP,LIB,,,,,#DIV/0!,,#DIV/0!,,#DIV/0!,,#DIV/0!,,#DIV/0!,#DIV/0!,,,,,#DIV/0!,,#DIV/0!,,#DIV/0!,,#DIV/0!,,#DIV/0!,#DIV/0!,24146.0,0.2190570368,Third,18638.0,0.7718876833,5508.0,0.2281123167,,0,,0,,0,1,12880.0,0.1168497736,Fourth,2470.0,0.1917701863,6766.0,0.525310559,3644.0,0.2829192547,,0,,0,1,4460.0,,Fifth,919.0,0.2060538117,715.0,0.1603139013,1271.0,0.2849775785,1555.0,0.3486547085,,0,1,3209.0,,Sixth,450.0,0.1402306014,117.0,0.03645995637,1740.0,0.5422249922,372.0,0.1159239639,530.0,0.1651604861,1,Y
Rethrow prefs,Hawke,ALP,LIB,GRN,ALP,LIB,,,,,#DIV/0!,,#DIV/0!,,#DIV/0!,,#DIV/0!,,#DIV/0!,#DIV/0!,,,,,#DIV/0!,,#DIV/0!,,#DIV/0!,,#DIV/0!,,#DIV/0!,#DIV/0!,17275.0,0.1663985667,Third,14126.0,0.8177134588,3149.0,0.1822865412,,0,,0,,0,1,13055.0,0.125750118,Fourth,2589.0,0.1983148219,7621.0,0.5837610111,2845.0,0.217924167,,0,,0,1,,,,,#DIV/0!,,#DIV/0!,,#DIV/0!,,#DIV/0!,,#DIV/0!,#DIV/0!,11602.0,,Fifth,2496.0,0.2151353215,1834.0,0.1580761938,4252.0,0.3664885365,3020.0,0.2602999483,,0,1,Y
Rethrow prefs,Casey,LIB,ALP,IND,LIB,ALP,,,,,#DIV/0!,,#DIV/0!,,#DIV/0!,,#DIV/0!,,#DIV/0!,#DIV/0!,,,,,#DIV/0!,,#DIV/0!,,#DIV/0!,,#DIV/0!,,#DIV/0!,#DIV/0!,14517.0,0.1312793337,Fourth,6227.0,0.4289453744,874.0,0.06020527657,,0,7416.0,0.510849349,,0,1,9612.0,0.08692270824,Fifth,887.0,0.09228048273,5144.0,0.5351643779,1032.0,0.1073657928,2549.0,0.2651893467,,0,1,22820.0,,Third,17374.0,0.7613496933,5446.0,0.2386503067,,0,,0,,0,1,9249.0,,Sixth,776.0,0.08390096227,1821.0,0.1968861499,1378.0,0.1489890799,4009.0,0.4334522651,1265.0,0.1367715429,1,Y
Rethrow prefs,Flinders*,LIB,IND,ALP,LIB,IND,30194.0,,Third,23548.0,0.7798900444,,0,,0,6646.0,0.2201099556,,0,1,,,,,#DIV/0!,,#DIV/0!,,#DIV/0!,,#DIV/0!,,#DIV/0!,#DIV/0!,7971.0,0.06935948418,Fourth,3525.0,0.4422280768,572.0,0.07176013047,,0,3874.0,0.4860117927,,0,1,7439.0,0.06473029768,Fifth,696.0,0.09356096249,4656.0,0.6258905767,360.0,0.04839360129,1727.0,0.2321548595,,0,1,,,,,#DIV/0!,,#DIV/0!,,#DIV/0!,,#DIV/0!,,#DIV/0!,#DIV/0!,4124.0,,Sixth,351.0,0.08511154219,841.0,0.203928225,306.0,0.07419980601,1348.0,0.3268671193,1278.0,0.3098933075,1,Y
Rethrow prefs,Gippsland,NAT,ALP,ON,NAT,ALP,,,,,#DIV/0!,,#DIV/0!,,#DIV/0!,,#DIV/0!,,#DIV/0!,#DIV/0!,,,,,#DIV/0!,,#DIV/0!,,#DIV/0!,,#DIV/0!,,#DIV/0!,#DIV/0!,9212.0,0.08793600489,Fourth,6844.0,0.7429439861,1710.0,0.1856274425,658.0,0.07142857143,,0,,0,1,17197.0,0.1641593005,Third,2626.0,0.1527010525,14571.0,0.8472989475,,0,,0,,0,1,,,,,#DIV/0!,,#DIV/0!,,#DIV/0!,,#DIV/0!,,#DIV/0!,#DIV/0!,3416.0,,Fifth,341.0,0.09982435597,1339.0,0.3919789227,315.0,0.09221311475,1421.0,0.4159836066,,0,1,Y
Rethrow prefs,Monash*,LIB,ALP,IND,LIB,ALP,,,,,#DIV/0!,,#DIV/0!,,#DIV/0!,,#DIV/0!,,#DIV/0!,#DIV/0!,,,,,#DIV/0!,,#DIV/0!,,#DIV/0!,,#DIV/0!,,#DIV/0!,#DIV/0!,6197.0,0.06044733171,Sixth,2238.0,0.3611424883,307.0,0.04954010005,295.0,0.0476036792,2968.0,0.4789414233,389.0,0.06277230918,1,10662.0,0.1040002341,Fifth,1641.0,0.1539110861,3191.0,0.2992871881,,0,1390.0,0.1303695367,4440.0,0.4164321891,1,,,,,#DIV/0!,,#DIV/0!,,#DIV/0!,,#DIV/0!,,#DIV/0!,#DIV/0!,21606.0,,Third,3776.0,0.1747662686,10947.0,0.5066648153,1135.0,0.05253170416,1421.0,0.06576876793,4327.0,0.200268444,1,Y
Rethrow prefs,Indi*,IND,LIB,ON,IND,LIB,10706.0,,Fourth,1528.0,0.1427237063,,0,1359.0,0.1269381655,7819.0,0.7303381282,,0,1,,,,,#DIV/0!,,#DIV/0!,,#DIV/0!,,#DIV/0!,,#DIV/0!,#DIV/0!,5010.0,0.0473646892,Fifth,1237.0,0.2469061876,300.0,0.05988023952,668.0,0.1333333333,2805.0,0.5598802395,,0,1,12657.0,0.1196596549,Third,,0,8018.0,0.6334834479,,0,4639.0,0.3665165521,,0,1,,,,,#DIV/0!,,#DIV/0!,,#DIV/0!,,#DIV/0!,,#DIV/0!,#DIV/0!,8289.0,,Sixth,645.0,0.07781397032,1426.0,0.1720352274,1171.0,0.1412715647,3019.0,0.3642176378,2028.0,0.2446615997,1,Y
Rethrow prefs,McEwen,ALP,LIB,GRN,ALP,LIB,,,,,#DIV/0!,,#DIV/0!,,#DIV/0!,,#DIV/0!,,#DIV/0!,#DIV/0!,,,,,#DIV/0!,,#DIV/0!,,#DIV/0!,,#DIV/0!,,#DIV/0!,#DIV/0!,18242.0,0.1743660329,Third,13788.0,0.7558381756,4454.0,0.2441618244,,0,,0,,0,1,11349.0,0.1084793393,Fourth,2064.0,0.1818662437,6963.0,0.6135342321,2322.0,0.2045995242,,0,,0,1,,,,,#DIV/0!,,#DIV/0!,,#DIV/0!,,#DIV/0!,,#DIV/0!,#DIV/0!,13034.0,,Fifth,2357.0,0.1808347399,1888.0,0.1448519257,4309.0,0.3305969004,4480.0,0.3437164339,,0,1,Y
Rethrow prefs,Nicholls,NAT,ALP,ON,NAT,ALP,,,,,#DIV/0!,,#DIV/0!,,#DIV/0!,,#DIV/0!,,#DIV/0!,#DIV/0!,,,,,#DIV/0!,,#DIV/0!,,#DIV/0!,,#DIV/0!,,#DIV/0!,#DIV/0!,9229.0,0.08751600209,Fourth,6303.0,0.6829558999,2053.0,0.2224509698,873.0,0.09459313035,,0,,0,1,18134.0,0.1719596036,Third,3885.0,0.2142384471,14249.0,0.7857615529,,0,,0,,0,1,,,,,#DIV/0!,,#DIV/0!,,#DIV/0!,,#DIV/0!,,#DIV/0!,#DIV/0!,10798.0,,Fifth,1815.0,0.1680866827,2823.0,0.2614373032,994.0,0.09205408409,5166.0,0.47842193,,0,1,Y
Rethrow prefs,Mallee,NAT,ALP,ON,NAT,ALP,,,,,#DIV/0!,,#DIV/0!,,#DIV/0!,,#DIV/0!,,#DIV/0!,#DIV/0!,,,,,#DIV/0!,,#DIV/0!,,#DIV/0!,,#DIV/0!,,#DIV/0!,#DIV/0!,10918.0,0.09810317097,Fourth,6473.0,0.5928741528,3498.0,0.3203883495,947.0,0.08673749771,,0,,0,1,17509.0,0.1573262887,Third,4200.0,0.2398766349,13309.0,0.7601233651,,0,,0,,0,1,,,,,#DIV/0!,,#DIV/0!,,#DIV/0!,,#DIV/0!,,#DIV/0!,#DIV/0!,11424.0,,Fifth,1598.0,0.1398809524,3237.0,0.2833508403,1441.0,0.1261379552,5148.0,0.4506302521,,0,1,Y
Rethrow prefs,Wannon,LIB,IND,ALP,LIB,IND,14628.0,0.1349,Third,4341.0,0.296759639,,0,,0,10287.0,0.703240361,,0,1,,,,,#DIV/0!,,#DIV/0!,,#DIV/0!,,#DIV/0!,,#DIV/0!,#DIV/0!,4332.0,0.03995720189,Fifth,1262.0,0.2913204063,347.0,0.08010156971,341.0,0.07871652816,2382.0,0.5498614958,,0,1,7399.0,0.0682463843,Fourth,996.0,0.1346127855,4302.0,0.581429923,,0,2101.0,0.2839572915,,0,1,,,,,#DIV/0!,,#DIV/0!,,#DIV/0!,,#DIV/0!,,#DIV/0!,#DIV/0!,7094.0,,Sixth,748.0,0.1054412179,1349.0,0.1901606992,863.0,0.1216521004,2447.0,0.3449393854,1687.0,0.2378065971,1,Y
,Brisbane,ALP,LNP,GRN,ALP,LNP,,,,,#DIV/0!,,#DIV/0!,,#DIV/0!,,#DIV/0!,,#DIV/0!,#DIV/0!,,,,,#DIV/0!,,#DIV/0!,,#DIV/0!,,#DIV/0!,,#DIV/0!,#DIV/0!,30520.0,,Third,27897.0,0.9140563565,2623.0,0.08594364351,,0,,0,,0,1,5359.0,,Fourth,966.0,0.1802575107,3649.0,0.6809106177,744.0,0.1388318716,,0,,0,1,,0.0,,,#DIV/0!,,#DIV/0!,,#DIV/0!,,#DIV/0!,,#DIV/0!,#DIV/0!,5726,,Fifth,825.0,0.1440796367,1227.0,0.2142857143,1113.0,0.1943765281,2561.0,0.4472581209,,0,1,Y
,Lilley,ALP,LNP,GRN,ALP,LNP,,,,,#DIV/0!,,#DIV/0!,,#DIV/0!,,#DIV/0!,,#DIV/0!,#DIV/0!,,,,,#DIV/0!,,#DIV/0!,,#DIV/0!,,#DIV/0!,,#DIV/0!,#DIV/0!,19411.0,,Third,17163.0,0.8841893772,2248.0,0.1158106228,,0,,0,,0,1,7478.0,,Fourth,1195.0,0.1598020861,4929.0,0.6591334581,1354.0,0.1810644557,,0,,0,1,,0.0,,,#DIV/0!,,#DIV/0!,,#DIV/0!,,#DIV/0!,,#DIV/0!,#DIV/0!,5874,,Fifth,1090.0,0.1855635002,1028.0,0.1750085121,763.0,0.1298944501,2993.0,0.5095335376,,0,1,Y
3CP in need of hypo rebalancing,Griffith,ALP,GRN,LNP,ALP,GRN,,,,,#DIV/0!,,#DIV/0!,,#DIV/0!,,#DIV/0!,,#DIV/0!,#DIV/0!,34115.0,,Third,27110.0,0.7946651033,7005.0,0.2053348967,,0,,0,,0,1,,,,,#DIV/0!,,#DIV/0!,,#DIV/0!,,#DIV/0!,,#DIV/0!,#DIV/0!,5120.0,,Fourth,747.0,0.1458984375,3512.0,0.6859375,861.0,0.1681640625,,0,,0,1,,0.0,,,#DIV/0!,,#DIV/0!,,#DIV/0!,,#DIV/0!,,#DIV/0!,#DIV/0!,5247,,Fifth,611.0,0.1164474938,1578.0,0.3007432819,622.0,0.1185439299,2436.0,0.4642652945,,0,1,Y
,Moreton,ALP,LNP,GRN,ALP,LNP,,,,,#DIV/0!,,#DIV/0!,,#DIV/0!,,#DIV/0!,,#DIV/0!,#DIV/0!,,,,,#DIV/0!,,#DIV/0!,,#DIV/0!,,#DIV/0!,,#DIV/0!,#DIV/0!,22326.0,,Third,19772.0,0.8856042283,2554.0,0.1143957717,,0,,0,,0,1,5632.0,,Fourth,925.0,0.1642400568,3698.0,0.6566051136,1009.0,0.1791548295,,0,,0,1,,0.0,,,#DIV/0!,,#DIV/0!,,#DIV/0!,,#DIV/0!,,#DIV/0!,#DIV/0!,6984,,Fifth,1620.0,0.2319587629,1433.0,0.2051832761,985.0,0.1410366552,2946.0,0.4218213058,,0,1,Y
,Bonner,ALP,LNP,GRN,ALP,LNP,,,,,#DIV/0!,,#DIV/0!,,#DIV/0!,,#DIV/0!,,#DIV/0!,#DIV/0!,,,,,#DIV/0!,,#DIV/0!,,#DIV/0!,,#DIV/0!,,#DIV/0!,#DIV/0!,15165.0,,Third,12790.0,0.8433893834,2375.0,0.1566106166,,0,,0,,0,1,7077.0,,Fourth,1150.0,0.1624982337,4760.0,0.6726013848,1167.0,0.1649003815,,0,,0,1,,0.0,,,#DIV/0!,,#DIV/0!,,#DIV/0!,,#DIV/0!,,#DIV/0!,#DIV/0!,8698,4.0,Fifth,1412.0,0.1623361692,2309.0,0.2654633249,1684.0,0.1936077259,3293.0,0.3785927799,,0,1,Y
,Bowman,LNP,ALP,GRN,LNP,ALP,,,,,#DIV/0!,,#DIV/0!,,#DIV/0!,,#DIV/0!,,#DIV/0!,#DIV/0!,,,,,#DIV/0!,,#DIV/0!,,#DIV/0!,,#DIV/0!,,#DIV/0!,#DIV/0!,17004.0,,Third,13094.0,0.7700541049,3910.0,0.2299458951,,0,,0,,0,1,12418.0,,Fourth,2105.0,0.1695119987,7832.0,0.6306973748,2481.0,0.1997906265,,0,,0,1,4044.0,1.0,Sixth,964.0,0.2383778437,484.0,0.1196834817,1058.0,0.2616221563,920.0,0.2274975272,618.0,0.1528189911,1,7764,2.0,Fifth,1121.0,0.144384338,1692.0,0.2179289026,951.0,0.122488408,4000.0,0.5151983514,,0,1,Y
,Dickson,ALP,LNP,IND,ALP,LNP,,,,,#DIV/0!,,#DIV/0!,,#DIV/0!,,#DIV/0!,,#DIV/0!,#DIV/0!,,,,,#DIV/0!,,#DIV/0!,,#DIV/0!,,#DIV/0!,,#DIV/0!,#DIV/0!,9672.0,,Fourth,5138.0,0.5312241522,420.0,0.04342431762,,0,4114.0,0.4253515302,,0,1,6686.0,,Fifth,594.0,0.08884235716,3365.0,0.5032904577,403.0,0.06027520191,2324.0,0.3475919832,,0,1,21495.0,1.0,Third,16545.0,0.769713887,4950.0,0.230286113,,0,,0,,0,1,8085,4.0,Sixth,1336.0,0.1652442795,1101.0,0.1361781076,1208.0,0.1494124923,2257.0,0.2791589363,2183.0,0.2700061843,1,Y
,Petrie,ALP,LNP,GRN,ALP,LNP,,,,,#DIV/0!,,#DIV/0!,,#DIV/0!,,#DIV/0!,,#DIV/0!,#DIV/0!,,,,,#DIV/0!,,#DIV/0!,,#DIV/0!,,#DIV/0!,,#DIV/0!,#DIV/0!,17660.0,,Third,13684.0,0.7748584371,3976.0,0.2251415629,,0,,0,,0,1,12340.0,,Fourth,2573.0,0.2085089141,7365.0,0.5968395462,2402.0,0.1946515397,,0,,0,1,,0.0,,,#DIV/0!,,#DIV/0!,,#DIV/0!,,#DIV/0!,,#DIV/0!,#DIV/0!,8408,2.0,Fifth,966.0,0.1148905804,1494.0,0.1776879163,1456.0,0.173168411,4492.0,0.5342530923,,0,1,Y
,Fadden,LNP,ALP,ON,LNP,ALP,,,,,#DIV/0!,,#DIV/0!,,#DIV/0!,,#DIV/0!,,#DIV/0!,#DIV/0!,,,,,#DIV/0!,,#DIV/0!,,#DIV/0!,,#DIV/0!,,#DIV/0!,#DIV/0!,13355.0,,Fourth,9334.0,0.6989142643,1967.0,0.1472856608,2054.0,0.1538000749,,0,,0,1,18503.0,,Third,5521.0,0.2983840458,12982.0,0.7016159542,,0,,0,,0,1,3428.0,1.0,Sixth,649.0,0.1893232205,361.0,0.1053092182,1243.0,0.3626021004,354.0,0.1032672112,821.0,0.2394982497,1,13503,4.0,Fifth,2061.0,0.1526327483,2459.0,0.1821076798,1853.0,0.137228764,7130.0,0.528030808,,0,1,Y
,Forde,LNP,ALP,ON,LNP,ALP,,,,,#DIV/0!,,#DIV/0!,,#DIV/0!,,#DIV/0!,,#DIV/0!,#DIV/0!,,,,,#DIV/0!,,#DIV/0!,,#DIV/0!,,#DIV/0!,,#DIV/0!,#DIV/0!,14860.0,,Fourth,10357.0,0.6969717362,2238.0,0.1506056528,2265.0,0.152422611,,0,,0,1,19912.0,,Third,6491.0,0.3259843311,13421.0,0.6740156689,,0,,0,,0,1,3377.0,1.0,Sixth,571.0,0.1690849867,336.0,0.09949659461,595.0,0.1761918863,730.0,0.2161681966,1145.0,0.3390583358,1,12249,3.0,Fifth,1454.0,0.1187035676,2867.0,0.2340599233,2019.0,0.164829782,5909.0,0.4824067271,,0,1,Y
,Oxley,ALP,LNP,GRN,ALP,LNP,,,,,#DIV/0!,,#DIV/0!,,#DIV/0!,,#DIV/0!,,#DIV/0!,#DIV/0!,,,,,#DIV/0!,,#DIV/0!,,#DIV/0!,,#DIV/0!,,#DIV/0!,#DIV/0!,17399.0,,Third,13879.0,0.7976895224,3520.0,0.2023104776,,0,,0,,0,1,9022.0,,Fourth,1995.0,0.2211261361,5248.0,0.5816892042,1779.0,0.1971846597,,0,,0,1,1435.0,1.0,Sixth,223.0,0.1554006969,93.0,0.06480836237,508.0,0.3540069686,168.0,0.1170731707,443.0,0.3087108014,1,6486,2.0,Fifth,1015.0,0.1564909035,1222.0,0.1884057971,1133.0,0.1746839346,3116.0,0.4804193648,,0,1,Y
,Rankin,ALP,LNP,GRN,ALP,LNP,,,,,#DIV/0!,,#DIV/0!,,#DIV/0!,,#DIV/0!,,#DIV/0!,#DIV/0!,,,,,#DIV/0!,,#DIV/0!,,#DIV/0!,,#DIV/0!,,#DIV/0!,#DIV/0!,15334.0,,Third,10931.0,0.7128603104,4403.0,0.2871396896,,0,,0,,0,1,11059.0,,Fourth,2271.0,0.2053531061,6311.0,0.5706664255,2477.0,0.2239804684,,0,,0,1,,0.0,,,#DIV/0!,,#DIV/0!,,#DIV/0!,,#DIV/0!,,#DIV/0!,#DIV/0!,12212,5.0,Fifth,1587.0,0.1299541435,2762.0,0.2261709794,2825.0,0.2313298395,5038.0,0.4125450377,,0,1,Y
,Ryan,GRN,LNP,ALP,GRN,LNP,30893.0,,Third,7486.0,0.2423202667,23407.0,0.7576797333,,0,,0,,0,1,,,,,#DIV/0!,,#DIV/0!,,#DIV/0!,,#DIV/0!,,#DIV/0!,#DIV/0!,,,,,#DIV/0!,,#DIV/0!,,#DIV/0!,,#DIV/0!,,#DIV/0!,#DIV/0!,5265.0,,Fourth,740.0,0.1405508072,3852.0,0.7316239316,673.0,0.1278252612,,0,,0,1,,0.0,,,#DIV/0!,,#DIV/0!,,#DIV/0!,,#DIV/0!,,#DIV/0!,#DIV/0!,6126,3.0,Fifth,936.0,0.152791381,1206.0,0.1968658178,1046.0,0.170747633,2938.0,0.4795951681,,0,1,Y
,Blair,ALP,LNP,ON,ALP,LNP,,,,,#DIV/0!,,#DIV/0!,,#DIV/0!,,#DIV/0!,,#DIV/0!,#DIV/0!,,,,,#DIV/0!,,#DIV/0!,,#DIV/0!,,#DIV/0!,,#DIV/0!,#DIV/0!,16043.0,,Third,11592.0,0.722558125,1621.0,0.1010409524,2830.0,0.1764009225,,0,,0,1,22755.0,,Third,7593.0,0.3336849044,15162.0,0.6663150956,,0,,0,,0,1,,0.0,,,#DIV/0!,,#DIV/0!,,#DIV/0!,,#DIV/0!,,#DIV/0!,#DIV/0!,18883,6.0,Fifth,3146.0,0.1666048827,3217.0,0.1703648785,3939.0,0.2086003283,8581.0,0.4544299105,,0,1,Y
,Capricornia,LNP,ALP,ON,LNP,ALP,,,,,#DIV/0!,,#DIV/0!,,#DIV/0!,,#DIV/0!,,#DIV/0!,#DIV/0!,,,,,#DIV/0!,,#DIV/0!,,#DIV/0!,,#DIV/0!,,#DIV/0!,#DIV/0!,6513.0,,Fifth,4453.0,0.6837095041,863.0,0.1325042223,756.0,0.1160755412,,0,441.0,0.06771073238,1,22302.0,,Third,6032.0,0.2704690162,16270.0,0.7295309838,,0,,0,,0,1,,0.0,,,#DIV/0!,,#DIV/0!,,#DIV/0!,,#DIV/0!,,#DIV/0!,#DIV/0!,10149,2.0,Fourth,1887.0,0.1859296482,1933.0,0.1904621145,,0,6329.0,0.6236082373,,0,1,Y
,Herbert,LNP,ALP,OTH,LNP,ALP,,,,,#DIV/0!,,#DIV/0!,,#DIV/0!,,#DIV/0!,,#DIV/0!,#DIV/0!,,,,,#DIV/0!,,#DIV/0!,,#DIV/0!,,#DIV/0!,,#DIV/0!,#DIV/0!,10398.0,,Fourth,7304.0,0.7024427775,1328.0,0.1277168686,,0,,0,1766.0,0.1698403539,1,7014.0,,Fifth,336.0,0.04790419162,1668.0,0.2378100941,451.0,0.06429997149,,0,4559.0,0.6499857428,1,,0.0,,,#DIV/0!,,#DIV/0!,,#DIV/0!,,#DIV/0!,,#DIV/0!,#DIV/0!,40220,4.0,Third,18073.0,0.4493535554,22147.0,0.5506464446,,0,,0,,0,1,Y
,Hinkler,LNP,ALP,ON,LNP,ALP,,,,,#DIV/0!,,#DIV/0!,,#DIV/0!,,#DIV/0!,,#DIV/0!,#DIV/0!,,,,,#DIV/0!,,#DIV/0!,,#DIV/0!,,#DIV/0!,,#DIV/0!,#DIV/0!,9719.0,,Fourth,5430.0,0.5586994547,2438.0,0.2508488528,1851.0,0.1904516926,,0,,0,1,22498.0,,Third,6811.0,0.3027380212,15687.0,0.6972619788,,0,,0,,0,1,3201.0,1.0,Sixth,558.0,0.1743205248,517.0,0.1615120275,593.0,0.1852546079,507.0,0.1583880037,1026.0,0.320524836,1,9024,2.0,Fifth,933.0,0.1033909574,1323.0,0.1466090426,1126.0,0.1247783688,5642.0,0.6252216312,,0,1,Y
,Longman,LNP,ALP,ON,LNP,ALP,,,,,#DIV/0!,,#DIV/0!,,#DIV/0!,,#DIV/0!,,#DIV/0!,#DIV/0!,,,,,#DIV/0!,,#DIV/0!,,#DIV/0!,,#DIV/0!,,#DIV/0!,#DIV/0!,13373.0,,Fourth,9250.0,0.6916922157,1572.0,0.1175502879,2551.0,0.1907574964,,0,,0,1,20362.0,,Third,6872.0,0.3374914056,13490.0,0.6625085944,,0,,0,,0,1,,0.0,,,#DIV/0!,,#DIV/0!,,#DIV/0!,,#DIV/0!,,#DIV/0!,#DIV/0!,10655,2.0,Fifth,1470.0,0.1379633975,2077.0,0.1949319568,1359.0,0.1275457532,5749.0,0.5395588925,,0,1,Y
Base merges IND when it should exclude lowest 2,Groom,LNP,IND,ALP,LNP,IND,21841.0,,Third,5469.0,0.2504006227,,0,,0,16372.0,0.7495993773,,0,1,,,,,#DIV/0!,,#DIV/0!,,#DIV/0!,,#DIV/0!,,#DIV/0!,#DIV/0!,6513.0,,Fifth,2741.0,0.4208506065,497.0,0.07630892062,614.0,0.09427299248,2661.0,0.4085674804,,0,1,14381.0,,Fourth,1001.0,0.06960572978,7472.0,0.5195744385,,0,5908.0,0.4108198317,,0,1,,2.0,,,#DIV/0!,,#DIV/0!,,#DIV/0!,,#DIV/0!,,#DIV/0!,#DIV/0!,10434,2.0,Sixth,927.0,0.08884416331,1727.0,0.1655165804,756.0,0.07245543416,3907.0,0.374448917,3117.0,0.2987349051,1,Y
Base merges IND when it should exclude lowest 2,McPherson,LNP,ALP,IND,LNP,ALP,,,,,#DIV/0!,,#DIV/0!,,#DIV/0!,,#DIV/0!,,#DIV/0!,#DIV/0!,,,,,#DIV/0!,,#DIV/0!,,#DIV/0!,,#DIV/0!,,#DIV/0!,#DIV/0!,10894.0,,Fourth,4938.0,0.4532770332,1075.0,0.09867817147,,0,4881.0,0.4480447953,,0,1,9464.0,,Fifth,695.0,0.07343617921,5155.0,0.5446956889,742.0,0.07840236686,2872.0,0.303465765,,0,1,23878.0,2.0,Third,14208.0,0.5950247089,9670.0,0.4049752911,,0,,0,,0,1,13749,6.0,Sixth,1676.0,0.1218997745,2102.0,0.1528838461,1977.0,0.1437922758,5235.0,0.380754964,2759.0,0.2006691396,1,Y
Base merges IND when it should exclude lowest 2,Moncrieff,LNP,ALP,GRN,LNP,ALP,,,,,#DIV/0!,,#DIV/0!,,#DIV/0!,,#DIV/0!,,#DIV/0!,#DIV/0!,,,,,#DIV/0!,,#DIV/0!,,#DIV/0!,,#DIV/0!,,#DIV/0!,#DIV/0!,17289.0,,Third,11632.0,0.6727977327,5657.0,0.3272022673,,0,,0,,0,1,12289.0,,Fourth,1663.0,0.1353242737,7874.0,0.6407356172,2752.0,0.223940109,,0,,0,1,9995.0,2.0,FIfth,2347.0,0.2348174087,1938.0,0.1938969485,3895.0,0.3896948474,1815.0,0.1815907954,,0,1,10650,3.0,Sixth,1157.0,0.1086384977,1475.0,0.1384976526,1084.0,0.1017840376,4580.0,0.4300469484,2354.0,0.2210328638,1,Y
,Dawson,LNP,ALP,ON,LNP,ALP,,,,,#DIV/0!,,#DIV/0!,,#DIV/0!,,#DIV/0!,,#DIV/0!,#DIV/0!,,,,,#DIV/0!,,#DIV/0!,,#DIV/0!,,#DIV/0!,,#DIV/0!,#DIV/0!,7566.0,,Fifth,4783.0,0.6321702353,749.0,0.09899550621,805.0,0.1063970394,,0,1229.0,0.1624372191,1,19772.0,,Third,5031.0,0.2544507384,14741.0,0.7455492616,,0,,0,,0,1,,0.0,,,#DIV/0!,,#DIV/0!,,#DIV/0!,,#DIV/0!,,#DIV/0!,#DIV/0!,14546,,Fourth,2361.0,0.1623126633,4410.0,0.3031761309,,0,7775.0,0.5345112058,,0,1,Y
,Kennedy,OTH,LNP,ALP,OTH,LNP,21491.0,,Third,6391.0,0.2973802987,,0,,0,,0,15100.0,0.7026197013,1,,,,,#DIV/0!,,#DIV/0!,,#DIV/0!,,#DIV/0!,,#DIV/0!,#DIV/0!,6673.0,,Fifth,4101.0,0.6145661621,768.0,0.1150906639,733.0,0.1098456466,,0,1071.0,0.1604975273,1,9593.0,,Fourth,933.0,0.0972584176,2256.0,0.2351714792,,0,,0,6404.0,0.6675701032,1,,0.0,,,#DIV/0!,,#DIV/0!,,#DIV/0!,,#DIV/0!,,#DIV/0!,#DIV/0!,0,,,,#DIV/0!,,#DIV/0!,,#DIV/0!,,#DIV/0!,,#DIV/0!,#DIV/0!,Y
,Leichhardt,ALP,LNP,ON,ALP,LNP,,,,,#DIV/0!,,#DIV/0!,,#DIV/0!,,#DIV/0!,,#DIV/0!,#DIV/0!,,,,,#DIV/0!,,#DIV/0!,,#DIV/0!,,#DIV/0!,,#DIV/0!,#DIV/0!,11827.0,,Fourth,8621.0,0.7289253403,1419.0,0.1199797074,1787.0,0.1510949522,,0,,0,1,18255.0,,Third,6553.0,0.3589701452,11702.0,0.6410298548,,0,,0,,0,1,1699.0,1.0,Sixth,251.0,0.1477339612,244.0,0.1436138905,336.0,0.1977633902,106.0,0.06238964097,762.0,0.4484991171,1,16987,4.0,Fifth,3060.0,0.1801377524,2408.0,0.1417554601,2723.0,0.1602990522,8796.0,0.5178077353,,0,1,Y
Base merges IND when it should exclude lowest 2,Flynn,LNP,ALP,ON,LNP,ALP,,,,,#DIV/0!,,#DIV/0!,,#DIV/0!,,#DIV/0!,,#DIV/0!,#DIV/0!,,,,,#DIV/0!,,#DIV/0!,,#DIV/0!,,#DIV/0!,,#DIV/0!,#DIV/0!,6927.0,,Fifth,4129.0,0.5960733362,613.0,0.08849429768,771.0,0.1113035946,,0,1414.0,0.2041287715,1,24902.0,,Third,6522.0,0.2619066742,18380.0,0.7380933258,,0,,0,,0,1,5023.0,2.0,Sixth,1553.0,0.3091777822,547.0,0.1088990643,727.0,0.1447342226,1141.0,0.2271550866,1055.0,0.2100338443,1,15222,,Fourth,3121.0,0.2050321903,2985.0,0.1960977533,,0,9116.0,0.5988700565,,0,1,Y
Base merges IND when it should exclude lowest 2,Fairfax,LNP,ALP,IND,LNP,ALP,,,,,#DIV/0!,,#DIV/0!,,#DIV/0!,,#DIV/0!,,#DIV/0!,#DIV/0!,,,,,#DIV/0!,,#DIV/0!,,#DIV/0!,,#DIV/0!,,#DIV/0!,#DIV/0!,11978.0,,Fifth,5493.0,0.4585907497,813.0,0.06787443647,633.0,0.05284688596,5039.0,0.4206879279,,0,1,12805.0,,Fourth,1013.0,0.07910972276,5950.0,0.4646622413,,0,5842.0,0.4562280359,,0,1,26002.0,2.0,Third,17237.0,0.6629105453,8765.0,0.3370894547,,0,,0,,0,1,8698,2.0,Sixth,588.0,0.06760174753,1507.0,0.1732582203,627.0,0.07208553691,3940.0,0.452977696,2036.0,0.2340767993,1,Y
,Fisher,LNP,ALP,IND,LNP,ALP,,,,,#DIV/0!,,#DIV/0!,,#DIV/0!,,#DIV/0!,,#DIV/0!,#DIV/0!,,,,,#DIV/0!,,#DIV/0!,,#DIV/0!,,#DIV/0!,,#DIV/0!,#DIV/0!,11959.0,,Fifth,4784.0,0.4000334476,790.0,0.06605903504,591.0,0.04941884773,5794.0,0.4844886696,,0,1,13923.0,,Fourth,1448.0,0.1040005746,6624.0,0.4757595346,,0,5851.0,0.4202398908,,0,1,32519.0,1.0,Third,18862.0,0.5800301362,13657.0,0.4199698638,,0,,0,,0,1,10101,3.0,Sixth,613.0,0.06068706069,1214.0,0.1201861202,563.0,0.05573705574,6133.0,0.6071676072,1578.0,0.1562221562,1,Y
,Maranoa,LNP,ON,ALP,LNP,ON,20567.0,,Third,12116.0,0.5890990422,,0,8451.0,0.4109009578,,0,,0,1,,,,,#DIV/0!,,#DIV/0!,,#DIV/0!,,#DIV/0!,,#DIV/0!,#DIV/0!,5601.0,,Fifth,3275.0,0.5847170148,831.0,0.1483663631,507.0,0.09051955008,,0,988.0,0.176397072,1,,,,,#DIV/0!,,#DIV/0!,,#DIV/0!,,#DIV/0!,,#DIV/0!,#DIV/0!,,0.0,,,#DIV/0!,,#DIV/0!,,#DIV/0!,,#DIV/0!,,#DIV/0!,#DIV/0!,14471,4.0,Fourth,1950.0,0.1347522631,3666.0,0.2533342547,569.0,0.03932001935,8286.0,0.5725934628,,0,1,Y
,Wide Bay,LNP,ALP,ON,LNP,ALP,,,,,#DIV/0!,,#DIV/0!,,#DIV/0!,,#DIV/0!,,#DIV/0!,#DIV/0!,,,,,#DIV/0!,,#DIV/0!,,#DIV/0!,,#DIV/0!,,#DIV/0!,#DIV/0!,11902.0,,Third,8197.0,0.6887077802,1827.0,0.1535036128,1878.0,0.157788607,,0,,0,1,21655.0,,Third,6337.0,0.2926344955,15318.0,0.7073655045,,0,,0,,0,1,6066.0,1.0,Sixth,1164.0,0.1918892186,769.0,0.1267721728,1560.0,0.2571711177,1063.0,0.1752390373,1510.0,0.2489284537,1,11183,2.0,Fifth,1730.0,0.1546990968,1701.0,0.152105875,1513.0,0.1352946437,6239.0,0.5579003845,,0,1,Y
,Wright,LNP,ALP,ON,LNP,ALP,,,,,#DIV/0!,,#DIV/0!,,#DIV/0!,,#DIV/0!,,#DIV/0!,#DIV/0!,,,,,#DIV/0!,,#DIV/0!,,#DIV/0!,,#DIV/0!,,#DIV/0!,#DIV/0!,13840.0,,Fourth,9322.0,0.6735549133,1619.0,0.1169797688,2899.0,0.2094653179,,0,,0,1,31910.0,,Third,8137.0,0.2549984331,23773.0,0.7450015669,,0,,0,,0,1,,0.0,,,#DIV/0!,,#DIV/0!,,#DIV/0!,,#DIV/0!,,#DIV/0!,#DIV/0!,17237,4.0,Fifth,1949.0,0.11307072,2563.0,0.1486917677,2712.0,0.1573359633,10013.0,0.580901549,,0,1,Y
,Cowan,ALP,LIB,GRN,ALP,LIB,,,,,#DIV/0!,,#DIV/0!,,#DIV/0!,,#DIV/0!,,#DIV/0!,#DIV/0!,,,,,#DIV/0!,,#DIV/0!,,#DIV/0!,,#DIV/0!,,#DIV/0!,#DIV/0!,16332.0,,Third,12292.0,0.752632868,4040.0,0.247367132,,0,,0,,0,1,8349.0,,Fourth,1516.0,0.1815786322,4772.0,0.5715654569,2061.0,0.2468559109,,0,,0,1,3941.0,1.0,Sixth,690.0,0.1750824664,398.0,0.1009895965,1635.0,0.4148693225,621.0,0.1575742197,597.0,0.1514843948,1,9947,3.0,Fifth,1947.0,0.1957374083,2572.0,0.2585704232,2486.0,0.2499246004,2942.0,0.2957675681,,0,1,Y
,Curtin,IND,LIB,ALP,LIB,IND,19919.0,,Third,4050.0,0.20332346,,0,,0,15869.0,0.79667654,,0,1,,,,,#DIV/0!,,#DIV/0!,,#DIV/0!,,#DIV/0!,,#DIV/0!,#DIV/0!,9021.0,,Fourth,3575.0,0.396297528,562.0,0.06229907992,,0,4884.0,0.5414033921,,0,1,3079.0,,Fifth,235.0,0.07632348165,1818.0,0.5904514453,197.0,0.06398181228,829.0,0.2692432608,,0,1,,1.0,,,#DIV/0!,,#DIV/0!,,#DIV/0!,,#DIV/0!,,#DIV/0!,#DIV/0!,2368,1.0,Sixth,483.0,0.2039695946,364.0,0.1537162162,589.0,0.2487331081,348.0,0.1469594595,584.0,0.2466216216,1,Y
,Perth,ALP,LIB,GRN,ALP,LIB,,,,,#DIV/0!,,#DIV/0!,,#DIV/0!,,#DIV/0!,,#DIV/0!,#DIV/0!,,,,,#DIV/0!,,#DIV/0!,,#DIV/0!,,#DIV/0!,,#DIV/0!,#DIV/0!,25654.0,,Third,22549.0,0.8789662431,3105.0,0.1210337569,,0,,0,,0,1,6316.0,,Fourth,854.0,0.1352121596,4275.0,0.6768524383,1187.0,0.1879354022,,0,,0,1,,0.0,,,#DIV/0!,,#DIV/0!,,#DIV/0!,,#DIV/0!,,#DIV/0!,#DIV/0!,0,,,,#DIV/0!,,#DIV/0!,,#DIV/0!,,#DIV/0!,,#DIV/0!,#DIV/0!,Y
,Fremantle,ALP,IND,LIB,ALP,IND,,,,,#DIV/0!,,#DIV/0!,,#DIV/0!,,#DIV/0!,,#DIV/0!,#DIV/0!,23174.0,,Third,5933.0,0.2560196772,,0,,0,17241.0,0.7439803228,,0,1,12788.0,,Fourth,5563.0,0.4350172036,660.0,0.0516108852,,0,6565.0,0.5133719112,,0,1,6604.0,,Fifth,558.0,0.08449424591,3145.0,0.4762265294,458.0,0.06935190793,2443.0,0.3699273168,,0,1,,1.0,,,#DIV/0!,,#DIV/0!,,#DIV/0!,,#DIV/0!,,#DIV/0!,#DIV/0!,1902,2.0,Sixth,284.0,0.1493165089,115.0,0.06046267087,528.0,0.2776025237,359.0,0.1887486856,616.0,0.3238696109,1,Y
,Swan,ALP,LIB,GRN,ALP,LIB,,,,,#DIV/0!,,#DIV/0!,,#DIV/0!,,#DIV/0!,,#DIV/0!,#DIV/0!,,,,,#DIV/0!,,#DIV/0!,,#DIV/0!,,#DIV/0!,,#DIV/0!,#DIV/0!,20909.0,,Third,17974.0,0.8596298245,2935.0,0.1403701755,,0,,0,,0,1,7151.0,,Fourth,1035.0,0.1447350021,4486.0,0.6273248497,1630.0,0.2279401482,,0,,0,1,,0.0,,,#DIV/0!,,#DIV/0!,,#DIV/0!,,#DIV/0!,,#DIV/0!,#DIV/0!,7599,2.0,FIfth,1982.0,0.2608237926,1504.0,0.197920779,2093.0,0.2754309778,2020.0,0.2658244506,,0,1,Y
,Tangney,ALP,LIB,GRN,ALP,LIB,,,,,#DIV/0!,,#DIV/0!,,#DIV/0!,,#DIV/0!,,#DIV/0!,#DIV/0!,,,,,#DIV/0!,,#DIV/0!,,#DIV/0!,,#DIV/0!,,#DIV/0!,#DIV/0!,17290.0,,Third,13696.0,0.7921341816,3594.0,0.2078658184,,0,,0,,0,1,6175.0,,Fourth,895.0,0.1449392713,3943.0,0.6385425101,1337.0,0.2165182186,,0,,0,1,,0.0,,,#DIV/0!,,#DIV/0!,,#DIV/0!,,#DIV/0!,,#DIV/0!,#DIV/0!,6859,2.0,Fifth,1487.0,0.2167954512,2174.0,0.3169558245,1543.0,0.2249599067,1655.0,0.2412888176,,0,1,Y
Two LNP,Bullwinkel**,ALP,LIB,GRN,ALP,LIB,,,,,#DIV/0!,,#DIV/0!,,#DIV/0!,,#DIV/0!,,#DIV/0!,#DIV/0!,,,,,#DIV/0!,,#DIV/0!,,#DIV/0!,,#DIV/0!,,#DIV/0!,#DIV/0!,14936.0,,Third,10275.0,0.6879351901,4661.0,0.3120648099,,0,,0,,0,1,12102.0,,Fourth,1150.0,0.0950256156,9527.0,0.787225252,1425.0,0.1177491324,,0,,0,1,,0.0,,,#DIV/0!,,#DIV/0!,,#DIV/0!,,#DIV/0!,,#DIV/0!,#DIV/0!,8549,2.0,Fifth,1345.0,0.1573283425,2330.0,0.2725464967,1783.0,0.208562405,3091.0,0.3615627559,,0,1,Y
,Hasluck,ALP,LIB,GRN,ALP,LIB,,,,,#DIV/0!,,#DIV/0!,,#DIV/0!,,#DIV/0!,,#DIV/0!,#DIV/0!,,,,,#DIV/0!,,#DIV/0!,,#DIV/0!,,#DIV/0!,,#DIV/0!,#DIV/0!,16796.0,,Third,12934.0,0.770064301,3862.0,0.229935699,,0,,0,,0,1,10079.0,,Fourth,1840.0,0.1825577934,5633.0,0.55888481,2606.0,0.2585573966,,0,,0,1,,0.0,,,#DIV/0!,,#DIV/0!,,#DIV/0!,,#DIV/0!,,#DIV/0!,#DIV/0!,9213,3.0,Fifth,2062.0,0.2238141756,1844.0,0.2001519592,2278.0,0.2472593075,3029.0,0.3287745577,,0,1,Y
,Pearce,ALP,LIB,GRN,ALP,LIB,,,,,#DIV/0!,,#DIV/0!,,#DIV/0!,,#DIV/0!,,#DIV/0!,#DIV/0!,,,,,#DIV/0!,,#DIV/0!,,#DIV/0!,,#DIV/0!,,#DIV/0!,#DIV/0!,17864.0,,Third,12271.0,0.6869122257,5593.0,0.3130877743,,0,,0,,0,1,11878.0,,Fourth,1967.0,0.1656002694,6717.0,0.5654992423,3194.0,0.2689004883,,0,,0,1,,0.0,,,#DIV/0!,,#DIV/0!,,#DIV/0!,,#DIV/0!,,#DIV/0!,#DIV/0!,10082,2.0,Fifth,1819.0,0.1804205515,2444.0,0.2424122198,3030.0,0.300535608,2789.0,0.2766316207,,0,1,Y
Base merges IND when it should exclude lowest 2,Moore,ALP,LIB,IND,ALP,LIB,,,,,#DIV/0!,,#DIV/0!,,#DIV/0!,,#DIV/0!,,#DIV/0!,#DIV/0!,,,,,#DIV/0!,,#DIV/0!,,#DIV/0!,,#DIV/0!,,#DIV/0!,#DIV/0!,14857.0,,Fourth,10864.0,0.7312378004,1649.0,0.1109914518,,0,2344.0,0.1577707478,,0,1,6857.0,,Sixth,374.0,0.05454280298,2923.0,0.4262797142,489.0,0.07131398571,1257.0,0.1833163191,1814.0,0.2645471781,1,17560.0,1.0,Third,7988.0,0.4548974943,9572.0,0.5451025057,,0,,0,,0,1,14125,3.0,Fifth,2311.0,0.1636106195,3456.0,0.2446725664,2635.0,0.1865486726,2017.0,0.1427964602,3706.0,0.2623716814,1,Y
,Brand,ALP,LIB,GRN,ALP,LIB,,,,,#DIV/0!,,#DIV/0!,,#DIV/0!,,#DIV/0!,,#DIV/0!,#DIV/0!,,,,,#DIV/0!,,#DIV/0!,,#DIV/0!,,#DIV/0!,,#DIV/0!,#DIV/0!,18942.0,,Third,14796.0,0.7811213177,4146.0,0.2188786823,,0,,0,,0,1,14163.0,,Fourth,2828.0,0.1996752101,7404.0,0.5227705994,3931.0,0.2775541905,,0,,0,1,,0.0,,,#DIV/0!,,#DIV/0!,,#DIV/0!,,#DIV/0!,,#DIV/0!,#DIV/0!,7935,1.0,Fifth,2128.0,0.268178954,1005.0,0.1266540643,2599.0,0.3275362319,2203.0,0.2776307498,,0,1,Y
,Burt,ALP,LIB,ON,ALP,LIB,,,,,#DIV/0!,,#DIV/0!,,#DIV/0!,,#DIV/0!,,#DIV/0!,#DIV/0!,,,,,#DIV/0!,,#DIV/0!,,#DIV/0!,,#DIV/0!,,#DIV/0!,#DIV/0!,14004.0,,Fourth,10696.0,0.7637817766,1535.0,0.1096115396,1773.0,0.1266066838,,0,,0,1,15865.0,,Third,4653.0,0.29328711,11212.0,0.70671289,,0,,0,,0,1,2150.0,1.0,Sixth,521.0,0.2423255814,227.0,0.1055813953,340.0,0.1581395349,279.0,0.1297674419,783.0,0.3641860465,1,11197,2.0,Fifth,2852.0,0.2547110833,1993.0,0.1779941056,2328.0,0.2079128338,4024.0,0.3593819773,,0,1,Y
,Canning,LIB,ALP,ON,LIB,ALP,,,,,#DIV/0!,,#DIV/0!,,#DIV/0!,,#DIV/0!,,#DIV/0!,#DIV/0!,,,,,#DIV/0!,,#DIV/0!,,#DIV/0!,,#DIV/0!,,#DIV/0!,#DIV/0!,11208.0,,Fourth,7708.0,0.687723055,1427.0,0.1273197716,2073.0,0.1849571734,,0,,0,1,15819.0,,Third,4330.0,0.2737214742,11489.0,0.7262785258,,0,,0,,0,1,,0.0,,,#DIV/0!,,#DIV/0!,,#DIV/0!,,#DIV/0!,,#DIV/0!,#DIV/0!,7300,2.0,Fifth,1594.0,0.2183561644,1207.0,0.1653424658,2241.0,0.3069863014,2258.0,0.3093150685,,0,1,Y
Two LNP,Durack,LIB,ALP,ON,LIB,ALP,,,,,#DIV/0!,,#DIV/0!,,#DIV/0!,,#DIV/0!,,#DIV/0!,#DIV/0!,,,,,#DIV/0!,,#DIV/0!,,#DIV/0!,,#DIV/0!,,#DIV/0!,#DIV/0!,9362.0,,Fourth,6100.0,0.6515701773,2424.0,0.2589190344,838.0,0.08951078829,,0,,0,1,12739.0,,Third,1590.0,0.1248135646,11149.0,0.8751864354,,0,,0,,0,1,,0.0,,,#DIV/0!,,#DIV/0!,,#DIV/0!,,#DIV/0!,,#DIV/0!,#DIV/0!,10423,4.0,Fifth,1865.0,0.1789312098,3359.0,0.322268061,2166.0,0.2078096517,3033.0,0.2909910774,,0,1,Y
Two LNP,O'Connor,LIB,ALP,ON,LIB,ALP,,,,,#DIV/0!,,#DIV/0!,,#DIV/0!,,#DIV/0!,,#DIV/0!,#DIV/0!,,,,,#DIV/0!,,#DIV/0!,,#DIV/0!,,#DIV/0!,,#DIV/0!,#DIV/0!,12283.0,,Fourth,7690.0,0.62606855,3753.0,0.3055442481,840.0,0.06838720182,,0,,0,1,15936.0,,Third,1725.0,0.1082454819,14211.0,0.8917545181,,0,,0,,0,1,,0.0,,,#DIV/0!,,#DIV/0!,,#DIV/0!,,#DIV/0!,,#DIV/0!,#DIV/0!,10668,3.0,Fifth,1195.0,0.1120172478,3161.0,0.2963067117,2269.0,0.2126921635,4043.0,0.378983877,,0,1,Y
Two LNP,Forrest,LIB,ALP,IND,LIB,ALP,,,,,#DIV/0!,,#DIV/0!,,#DIV/0!,,#DIV/0!,,#DIV/0!,#DIV/0!,,,,,#DIV/0!,,#DIV/0!,,#DIV/0!,,#DIV/0!,,#DIV/0!,#DIV/0!,9287.0,,Fifth,4222.0,0.4546139765,684.0,0.07365134058,553.0,0.05954560138,3828.0,0.4121890815,,0,1,12190.0,,Fourth,1175.0,0.096390484,6624.0,0.5433962264,,0,4391.0,0.3602132896,,0,1,28223.0,1.0,Third,18514.0,0.6559897956,9719.0,0.3443645254,,0,,0,,0,1.000354321,6939,2.0,Sixth,934.0,0.1346015276,1261.0,0.1817264736,1279.0,0.1843205073,2116.0,0.3049430754,1349.0,0.1944084162,1,Y
,Adelaide,ALP,LIB,GRN,ALP,LIB,,,,,#DIV/0!,,#DIV/0!,,#DIV/0!,,#DIV/0!,,#DIV/0!,#DIV/0!,,,,,#DIV/0!,,#DIV/0!,,#DIV/0!,,#DIV/0!,,#DIV/0!,#DIV/0!,25299.0,,Third,22560.0,0.8917348512,2739.0,0.1082651488,,0,,0,,0,1,6597.0,,Fourth,1164.0,0.1764438381,4102.0,0.6217977869,1331.0,0.201758375,,0,,0,1,,0.0,,,#DIV/0!,,#DIV/0!,,#DIV/0!,,#DIV/0!,,#DIV/0!,#DIV/0!,7256,3.0,Fifth,2036.0,0.2805953693,881.0,0.1214167585,2326.0,0.3205622933,2013.0,0.2774255788,,0,1,Y
,Hindmarsh,ALP,LIB,GRN,ALP,LIB,,,,,#DIV/0!,,#DIV/0!,,#DIV/0!,,#DIV/0!,,#DIV/0!,#DIV/0!,,,,,#DIV/0!,,#DIV/0!,,#DIV/0!,,#DIV/0!,,#DIV/0!,#DIV/0!,19713.0,,Third,16588.0,0.8414751687,3125.0,0.1585248313,,0,,0,,0,1,10814.0,,Fourth,1900.0,0.175698169,6818.0,0.6304790087,2096.0,0.1938228223,,0,,0,1,2130.0,1.0,Sixth,500.0,0.234741784,287.0,0.134741784,608.0,0.2854460094,240.0,0.1126760563,495.0,0.2323943662,1,4703,4.0,Fifth,877.0,0.186476717,719.0,0.1528811397,1324.0,0.2815224325,1439.0,0.3059749096,344.0,0.07314480119,1,Y
,Sturt,ALP,LIB,GRN,ALP,LIB,,,,,#DIV/0!,,#DIV/0!,,#DIV/0!,,#DIV/0!,,#DIV/0!,#DIV/0!,,,,,#DIV/0!,,#DIV/0!,,#DIV/0!,,#DIV/0!,,#DIV/0!,#DIV/0!,23894.0,,Third,20452.0,0.8559470997,3442.0,0.1440529003,,0,,0,,0,1,6021.0,,Fifth,507.0,0.08420528151,3119.0,0.5180202624,556.0,0.09234346454,1839.0,0.3054309915,,0,1,11088.0,1.0,Fourth,3485.0,0.3143037518,3036.0,0.2738095238,4567.0,0.4118867244,,0,,0,1,4833,2.0,Sixth,549.0,0.113594041,986.0,0.2040140699,476.0,0.098489551,1986.0,0.4109248914,836.0,0.1729774467,1,Y
,Boothby,ALP,LIB,GRN,ALP,LIB,,,,,#DIV/0!,,#DIV/0!,,#DIV/0!,,#DIV/0!,,#DIV/0!,#DIV/0!,,,,,#DIV/0!,,#DIV/0!,,#DIV/0!,,#DIV/0!,,#DIV/0!,#DIV/0!,22073.0,,Third,19444.0,0.8808952113,2629.0,0.1191047887,,0,,0,,0,1,6584.0,,Fourth,1565.0,0.2376974484,3628.0,0.5510328068,1391.0,0.2112697448,,0,,0,1,,0.0,,,#DIV/0!,,#DIV/0!,,#DIV/0!,,#DIV/0!,,#DIV/0!,#DIV/0!,5601,2.0,Fifth,674.0,0.1203356543,1267.0,0.2262096054,636.0,0.1135511516,3024.0,0.5399035886,,0,1,Y
,Kingston,ALP,LIB,GRN,ALP,LIB,,,,,#DIV/0!,,#DIV/0!,,#DIV/0!,,#DIV/0!,,#DIV/0!,#DIV/0!,,,,,#DIV/0!,,#DIV/0!,,#DIV/0!,,#DIV/0!,,#DIV/0!,#DIV/0!,19556.0,,Third,16069.0,0.8216915525,3487.0,0.1783084475,,0,,0,,0,1,11410.0,,Fourth,2245.0,0.1967572305,6759.0,0.5923751096,2406.0,0.2108676599,,0,,0,1,,0.0,,,#DIV/0!,,#DIV/0!,,#DIV/0!,,#DIV/0!,,#DIV/0!,#DIV/0!,9776,3.0,Fifth,1649.0,0.1686783961,1734.0,0.1773731588,2001.0,0.2046849427,4392.0,0.4492635025,,0,1,Y
,Makin,ALP,LIB,GRN,ALP,LIB,,,,,#DIV/0!,,#DIV/0!,,#DIV/0!,,#DIV/0!,,#DIV/0!,#DIV/0!,,,,,#DIV/0!,,#DIV/0!,,#DIV/0!,,#DIV/0!,,#DIV/0!,#DIV/0!,19645.0,,Third,13992.0,0.7122423008,5653.0,0.2877576992,,0,,0,,0,1,11778.0,,Fourth,2104.0,0.1786381389,6477.0,0.5499235863,3197.0,0.2714382747,,0,,0,1,,0.0,,,#DIV/0!,,#DIV/0!,,#DIV/0!,,#DIV/0!,,#DIV/0!,#DIV/0!,11227,4.0,Fifth,1773.0,0.1579228645,1514.0,0.1348534782,3314.0,0.2951812595,4626.0,0.4120423978,,0,1,Y
,Spence,ALP,LIB,GRN,ALP,LIB,,,,,#DIV/0!,,#DIV/0!,,#DIV/0!,,#DIV/0!,,#DIV/0!,#DIV/0!,,,,,#DIV/0!,,#DIV/0!,,#DIV/0!,,#DIV/0!,,#DIV/0!,#DIV/0!,24576.0,,Third,16460.0,0.6697591146,8116.0,0.3302408854,,0,,0,,0,1,16872.0,,Fourth,4164.0,0.246799431,7835.0,0.4643788525,4873.0,0.2888217165,,0,,0,1,3076.0,1.0,Sixth,705.0,0.2291937581,360.0,0.1170351105,642.0,0.2087126138,540.0,0.1755526658,829.0,0.2695058518,1,12438,3.0,Fifth,2186.0,0.1757517286,1554.0,0.1249397009,2963.0,0.238221579,5735.0,0.4610869915,,0,1,Y
"Base merges IND when it should exclude lowest 2
Two LNP - look at OTH preferences",Barker*(**),LIB,ALP,ON,LIB,ALP,,,,,#DIV/0!,,#DIV/0!,,#DIV/0!,,#DIV/0!,,#DIV/0!,#DIV/0!,,,,,#DIV/0!,,#DIV/0!,,#DIV/0!,,#DIV/0!,,#DIV/0!,#DIV/0!,11787.0,,Fourth,7337.0,0.622465428,1750.0,0.1484686519,2700.0,0.2290659201,,0,,0,1,16482.0,,Third,6288.0,0.3815070987,10194.0,0.6184929013,,0,,0,,0,1,5391.0,3.0,Fifth,872.0,0.1617510666,1053.0,0.1953255426,1614.0,0.2993878687,1852.0,0.3435355222,,0,1,11064,,Fifth,1299.0,0.1174078091,3008.0,0.2718727404,1307.0,0.1181308749,3022.0,0.2731381056,2428.0,0.21945047,1,Y
Two LNP - look at OTH preferences,Grey**,LIB,ALP,IND,LIB,ALP,,,,,#DIV/0!,,#DIV/0!,,#DIV/0!,,#DIV/0!,,#DIV/0!,#DIV/0!,,,,,#DIV/0!,,#DIV/0!,,#DIV/0!,,#DIV/0!,,#DIV/0!,#DIV/0!,7179.0,,Fifth,3086.0,0.4298648837,740.0,0.1030784232,818.0,0.1139434462,2535.0,0.353113247,,0,1,15451.0,,Fourth,3253.0,0.2105365349,5898.0,0.3817228658,,0,6300.0,0.4077405993,,0,1,29461.0,1.0,Third,16748.0,0.5684803639,12713.0,0.4315196361,,0,,0,,0,1,9821,2.0,Fifth,1339.0,0.1363404949,1764.0,0.1796151105,856.0,0.08716016699,3981.0,0.4053558701,1881.0,0.1915283576,1,Y
,Mayo,OTH,ALP,LIB,OTH,ALP,,,,,#DIV/0!,,#DIV/0!,,#DIV/0!,,#DIV/0!,,#DIV/0!,#DIV/0!,36751.0,,Third,6291.0,0.1711790155,,0,,0,,0,30460.0,0.8288209845,1,18794.0,,Fourth,9235.0,0.4913802277,1140.0,0.0606576567,,0,,0,8419.0,0.4479621156,1,11123.0,,Fifth,1203.0,0.1081542749,4881.0,0.4388204621,1108.0,0.09961341365,,0,3931.0,0.3534118493,1,,,,,#DIV/0!,,#DIV/0!,,#DIV/0!,,#DIV/0!,,#DIV/0!,#DIV/0!,0,,,,#DIV/0!,,#DIV/0!,,#DIV/0!,,#DIV/0!,,#DIV/0!,#DIV/0!,Y
,Clark,IND,ALP,LIB,IND,ALP,,,,,#DIV/0!,,#DIV/0!,,#DIV/0!,,#DIV/0!,,#DIV/0!,#DIV/0!,10640.0,,Third,3622.0,0.3404135338,,0,,0,7018.0,0.6595864662,,0,1,9074.0,,Fourth,2371.0,0.2612960106,306.0,0.03372272427,,0,6397.0,0.7049812652,,0,1,2834.0,,Fifth,468.0,0.1651376147,1095.0,0.3863796754,166.0,0.05857445307,1105.0,0.3899082569,,0,1,,1.0,First,,#DIV/0!,,#DIV/0!,,#DIV/0!,,#DIV/0!,,#DIV/0!,#DIV/0!,0,0.0,,,#DIV/0!,,#DIV/0!,,#DIV/0!,,#DIV/0!,,#DIV/0!,#DIV/0!,Y
Base merges IND when it should exclude lowest 2,Franklin,ALP,IND,LIB,ALP,IND,,,,,#DIV/0!,,#DIV/0!,,#DIV/0!,,#DIV/0!,,#DIV/0!,#DIV/0!,17810.0,,Third,9091.0,0.510443571,,0,,0,8719.0,0.489556429,,0,1,8422.0,,Fourth,3731.0,0.4430064118,335.0,0.03977677511,,0,4356.0,0.5172168131,,0,1,3793.0,,Sixth,466.0,0.1228578961,1433.0,0.3778012128,219.0,0.05773793831,683.0,0.1800685473,992.0,0.2615344055,1,,2.0,Second,,#DIV/0!,,#DIV/0!,,#DIV/0!,,#DIV/0!,,#DIV/0!,#DIV/0!,4814,0.0,Fifth,1049.0,0.2179061072,1639.0,0.3404653095,187.0,0.03884503531,,0,1939.0,0.402783548,1,Y
,Bass,ALP,LIB,GRN,ALP,LIB,,,,,#DIV/0!,,#DIV/0!,,#DIV/0!,,#DIV/0!,,#DIV/0!,#DIV/0!,,,,,#DIV/0!,,#DIV/0!,,#DIV/0!,,#DIV/0!,,#DIV/0!,#DIV/0!,11946.0,,Third,9772.0,0.8180143981,2174.0,0.1819856019,,0,,0,,0,1,6954.0,,Fourth,1644.0,0.2364106989,3931.0,0.5652861662,1379.0,0.1983031349,,0,,0,1,4731.0,1.0,Fourth,1307.0,0.2762629465,1015.0,0.21454238,1149.0,0.2428662016,1260.0,0.2663284718,,0,1,2988,2.0,Sixth,434.0,0.1452476573,431.0,0.1442436412,189.0,0.06325301205,1055.0,0.3530789826,879.0,0.2941767068,1,Y
,Braddon,ALP,LIB,ON,ALP,LIB,,,,,#DIV/0!,,#DIV/0!,,#DIV/0!,,#DIV/0!,,#DIV/0!,#DIV/0!,,,,,#DIV/0!,,#DIV/0!,,#DIV/0!,,#DIV/0!,,#DIV/0!,#DIV/0!,8562.0,,Third,6118.0,0.7145526746,624.0,0.07288016819,1820.0,0.2125671572,,0,,0,1,10932.0,,Third,5032.0,0.4603000366,5900.0,0.5396999634,,0,,0,,0,1,6811.0,1.0,Fifth,1720.0,0.2525326677,1307.0,0.1918954632,1736.0,0.2548818088,2048.0,0.3006900602,,0,1,3360,1.0,Sixth,360.0,0.1071428571,500.0,0.1488095238,508.0,0.1511904762,1355.0,0.4032738095,637.0,0.1895833333,1,Y
,Lyons,ALP,LIB,GRN,ALP,LIB,,,,,#DIV/0!,,#DIV/0!,,#DIV/0!,,#DIV/0!,,#DIV/0!,#DIV/0!,,,,,#DIV/0!,,#DIV/0!,,#DIV/0!,,#DIV/0!,,#DIV/0!,#DIV/0!,11971.0,,Third,9194.0,0.7680227216,2777.0,0.2319772784,,0,,0,,0,1,8822.0,,Fourth,2499.0,0.2832691,4632.0,0.5250510088,1691.0,0.1916798912,,0,,0,1,2545.0,1.0,Sixth,566.0,0.2223968566,273.0,0.1072691552,668.0,0.262475442,339.0,0.1332023576,699.0,0.2746561886,1,8284,3.0,Fifth,1975.0,0.2384113955,1708.0,0.2061805891,1272.0,0.1535490101,3329.0,0.4018590053,,0,1,Y
,Bean,ALP,IND,LIB,ALP,IND,,,,,#DIV/0!,,#DIV/0!,,#DIV/0!,,#DIV/0!,,#DIV/0!,#DIV/0!,23959.0,,Third,4841.0,0.2020535081,,0,,0,19118.0,0.7979464919,,0,1,9757.0,,Fourth,4701.0,0.4818079328,294.0,0.03013221277,,0,4762.0,0.4880598545,,0,1,,,,,#DIV/0!,,#DIV/0!,,#DIV/0!,,#DIV/0!,,#DIV/0!,#DIV/0!,,1.0,Second,,#DIV/0!,,#DIV/0!,,#DIV/0!,,#DIV/0!,,#DIV/0!,#DIV/0!,0,0.0,,,#DIV/0!,,#DIV/0!,,#DIV/0!,,#DIV/0!,,#DIV/0!,#DIV/0!,Y
,Canberra,ALP,GRN,LIB,ALP,GRN,,,,,#DIV/0!,,#DIV/0!,,#DIV/0!,,#DIV/0!,,#DIV/0!,#DIV/0!,20325.0,,Third,14900.0,0.7330873309,5425.0,0.2669126691,,0,,0,,0,1,,,Second,,#DIV/0!,,#DIV/0!,,#DIV/0!,,#DIV/0!,,#DIV/0!,#DIV/0!,,,,,#DIV/0!,,#DIV/0!,,#DIV/0!,,#DIV/0!,,#DIV/0!,#DIV/0!,11136.0,1.0,Fourth,4488.0,0.4030172414,2715.0,0.2438038793,3933.0,0.3531788793,,0,,0,1,2480,2.0,Fifth,415.0,0.1673387097,509.0,0.2052419355,607.0,0.2447580645,,0,949.0,0.3826612903,1,Y
,Fenner,ALP,LIB,GRN,ALP,LIB,,,,,#DIV/0!,,#DIV/0!,,#DIV/0!,,#DIV/0!,,#DIV/0!,#DIV/0!,,,,,#DIV/0!,,#DIV/0!,,#DIV/0!,,#DIV/0!,,#DIV/0!,#DIV/0!,16875.0,,Third,15063.0,0.8926222222,1812.0,0.1073777778,,0,,0,,0,1,,,,,#DIV/0!,,#DIV/0!,,#DIV/0!,,#DIV/0!,,#DIV/0!,#DIV/0!,,0.0,,,#DIV/0!,,#DIV/0!,,#DIV/0!,,#DIV/0!,,#DIV/0!,#DIV/0!,7426,1.0,Fourth,2206.0,0.2970643684,3837.0,0.5166980878,1383.0,0.1862375438,,0,,0,1,Y
Base merges IND when it should exclude lowest 2,Solomon*,ALP,CLP,IND,ALP,CLP,,,,,#DIV/0!,,#DIV/0!,,#DIV/0!,,#DIV/0!,,#DIV/0!,#DIV/0!,,,,,#DIV/0!,,#DIV/0!,,#DIV/0!,,#DIV/0!,,#DIV/0!,#DIV/0!,6528.0,,Fourth,2536.0,0.3884803922,989.0,0.1515012255,,0,3003.0,0.4600183824,,0,1,4227.0,,Fifth,322.0,0.07617695765,2265.0,0.535841022,244.0,0.05772415425,1396.0,0.3302578661,,0,1,12359.0,1.0,Third,8076.0,0.6534509265,4283.0,0.3465490735,,0,,0,,0,1,1036,1.0,Sixth,168.0,0.1621621622,98.0,0.09459459459,117.0,0.1129343629,194.0,0.1872586873,459.0,0.4430501931,1,Y
,Lingiari,ALP,CLP,GRN,ALP,CLP,,,,,#DIV/0!,,#DIV/0!,,#DIV/0!,,#DIV/0!,,#DIV/0!,#DIV/0!,,,,,#DIV/0!,,#DIV/0!,,#DIV/0!,,#DIV/0!,,#DIV/0!,#DIV/0!,6164.0,,Third,4706.0,0.7634652823,1458.0,0.2365347177,,0,,0,,0,1,4563.0,,Fourth,626.0,0.1371904449,3209.0,0.7032653956,728.0,0.1595441595,,0,,0,1,,0.0,,,#DIV/0!,,#DIV/0!,,#DIV/0!,,#DIV/0!,,#DIV/0!,#DIV/0!,2339,2.0,Fifth,820.0,0.3505771697,298.0,0.1274048739,790.0,0.3377511757,431.0,0.1842667807,,0,1,Y
,,,,,,,,,,,,,#REF!,,#REF!,,#REF!,,#DIV/0!,#REF!,,,,,#DIV/0!,,#DIV/0!,,#DIV/0!,,#DIV/0!,,#DIV/0!,#DIV/0!,,,,,#REF!,,#REF!,,#DIV/0!,,#DIV/0!,,#DIV/0!,#REF!,,,,,#DIV/0!,,#DIV/0!,,#DIV/0!,,#DIV/0!,,#DIV/0!,#DIV/0!,,,,,#REF!,,#REF!,,#REF!,,#REF!,,#REF!,#REF!,,,,,#REF!,,#REF!,,#REF!,,#REF!,,#REF!,#REF!,
,New South Wales,,,,,,136125,,,33075,0.2429752066,0,0,0,0,97790,0.7183838384,5260,0.038640955,1,125258,,,65430,0.5223618452,21331,0.170296508,19916,0.1589998244,18581,0.1483418225,0,0,1,551460,,,397021,0.7199452363,86092,0.1561164908,8679,0.01573822217,56308,0.1021071338,3360,0.006092916984,1,409981,,,81186,0.1980238109,251551,0.613567458,43034,0.1049658399,31731,0.07739626958,2479,0.006046621673,1,205194,,,98950,0.4822265758,64370,0.3137031297,16012,0.07803347076,18403,0.08968585826,7469,0.0363996998,1.000048734,375443,,,57328,0.1526942838,75591,0.2013381525,49765,0.1325500808,126785,0.3376944037,65974,0.1757230791,1,
,Victoria,,,,,,90943,,,36999,0.4068372497,0,0,1359,0.0149434261,52585,0.5782193242,0,0,1,105315,,,68369,0.649185776,23261,0.2208707212,0,0,13685,0.1299435028,0,0,1,543731,,,418916,0.7704471513,85517,0.1572781394,3782,0.006955645347,35117,0.06458524528,389,0.0007154272977,0.9999816086,333345,,,54541,0.1636172734,200673,0.6019979301,44626,0.1338733144,23287,0.06985855495,10218,0.03065292715,1,93861,,,37886,0.4036394243,22122,0.2356889443,26491,0.2822364987,5043,0.05372838559,2319,0.02470674721,1,329671,,,55453,0.1682070913,77092,0.2338452578,84704,0.2569349442,83209,0.2524001201,29213,0.08861258649,1,
,Queensland,,,,,,94792,,,31462,0.331905646,23407,0.2469301207,8451,0.08915309309,16372,0.172714997,15100,0.1592961431,1,34115,,,27110,0.7946651033,7005,0.2053348967,0,0,0,0,0,0,1,371721,,,264084,0.7104360528,54714,0.1471910384,23525,0.06328671235,22489,0.06049967583,6909,0.01858652054,1,409751,,,94250,0.2300177425,262446,0.6405011824,19295,0.04708957391,22797,0.05563622786,10963,0.02675527332,1,142162,,,75132,0.5284956599,42331,0.297765929,10515,0.07396491327,6804,0.0478608911,7380,0.05191260674,1,339571,,,60675,0.1786813362,78833,0.2321546893,36606,0.107800725,149430,0.4400552462,14027,0.04130800333,1,
,Western Australia,,,,,,19919,,,4050,0.20332346,0,0,0,0,15869,0.79667654,0,0,1,23174,,,5933,0.2560196772,0,0,0,0,17241,0.7439803228,0,0,1,241533,,,173205,0.7171069792,44630,0.1847780635,6077,0.02516012305,17621,0.07295483433,0,0,1,165302,,,26725,0.161673785,109328,0.6613834073,18515,0.1120071143,8920,0.05396183954,1814,0.01097385392,1,51874,,,27713,0.5342368046,19916,0.3839302926,1975,0.03807302309,900,0.01734973204,1380,0.02660292247,1.000192775,125106,,,24288,0.1941393698,28789,0.2301168609,29847,0.2385736895,35927,0.2871724777,6255,0.04999760203,1,
,South Australia,,,,,,0,,,0,#DIV/0!,0,#DIV/0!,0,#DIV/0!,0,#DIV/0!,0,#DIV/0!,#DIV/0!,36751,,,6291,0.1711790155,0,0,0,0,0,0,30460,0.8288209845,1,192516,,,145223,0.7543424962,32821,0.1704845312,3518,0.01827380581,2535,0.01316773671,8419,0.04373143011,1,113132,,,24393,0.2156153873,59711,0.5277993848,16958,0.1498956971,8139,0.07194250963,3931,0.03474702118,1,51146,,,22310,0.4362022446,17449,0.3411605991,7431,0.1452899542,2632,0.05146052477,1324,0.02588667736,1,76719,,,12382,0.1613941788,13427,0.1750153156,15203,0.198164731,30218,0.3938789609,5489,0.0715468137,1,
,Tasmania,,,,,,0,,,0,#DIV/0!,0,#DIV/0!,0,#DIV/0!,0,#DIV/0!,0,#DIV/0!,#DIV/0!,28450,,,12713,0.4468541301,0,0,0,0,15737,0.5531458699,0,0,1,49975,,,31186,0.624032016,6216,0.1243821911,1820,0.0364182091,10753,0.2151675838,0,0,1,33335,,,10109,0.3032548373,16991,0.5097045148,3455,0.1036448178,1788,0.05363731813,992,0.02975851207,1,14087,,,3593,0.2550578548,2595,0.1842123944,3553,0.2522183574,3647,0.2588911763,699,0.04962021722,1,19446,,,3818,0.1963385786,4278,0.2199938291,2156,0.1108711303,5739,0.2951249614,3455,0.1776715006,1,
,ACT,,,,,,0,,,0,#DIV/0!,0,#DIV/0!,0,#DIV/0!,0,#DIV/0!,0,#DIV/0!,#DIV/0!,44284,,,19741,0.4457817722,5425,0.1225047421,0,0,19118,0.4317134857,0,0,1,26632,,,19764,0.7421147492,2106,0.07907780114,0,0,4762,0.1788074497,0,0,1,0,,,0,#DIV/0!,0,#DIV/0!,0,#DIV/0!,0,#DIV/0!,0,#DIV/0!,#DIV/0!,11136,,,4488,0.4030172414,2715,0.2438038793,3933,0.3531788793,0,0,0,0,1,9906,,,2621,0.2645871189,4346,0.4387240057,1990,0.2008883505,0,0,949,0.09580052493,1,
,Northern Territory,,,,,,0,,,0,#DIV/0!,0,#DIV/0!,0,#DIV/0!,0,#DIV/0!,0,#DIV/0!,#DIV/0!,0,,,0,#DIV/0!,0,#DIV/0!,0,#DIV/0!,0,#DIV/0!,0,#DIV/0!,#DIV/0!,12692,,,7242,0.5705956508,2447,0.1927986133,0,0,3003,0.2366057359,0,0,1,8790,,,948,0.1078498294,5474,0.6227531286,972,0.1105802048,1396,0.1588168373,0,0,1,12359,,,8076,0.6534509265,4283,0.3465490735,0,0,0,0,0,0,1,3375,,,988,0.2927407407,396,0.1173333333,907,0.2687407407,625,0.1851851852,459,0.136,1,
,,,,,,,341779,,,105586,0.3089306248,23407,0.0684857759,9810,0.02870275822,182616,0.5343101829,20360,0.05957065823,1,397347,,,205587,0.5173991499,57022,0.1435068089,19916,0.05012243706,84362,0.2123131671,30460,0.07665843708,1,1990260,,,1456641,0.7318847789,314543,0.1580411605,47401,0.02381648629,152588,0.07666737009,19077,0.009585179826,0.9999949755,1473636,,,292152,0.1982524857,906174,0.6149239025,146855,0.09965486728,98058,0.066541534,30397,0.02062721052,1,581819,,,278148,0.4780662027,175781,0.3021231689,69910,0.1201576435,37429,0.06433100328,20571,0.03535635653,1.000034375,1279237,,,217553,0.1700646557,282752,0.2210317556,221178,0.1728983761,431933,0.3376489267,125821,0.09835628582,1,
,,,,,,,,,,,,,,,,,,,,,,,,,,,,,,,,,,,,,,,,,,,,,,,,,,,,,,,,,,,,,,,,,,,,,,,,,,,,,,,,,,,,,,,,,,,
,Supplementary,,,,,,,,,,,,,,,,,,,,,,,,,,,,,,,,,,,,,,,,,,,,,,,,,,,,,,,,,,,,,,,,,,,,,,,,,,,,,,,,,,,,,,,,,,
Rethrow prefs,Calwell*,ALP,IND,LIB,ALP,IND,,,,,#DIV/0!,,#DIV/0!,,#DIV/0!,,#DIV/0!,,#DIV/0!,#DIV/0!,20030.0,,Third,6345.0,0.3167748377,,0,,0,13685.0,0.6832251623,,0,1,14946.0,#DIV/0!,Fourth,10259.0,0.6864043891,989.0,0.06617155092,,0,3698.0,0.2474240599,,0,1,5008.0,#DIV/0!,Fifth,498.0,0.09944089457,1261.0,0.2517971246,327.0,0.06529552716,1877.0,0.3748003195,1045.0,0.2086661342,1,,,,,#DIV/0!,,#DIV/0!,,#DIV/0!,,#DIV/0!,,#DIV/0!,#DIV/0!,10074.0,,Sixth,2033.0,0.2018066309,1198.0,0.1189199921,1325.0,0.1315267024,1133.0,0.1124677387,4385.0,0.4352789359,1,
