,,,,,,,,,,,,,,,,,,,,,,,,,,,,,,,,,,,,,,,,,,,,,,,,,,,,,,,,,,,,,,,,,,,,,,,,,,,,,,,,,,,,,,,,,,,,,,,,,,,,,,,,,,,,,,,,,,,,,,,,,,,,,,,,,,,,,,,,,,,,,,,,,,,,,,,,,,,,,,,,,,,,,,,,,,,,,,,,,,,,,,,,,,,,,,,,,,,,,,,,,,,,,,,,,,,,,,,,,,,,,,,,,,,,,,,,,,,,,,,,,,,,,,,,,,,,,,,,,,,,,,,,,,,,,,,,,,,,,,,,,,,,,,,,,,,,,,,,,,,,,,,,,,,,,,,,,,,,,,,,,,,,,,,,,,,,,,,,,,,,,,,,,,,,,,,,,,,,,,,,,,,,,,,,,,,,,,,
,,,2025.0,,2PP,,,,,,,,,,,,3CP,,,,,,,,,,,,,,,2CP,,,,,,,,,,,,,,,,,,,,,,,,,,,,,,,,,,,,,,,,,,,,,,,,,,,,2022.0,,2PP,,,,,,,,,,,,,,2CP,,,,,,,,,,,,,,,,,,,,,,,,,,,,,,,,,,,,,,,,,,,,,,,,,,,,,,,,,,,,,,,,,,,,,,,,,,,,,,,,,,,,,,,,,,,,,2019.0,,2PP,,,,,,,,,,,,2CP,,,,,,,,,,,,,,,,,,,,,,,,,,,,,,,,,,,,,,,,,,,,,,,,,,,2016.0,,2PP,,,,,,,,,,,,2CP,,,,,,,,,,,,,,,,,,,,,,,,,,,,,,,,,,,,,,,,,,,,,2013.0,,2PP,,,,,,,,,,,,2CP,,,,,,,,,,,,,,,,,,,,,,,,,,,,,,,,,,,,,,,,,,,,
,,,,,Labor,,,Swing,Weighted swing,Area swing,Coalition,,,Lean,PVI,Elasticity,Labor,,,,,Coalition,,,,,Greens/Independent,,,,,Labor,,,Greens,,,Swing,Area swing,Coalition,,,Independent,,,,Labor,,,,,,Coalition,,,,,,Greens,,,,,,One Nation,,,,,,Independent,,,,,,Others,,,,,,,,,Labor,,,Swing,Weighted swing,Area swing,Coalition,,,Post-redist ALP 2PP,Post-redist COA 2PP,Lean,PVI,Elasticity,Labor,,,Greens,,,Swing,Area swing,Coalition,,,Independent,,,Labor,,,,,,Liberal,,,,,,Greens,,,,,,Independent,,,,,,Others,,,,,,,Labor,,,,,,Coalition,,,,,,Greens,,,,,,One Nation,,,,,,Independent,,,,,,Others,,,,,,Labor,,Coalition,,Greens,,One Nation,,Independent,,Other,,,,Labor,,,Swing,Weighted swing,Area swing,Coalition,,,Lean,PVI,Elasticity,Labor,,,Greens,,,Swing,Area swing,Coalition,,,Independent,,,,Labor,,,,,,Coalition,,,,,,Greens,,,,,,One Nation,,,,,,Independent,,,,,,Others,,,,,,,,Labor,,,Swing,Weighted swing,Area swing,Coalition,,,Lean,PVI,Elasticity,Labor,,,Greens,,,Swing,Area swing,Coalition,,,Independent,,,,Labor,,,,,,Coalition,,,,,,Greens,,,,,,Independent,,,,,,Others,,,,,,,,Labor,,,Swing,Weighted swing,Area swing,Coalition,,,Lean,PVI,Elasticity,Labor,,,Greens,,,Swing,Area swing,Coalition,,,Independent,,,,Labor,,,,,,Coalition,,,,,,Greens,,,,,,Independent,,,,,,Others,,,,,
Classification,Area,Division,Votes,Area votes,Votes,%,Area %,,,,Votes,%,Area %,,,,Votes,%,Swing,Area %,Area swing,Votes,%,Swing,Area %,Area swing,Votes,%,Swing,Area %,Area swing,Votes,%,Area %,Votes,%,Area %,,,Votes,%,Area %,Votes,%,Area %,,Votes,%,Swing,Weighted swing,Area %,Area swing,Votes,%,Swing,Weighted swing,Area %,Area swing,Votes,%,Swing,Weighted swing,Area %,Area swing,Votes,%,Swing,Weighted swing,Area %,Area swing,Votes,%,Swing,Weighted swing,Area %,Area swing,Votes,%,Swing,Weighted swing,Area %,Area swing,,Votes,Area votes,Votes,%,Area %,,,,Votes,%,Area %,,,,,,Votes,%,Area %,Votes,%,Area %,,,Votes,%,Area %,Votes,%,Area %,Votes,%,Swing,Weighted swing,Area %,Area swing,Votes,%,Swing,Weighted swing,Area %,Area swing,Votes,%,Swing,Weighted swing,Area %,Area swing,Votes,%,Swing,Weighted swing,Area %,Area swing,Votes,%,Swing,Weighted swing,Area %,Area swing,,Votes,%,Swing,Weighted swing,Area %,Area swing,Votes,%,Swing,Weighted swing,Area %,Area swing,Votes,%,Swing,Weighted swing,Area %,Area swing,Votes,%,Swing,Weighted swing,Area %,Area swing,Votes,%,Swing,Weighted swing,Area %,Area swing,Votes,%,Swing,Weighted swing,Area %,Area swing,Post-redist %,Swing,Post-redist %,Swing,Post-redist %,Swing,Post-redist %,Swing,Post-redist %,Swing,Post-redist %,Swing,Votes,Area votes,Votes,%,Area %,,,,Votes,%,Area %,,,,Votes,%,Area %,Votes,%,Area %,,,Votes,%,Area %,Votes,%,Area %,,Votes,%,Swing,Weighted swing,Area %,Area swing,Votes,%,Swing,Weighted swing,Area %,Area swing,Votes,%,Swing,Weighted swing,Area %,Area swing,Votes,%,Swing,Weighted swing,Area %,Area swing,Votes,%,Swing,Weighted swing,Area %,Area swing,Votes,%,Swing,Weighted swing,Area %,Area swing,Votes,Area votes,Votes,%,Area %,,,,Votes,%,Area %,,,,Votes,%,Area %,Votes,%,Area %,,,Votes,%,Area %,Votes,%,Area %,,Votes,%,Swing,Weighted swing,Area %,Area swing,Votes,%,Swing,Weighted swing,Area %,Area swing,Votes,%,Swing,Weighted swing,Area %,Area swing,Votes,%,Swing,Weighted swing,Area %,Area swing,Votes,%,Swing,Weighted swing,Area %,Area swing,Votes,Area votes,Votes,%,Area %,,,,Votes,%,Area %,,,,Votes,%,Area %,Votes,%,Area %,,,Votes,%,Area %,Votes,%,Area %,,Votes,%,Swing,Weighted swing,Area %,Area swing,Votes,%,Swing,Weighted swing,Area %,Area swing,Votes,%,Swing,Weighted swing,Area %,Area swing,Votes,%,Swing,Weighted swing,Area %,Area swing,Votes,%,Swing,Weighted swing,Area %,Area swing
VICTORIA,,,4060308,,2285979,0.563006304,,0.01351055891,,,1774329,0.436993696,,,,,,,,,,,,,,,,,,,,,,,,,,,,,,,,,,,1375074,0.3386624857,0.008959737779,,,,1305056,0.3214179811,-0.006987990332,,,,550639,0.1356150814,-0.001118411479,,,,234493,0.05775251533,0.02032567164,,,,305027,0.07512410389,0.03783450047,,,,290406,0.07152314553,-0.04055421077,,,,,3650922,,2004335,0.5489941993,,0.01586571507,,,1646587,0.4510058007,,,,,,,,,,,,,,,,,,,,,1386956,0.3798919834,0,,,,1414318,0.3873865287,0,,,,484642,0.1327450984,0,,,,262541,0.07191087621,0,,,,102465,0.02806551331,0,,,,,1203655,0.3296852138,-0.04195932069,,,,1196567,0.3277437864,-0.05300439683,,,,493261,0.1351058719,0.01968705286,,,,143558,0.03932102631,0.02927027436,,,,243992,0.06683024179,0.05322044004,,,,369889,0.1013138599,0,,,,,,,,,,,,,,,,3593733,,1917251,0.5334984541,,0.008801184451,,,1676482,0.4665015459,,,,,,,,,,,,,,,,,,,,1336415,0.3718737591,0.013,,,,1377451,0.3832925262,-0.02540365687,,,,416596,0.1159229136,-0.01120107782,,,,0,,,,,,144043,0.04008172004,0.02819647119,,,,319228,0.08882908107,,,,,3350365,,1747884,0.521699576,,0.01496425948,,,1602481,0.478300424,,,,,,,,,,,,,,,,,,,,1210556,0.3613206322,0.00895018113,,,,1387308,0.4140766752,-0.007338048362,,,,428830,0.1279950095,0.0210023116,,,,93610,0.02794023935,,,,,230061,,,,,,3207352,,1618993,0.5047755906,,-0.0531589943,,,1588359,0.4952244094,,,,,,,,,,,,,,,,,,,,1125867,0.3510269531,-0.07889498717,,,,1353753,0.4220780881,0.02912299696,,,,341029,0.1063272756,-0.01898883506,,,,51544,0.01607057785,,,,,335159,0.1044971054,,,,
Inner metro,East,Chisholm,112693,549782,62771.0,0.5570088648,0.5524771637,0.0237,2670.8241,0.01670005311,49922.0,0.4429911352,0.4475246552,,,,,0.417,,,,,0.418,,,,,0.165,,,,,,,,,,,,,,,,,,,43653.0,0.3873621254,0.0398,4485.1814,0.2932707873,0.02864144861,41967.0,0.3724011252,-0.0196,-2208.7828,0.3670709481,0.004591498448,14086.0,0.124994454,-0.0156,-1758.0108,0.1321269158,-0.01820201171,2156.0,0.01913162308,0.0095,1070.5835,0.02392948478,0.01121227523,6684.0,0.05931158102,0.0593,6682.6949,0.1510707881,0.01727961246,4147,0.03679909134,-0.0734,-8271.6662,0.03253107595,-0.04515656733,,96518,490355,54448.0,0.5641227543,0.5466508958,0.0686,6621.1348,0.04430308368,42070.0,0.4358772457,0.4533491042,0.5333088648,0.4666911352,,,,,,,,,,,,,,,,,,41157.0,0.4264178702,,0,0.2996808435,0,39660.0,0.4109078099,,0,0.3942082777,0,15701.0,0.1626743198,,0,0.1261494224,0,,0,,0,0.1799614565,0,,0,,0,0,0,,38692.0,0.4008785926,0.0377,3638.7286,0.2717806487,-0.05518338857,35038.0,0.3630203693,-0.077,-7431.886,0.3479723874,-0.0884455368,12130.0,0.1256760397,0.0194,1872.4492,0.135144946,-0.02211525262,1377.0,0.01426676889,0.0143,1380.2074,0.01556423408,0.01555826677,2347.0,0.02431670776,0.0243,2345.3874,0.1622599953,0.1622484333,6934,0.07184152179,,0,0.06727778854,0,0.3475621254,,0.3920011252,,0.140594454,,0.009631623082,,1.1581021e-05,,0.1101990913,,94920,486245,46915.0,0.4942583228,0.4934857942,0.023,2183.16,0.04025902374,48005.0,0.5057416772,0.5065142058,,,,,,,,,,,,,,,,,,,32561.0,0.343036241,-0.004,-379.68,0.311591893,0.01928197308,41172.0,0.4337547408,-0.037,-3512.04,0.4445289926,-0.043229989,11235.0,0.1183628319,0.003,284.76,0.1613939475,0.00219893675,,0,,0,0,0,2319.0,0.02443109987,0.0244,2316.048,0.03247745478,0.0266634495,7633,0.08041508639,,0,0.05000771216,0,86720,442238,42283.0,0.4875807196,0.4609961152,-0.0284,-2462.848,-0.01746607438,44437.0,0.5124192804,0.5390038848,,,,,,,,,,,,,,,,,,,31160.0,0.3593173432,-0.0357,-3095.904,0.2989996337,-0.0256055071,39265.0,0.452779059,0.0116,1005.952,0.4802956779,0.008174915526,10647.0,0.1227744465,0.0283,2454.176,0.1600179089,0.01569250974,,0,,0,0.01032927971,0.008082398585,5648,0.06512915129,,0,0.05035749981,0,86109,431358,44431.0,0.5159855532,0.4787369192,-0.0418,-3599.3562,-0.04768994895,41678.0,0.4840144468,0.5212630808,,,,,,,,,,,,,,,,,,,34015.0,0.3950225877,-0.0475,-4090.1775,0.3279155597,-0.05995679899,37990.0,0.4411850097,0.039,3358.251,0.4710518873,0.03999256557,8133.0,0.09445005749,-0.0244,-2101.0596,0.1408273406,-0.01231802157,,0,,0,0.004833572114,0.004834728462,5971,0.06934234517,,0,0.05537164026,0
,,Goldstein,115673,,53246.0,0.4603148531,,-0.0025,-289.1825,,62427.0,0.5396851469,,,,,,0.168,,,,,0.466,,,,,0.366,,,,,,,,,,0.0191,,58041.0,0.5017679147,,57778.0,0.499494264,,,15803.0,0.1366178797,0.0004,45.0772,,,50348.0,0.4352614698,0.039,4395.027,,,8314.0,0.07187502702,-0.0124,-1397.3932,,,2037.0,0.01760998677,0.0031,349.3483,,,35576.0,0.3075566468,-0.0057,-642.3501,,,3595,0.03107898991,-0.0243,-2738.4399,,,,98087,,44337.0,0.4520170869,,0.0299,2932.8013,,53750.0,0.5479829131,,0.4628148531,0.5371851469,,,,,,,,,,,,46226.0,0.4712755003,,51861.0,0.5287244997,,13734.0,0.140018555,,0,,,43292.0,0.4413632795,,0,,,,0,,0,,,41061.0,0.4186181655,,0,,,,0,,0,,,,10799.0,0.1100961391,-0.173,-16969.051,,,39607.0,0.4037945905,-0.1229,-12054.8923,,,7683.0,0.07832842273,-0.0621,-6091.2027,,,1239.0,0.01263164334,0.0126,1235.8962,,,33815.0,0.3447449713,0.3447,33810.5889,,,4944,0.05040423298,,0,,,0.1362178797,,0.3962614698,,0.08427502702,,0.01450998677,,0.3132566468,,0.05537898991,,99336,,41928.0,0.4220826287,,0.049,4867.464,,57408.0,0.5779173713,,,,,,,,,,,,,,,,,,,,28118.0,0.2830595152,0.064,6357.504,,,52320.0,0.5266972699,-0.037,-3675.432,,,13951.0,0.1404425385,-0.019,-1887.384,,,,0,,0,,,1349.0,0.01358017234,0.0136,1350.9696,,,3598,0.03622050415,,0,,,93540,,34912.0,0.3732307034,,-0.0165,-1543.41,,58628.0,0.6267692966,,,,,,,,,,,,,,,,,,,,20466.0,0.2187940988,-0.0195,-1824.03,,,52694.0,0.5633311952,-0.0018,-168.372,,,14871.0,0.1589801155,-,,,,,0,,0,,,5509,0.05889459055,,0,,,90591,,35303.0,0.3896965482,,-0.0502,-4547.6682,,55288.0,0.6103034518,,,,,,,,,,,,,,,,,,,,21591.0,0.2383349339,-0.0636,-5761.5876,,,51193.0,0.5651002859,0.0442,4004.1222,,,14408.0,0.1590444967,-0.003,-271.773,,,,0,,0,,,3399,0.03752028347,,0,,
,,Hotham,106211,,71012.0,0.6685936485,,0.0527,5597.3197,,35199.0,0.3314063515,,,,,,0.514,,,,,0.306,,,,,0.18,,,,,,,,,,,,,,,,,,,51880.0,0.4884616471,0.0574,6096.5114,,,27346.0,0.2574686238,-0.0281,-3166.6733,,,15780.0,0.1485721818,0.0021,236.6553,,,4959.0,0.04669007918,0.0229,2580.6697,,,,0,,0,,,6246,0.05880746815,-0.0543,-6119.2299,,,,100202,,64382.0,0.6425221053,,0.0307,3076.2014,,35820.0,0.3574778947,,0.6158936485,0.3841063515,,,,,,,,,,,,,,,,,,51530.0,0.5142611924,,0,,,33070.0,0.3300333327,,0,,,15602.0,0.1557054749,,0,,,,0,,0,,,,0,,0,,,,47135.0,0.4703997924,-0.0372,-3727.5144,,,25273.0,0.2522205146,-0.0815,-8166.463,,,12408.0,0.1238298637,0.0344,3446.9488,,,2926.0,0.02920101395,0.0292,2925.8984,,,,0,,0,,,12460,0.1243488154,,0,,,0.4310616471,,0.2855686238,,0.1464721818,,0.02379007918,,0,,0.1131074682,,95868,,53597.0,0.5590708057,,0.017,1629.756,,42271.0,0.4409291943,,,,,,,,,,,,,,,,,,,,43310.0,0.451767013,0.021,2013.228,,,37447.0,0.3906100054,-0.013,-1246.284,,,8722.0,0.09097926315,-,,,,,0,,0,,,,0,,0,,,6389,0.06664371845,,0,,,87164,,50104.0,0.5748244688,,0.0021,183.0444,,37060.0,0.4251755312,,,,,,,,,,,,,,,,,,,,39881.0,0.45753981,-0.0138,-1202.8632,,,32512.0,0.3729980267,0.0016,139.4624,,,8042.0,0.09226286081,-0.0071,,,,,0,,0,,,6729,0.07719930246,,0,,,85959,,49232.0,0.5727381659,,-0.0669,-5750.6571,,36727.0,0.4272618341,,,,,,,,,,,,,,,,,,,,40512.0,0.4712944543,-0.0722,-6206.2398,,,31929.0,0.3714445259,0.0479,4117.4361,,,7327.0,0.08523831129,-0.0164,-1409.7276,,,,0,,0,,,6191,0.0720227085,,0,,
,,Kooyong,114867.0,,54709.0,0.4762812644,,0.0137,1573.6779,,60159.0,0.5237274413,,,,,,0.15,,,,,0.455,,,,,0.395,,,,,,,,,,,,56668.0,0.4933357709,,58200.0,0.5066729348,,,13671.0,0.1190159054,0.0057,654.7419,,,49542.0,0.4312988064,-0.0027,-304.2711,,,8900.0,0.07748091271,-0.021,-2366.553,,,1201.0,0.01045557036,0.0052,586.0036,,,38955.0,0.3391313432,0.0313,3527.2909,,,2598,0.02261746193,-0.0185,-2084.8205,,,,102517,,46975.0,0.458216686,,0.0221,2265.6257,,55542.0,0.541783314,,0.4625812644,0.5374274413,,,,,,,,,,,,48241.0,0.4705658574,,54276.0,0.5294341426,,9202.0,0.08976072261,,0,,,46131.0,0.4499839051,,0,,,,0,,0,,,47184.0,0.4602553723,,0,,,,0,,0,,,,7091.0,0.06916901587,-0.106,-10866.802,,,43736.0,0.4266219261,-0.0651,-6673.8567,,,6461.0,0.06302369363,-0.1478,-15152.0126,,,741.0,0.007228069491,0.0072,738.1224,,,41568.0,0.405474214,0.4055,41570.6435,,,2920,0.02848308085,,0,,,0.1133159054,,0.4339988064,,0.09848091271,,0.005255570355,,0.3078313432,,0.04111746193,,99029,,42902.0,0.4332266306,,0.061,6040.769,,56127.0,0.5667733694,,,,,,,,,,,,,,,,,,,,16666.0,0.1682941361,-0.037,-3664.073,,,48928.0,0.4940774925,-0.082,-8120.378,,,21035.0,0.2124125256,0.026,2574.754,,,,0,,0,,,10098.0,0.10197013,0.0734,7268.7286,,,2302,0.0232457159,,0,,,90003,,32996.0,0.3666100019,,-0.0228,-2052.0684,,57007.0,0.6333899981,,,,,,,,,,,,,,,,,,,,17825.0,0.1980489539,-0.0263,-2367.0789,,,52401.0,0.5822139262,0.0253,2277.0759,,,17027.0,0.1891825828,0.0234,2106.0702,,,2750.0,0.03055453707,0.0235,2115.0705,,,0,0,,0,,,87626,,34122.0,0.3894049711,,-0.0361,-3163.2986,,53504.0,0.6105950289,,,,,,,,,,,,,,,,,,,,19655.0,0.2243055714,-0.0512,-4486.4512,,,48802.0,0.5569351562,0.032,2804.032,,,14526.0,0.1657727159,-0.0176,-1542.2176,,,2085.0,0.02379430763,0.0238,2085.4988,,,2558,0.02919224888,,0,,
,,Macnamara,100338,,62004.0,0.6179513245,,-0.0037,-371.2506,,38334.0,0.3820486755,,,,,,0.376,,,,,0.352,,,,,0.273,,,,,,,,,,,,,,,,,,,36228.0,0.3610596185,0.0445,4465.041,,,32606.0,0.3249616297,0.0338,3809.0234,,,25561.0,0.2547489486,-0.0419,-4721.8367,,,2803.0,0.02793557775,0.014,1577.702,,,1841.0,0.01834798381,-0.0006,-67.6158,,,1299,0.0129462417,-0.0498,-5612.1114,,,,93031,,57911.0,0.6224914276,,0.0734,6828.4754,,35120.0,0.3775085724,,0.6216513245,0.3783486755,,,,,,,,,,,,,,,,,,31327.0,0.3367372166,,0,,,31149.0,0.3348238759,,0,,,30555.0,0.3284389075,,0,,,,0,,0,,,,0,,0,,,,29552.0,0.317657555,0.0093,865.1883,,,26976.0,0.2899678602,-0.0972,-9042.6132,,,27587.0,0.2965355634,0.0546,5079.4926,,,1349.0,0.01450054283,0.0145,1348.9495,,,1835.0,0.01972460793,0.0197,1832.7107,,,5732,0.06161387065,,0,,,0.3165596185,,0.2911616297,,0.2966489486,,0.01393557775,,0.01894798381,,0.0627462417,,97092,,54613.0,0.5624871256,,0.05,4854.6,,42479.0,0.4375128744,,,,,,,,,,,,,,,,,,,,30855.0,0.3177913731,0.052,5048.784,,,36283.0,0.373697112,-0.046,-4466.232,,,23534.0,0.2423886623,0.001,97.092,,,,0,,0,,,2026.0,0.02086680674,0.0209,2029.2228,,,4394,0.04525604581,,0,,,84811,,43575.0,0.5137894849,,-0.0218,-1848.8798,,41236.0,0.4862105151,,,,,,,,,,,,,,,,,,,,22897.0,0.2699767719,-0.0467,-3960.6737,,,35533.0,0.4189668793,0.0085,720.8935,,,20179.0,0.2379290422,0.0362,3070.1582,,,1818.0,0.02143589865,0.0214,1814.9554,,,4384,0.05169140795,,0,,,81073,,43419.0,0.5355543769,,-0.0433,-3510.4609,,37654.0,0.4644456231,,,,,,,,,,,,,,,,,,,,25676.0,0.3167022313,-0.0656,-5318.3888,,,33278.0,0.4104695768,0.0366,2967.2718,,,16353.0,0.2017071035,-0.0082,-664.7986,,,,0,,0,,,5766,0.0711210884,,0,,
,North,Cooper,107586,314815,84489.0,0.7853159333,0.7793211886,0.0282,3033.9252,0.02550771501,23097.0,0.2146840667,0.2206788114,,,,,0.459,,,,,0.198,,,,,0.343,,,,64246.0,0.5971594817,0.5475215603,43340.0,0.4028405183,0.4524784397,0.008,,,,,,,,,45149.0,0.4196549737,0.0128,1377.1008,0.3645283738,0.01906187729,16280.0,0.1513208038,-0.0109,-1228.3537,0.1577688484,-0.01496297,27123.0,0.2521052925,-0.032,-3606.176,0.3316678049,-0.021084185,5684.0,0.05283215288,0.0238,2682.0934,0.03800327176,0.01822045868,,0,,0,0.01530740276,0.01771930658,13350,0.1240867771,0.0062,698.6966,0.0927242984,-0.02545136763,,93750,281454,70743.0,0.754592,0.7640253825,-0.0075,-703.125,0.03236177279,23007.0,0.245408,0.2359746175,0.7571159333,0.2428840667,,,,55006.0,0.5867306667,0.5218508175,38744.0,0.4132693333,0.4781491825,-0.0616,,,,,,,,41921.0,0.4471573333,,0,0.3795433712,0,19436.0,0.2073173333,,0,0.2025446432,0,32393.0,0.3455253333,,0,0.4179119856,0,,0,,0,0,0,,0,,0,0,0,,38754.0,0.413376,-0.0552,-5175,0.3494638556,-0.02244483148,15329.0,0.1635093333,-0.0325,-3046.875,0.1625842944,-0.03389538042,25648.0,0.2735786667,0.0643,6028.125,0.3528960327,0.03334825442,2807.0,0.02994133333,0.0299,2803.125,0.02237665835,0.02235810186,,0,,0,0.003886958437,0.003874586256,11212,0.1195946667,,0,0.1087922005,0,0.4068549737,,0.1622208038,,0.2841052925,,0.02903215288,,0,,0.1178867771,,97481,286635,74402.0,0.763246171,0.7315924434,0.042,4094.202,0.02533586617,23079.0,0.236753829,0.2684075566,,,,,,,,,,,,,,,,,,,45601.0,0.4677937239,0.117,11405.277,0.3709491165,0.04693833272,19012.0,0.1950328782,-0.002,-194.962,0.1961798106,-0.02346298952,20605.0,0.2113745243,-0.155,-15109.555,0.3211610585,-0.05186881225,,0,,0,0,0,1660.0,0.01702895949,0.017,1657.177,0.009817363546,0.009807492456,10603,0.1087699141,,0,0.1018926509,0,90101,278788,64645.0,0.7174726141,0.6981828486,0.0077,693.7777,-0.005016829634,25456.0,0.2825273859,0.3018171514,,,,45977.0,0.5102829047,,44124.0,0.4897170953,,-0.0958,,,,,,,,,31780.0,0.3527152862,-0.0602,-5424.0802,0.3240490982,-0.05057567987,17924.0,0.1989323093,-0.0257,-2315.5957,0.22395512,-0.00308115443,32645.0,0.3623156236,0.0983,8856.9283,0.3695962523,0.06286377798,1989.0,0.02207522669,0.0139,1252.4039,0.01370575491,0.01080361575,5763,0.06396155426,,0,0.06869377448,0,89114,264333,63257.0,0.7098435712,0.7035557422,-0.0382,-3404.1548,-0.03363883284,25857.0,0.2901564288,0.2964442578,,,,54009.0,0.6060663869,,35105.0,0.3939336131,,0.0286,,,,,,,,,36798.0,0.4129317503,-0.1062,-9463.9068,0.3791391919,-0.09353595578,20017.0,0.2246223938,0.024,2138.736,0.2270923419,0.01261042662,23522.0,0.2639540364,0.0265,2361.521,0.3015665846,0.03183203724,,0,,0,0.01008576303,0.0100846561,8777,0.09849181947,,0,0.08211611868,0
,,Melbourne,97448,,72083.0,0.7397073311,,0.0088,857.5424,,25365.0,0.2602926689,,,,,,0.339,,,,,0.229,,,,,0.432,,,,51663.0,0.5301596749,,45785.0,0.4698403251,,0.1,,,,,,,,,30541.0,0.3134081767,0.0568,5535.0464,,,19267.0,0.1977157048,0.0024,270.4632,,,38457.0,0.3946412446,-0.0523,-5893.8439,,,2438.0,0.02501847139,0.0166,1870.7038,,,4819.0,0.04945201543,0.0495,5578.3035,,,1926,0.01976438716,-0.0725,-8170.2425,,,,96506,,75191.0,0.7791329037,,0.1011,9756.7566,,21315.0,0.2208670963,,0.7309073311,0.2690926689,,,,38456.0,0.3984829959,,58050.0,0.6015170041,,,,,,,,,,26037.0,0.2697966966,,0,,,17733.0,0.1837502331,,0,,,52736.0,0.5464530703,,0,,,,0,,0,,,,0,,0,,,,24155.0,0.2502953184,0.0391,3773.3846,,,14660.0,0.1519076534,-0.0601,-5800.0106,,,47883.0,0.4961660415,0.0158,1524.7948,,,937.0,0.009709240876,0.0097,936.1082,,,1094.0,0.01133608273,0.0113,1090.5178,,,7777,0.08058566307,,0,,,0.2566081767,,0.1953157048,,0.4469412446,,0.00841847139,,-4.798456613e-05,,0.09226438716,,93064,,62410.0,0.6706137712,,0.001,93.064,,30654.0,0.3293862288,,,,,,,,,,,,,,,,,,,,18371.0,0.197401788,-0.042,-3908.688,,,19979.0,0.2146802201,-0.033,-3071.112,,,45876.0,0.4929510874,0.047,4374.008,,,,0,,0,,,1154.0,0.01240006877,0.0124,1153.9936,,,7684,0.08256683573,,0,,,94579,,62963.0,0.6657186056,,-0.0268,-2534.7172,,31616.0,0.3342813944,,,,,,,,64771.0,0.6848348999,,,,29808.0,0.3151651001,,,,,,23130.0,0.2445574599,-0.0214,-2023.9906,,,23878.0,0.2524661923,0.0242,2288.8118,,,41377.0,0.4374861227,0.0113,1068.7427,,,1832.0,0.01937005043,0.0195,1844.2905,,,4362,0.04612017467,,0,,,84551,,58555.0,0.6925405968,,-0.0352,-2976.1952,,25996.0,0.3074594032,,,,,37819.0,0.4472921669,,46732.0,0.5527078331,,0.0064,,,0,,,,,,22490.0,0.2659933058,-0.1154,-9757.1854,,,19301.0,0.2282764249,0.0137,1158.3487,,,36035.0,0.4261924755,0.0703,5943.9353,,,626.0,0.007403815449,0.0074,625.6774,,,6099,0.07213397831,,0,,
,,Wills,109781,,88770.0,0.8086098687,,0.0377,4138.7437,,21011.0,0.1913901313,,,,,,0.391,,,,,0.167,,,,,0.441,,,,56459.0,0.5142875361,,53322.0,0.4857124639,,-0.034,,,,,,,,,39069.0,0.3558812545,-0.0083,-911.1823,,,14121.0,0.1286288156,-0.0333,-3752.6769,,,38834.0,0.3537406291,0.0254,2862.4022,,,3842.0,0.03499694847,0.0105,1183.2765,,,,0,,0,,,13915,0.1267523524,-0.0048,-540.9264,,,,91198,,69104.0,0.7577359153,,0.0006,54.7188,,22094.0,0.2422640847,,0.7709098687,0.2290901313,,,,53415.0,0.5857036339,,37783.0,0.4142963661,,0.001,,,,,,,,38866.0,0.4261716266,,0,,,19838.0,0.2175267001,,0,,,32494.0,0.3563016733,,0,,,,0,,0,,,,0,,0,,,,35449.0,0.3887036996,-0.0539,-4915.5722,,,15771.0,0.1729314239,-0.0076,-693.1048,,,25793.0,0.2828241847,0.0201,1833.0798,,,2554.0,0.02800500011,0.028,2553.544,,,,0,,0,,,11631,0.1275356916,,0,,,0.3641812545,,0.1619288156,,0.3283406291,,0.02449694847,,0,,0.1315523524,,96090,,72888.0,0.7585388698,,0.032,3074.88,,23202.0,0.2414611302,,,,,,,,,,,,,,,,,,,,42355.0,0.440784681,0.062,5957.58,,,17241.0,0.1794255386,-0.036,-3459.24,,,25575.0,0.2661567281,-0.043,-4131.87,,,,0,,0,,,,0,,0,,,10919,0.1136330523,,0,,,94108,,67037.0,0.71234114,,0.0047,442.3076,,27071.0,0.28765886,,,,,51646.0,0.5487950015,,42462.0,0.4512049985,,,,,,,,,,,35431.0,0.3764929655,-0.0749,-7048.6892,,,20634.0,0.219258724,-0.0091,-856.3828,,,29017.0,0.3083372296,0.086,8093.288,,,,0,,0,,,9026,0.09591108089,,0,,,90668,,64161.0,0.7076476817,,-0.0277,-2511.5036,,26507.0,0.2923523183,,,,,59118.0,0.6520271761,,31550.0,0.3479728239,,,,,,,,,,,40931.0,0.4514382141,-0.0607,-5503.5476,,,20710.0,0.2284157586,0.0004,36.2672,,,20157.0,0.2223165836,0.0012,108.8016,,,2040.0,0.02249966912,0.0225,2040.03,,,6830,0.07532977456,,0,,
,West,Fraser,107467,323866,77401.0,0.7202303963,0.6655530374,0.0546,5867.6982,0.02948141392,30066.0,0.2797696037,0.3344469626,,,,,0.458,,,,,0.22,,,,,0.322,,,,63649.0,0.5922655327,,43818.0,0.4077344673,,,,,,,,,,,45786.0,0.4260470656,0.005,537.335,0.4350379478,0.01142581809,18125.0,0.1686564248,-0.0764,-8609.7452,0.2455892252,-0.01725890584,27171.0,0.2528311016,0.0642,7234.8906,0.2121185923,0.04314726461,5135.0,0.04778210986,0.0188,2118.6284,0.05894413121,0.03201248665,,0,,0,0,0,11250,0.1046832981,-0.0117,-1318.5081,0.04831010356,-0.07021869353,,92101,278266,61251.0,0.6650416391,0.6348889192,-0.0155,-1427.5655,-0.002807263194,30850.0,0.3349583609,0.3651110808,0.6656303963,0.3343696037,,,,,,,,,,,,,,,,,,41474.0,0.4503099858,,0,0.4547914585,0,27732.0,0.3011042225,,0,0.328042233,0,22895.0,0.2485857917,,0,0.2171663085,0,,0,,0,0,0,,0,,0,0,0,,38732.0,0.4205383221,-0.0873,-8040.4173,0.4237168752,-0.05780536142,22730.0,0.2467942802,0.0073,672.3373,0.262669532,-0.03597386637,17078.0,0.1854268683,0.0466,4291.9066,0.171048565,0.02626256064,2695.0,0.02926135438,0.0293,2698.5593,0.02775761322,0.02777338841,,0,,0,0,0,10866,0.117979175,,0,0.1148074145,0,0.4210470656,,0.2450564248,,0.1886311016,,0.02898210986,,0,,0.1163832981,,92559,292014,59403.0,0.6417852397,0.6336956447,-0.056,-5183.304,-0.01599753779,33156.0,0.3582147603,0.3663043553,,,,,,,,,,,,,,,,,,,46709.0,0.5046402835,-0.08,-7404.72,0.4867506352,2.131404659e-05,23929.0,0.2585269936,0.005,462.795,0.300331491,0.00266265316,7645.0,0.08259596582,-0.015,-1388.385,0.1331819707,-0.02114729088,,0,,0,0,0,5306.0,0.05732559773,0.0425,3933.7575,0.01817036169,0.01347112638,8970,0.09691115937,,0,0.06156554138,0,0,186251,,#DIV/0!,0.6524797182,,0,0.01307032875,,#DIV/0!,0.3475202818,,,,,,,,,,,,,,,,,,,,#DIV/0!,,0,0.4872027533,0.01114068846,,#DIV/0!,,0,0.2947098271,-0.002695322827,,#DIV/0!,,0,0.1557360766,0.01455086571,,#DIV/0!,,0,0.04180917149,0.02665350805,0,#DIV/0!,,0,0.02054217159,0,0,177505,,#DIV/0!,0.6391876285,,0,-0.06838469339,,#DIV/0!,0.3608123715,,,,,,,,,,,,,,,,,,,,#DIV/0!,,0,0.4698346525,-0.1024479643,,#DIV/0!,,0,0.2992028394,0.04366153066,,#DIV/0!,,0,0.1326328836,-0.00281981747,,#DIV/0!,,0,0,0,0,#DIV/0!,,0,0.09832962452,0
,,Gellibrand,105202,,68489.0,0.6510237448,,0.039,4102.878,,36713.0,0.3489762552,,,,,,0.488,,,,,0.312,,,,,0.2,,,,,,,,,,,,,,,,,,,49044.0,0.4661888557,0.0381,4008.1962,,,27539.0,0.2617725899,-0.0103,-1160.7379,,,17933.0,0.1704625387,0.0147,1656.5871,,,6290.0,0.05978973784,0.0287,3234.2891,,,,0,,0,,,4396,0.04178627783,-0.0711,-8012.4723,,,,92197,,56738.0,0.6153996334,,-0.0148,-1364.5156,,35459.0,0.3846003666,,0.6120237448,0.3879762552,,,,,,,,,,,,,,,,,,42389.0,0.4597655021,,0,,,31093.0,0.3372452466,,0,,,18715.0,0.2029892513,,0,,,,0,,0,,,,0,,0,,,,39382.0,0.427150558,-0.063,-5808.411,,,24869.0,0.269737627,-0.038,-3503.486,,,15241.0,0.1653090665,0.0267,2461.6599,,,2802.0,0.03039144441,0.0304,2802.7888,,,,0,,0,,,9903,0.1074113041,,0,,,0.4280888557,,0.2720725899,,0.1557625387,,0.03108973784,,0,,0.1128862778,,98531,,63878.0,0.6483035796,,-0.003,-295.593,,34653.0,0.3516964204,,,,,,,,,,,,,,,,,,,,47942.0,0.4865676792,0.024,2364.744,,,28895.0,0.2932579594,-0.005,-492.655,,,16303.0,0.1654606165,-0.024,-2364.744,,,,0,,0,,,,0,,0,,,5391,0.05471374491,,0,,,92417,,63060.0,0.6823419934,,0.017,1571.089,,29357.0,0.3176580066,,,,,,,,,,,,,,,,,,,,43340.0,0.4689613383,0.0086,794.7862,,,24607.0,0.2662605365,-0.0008,-73.9336,,,19855.0,0.2148414253,0.0475,4389.8075,,,4615.0,0.04993669996,0.0499,4611.6083,,,0,0,,0,,,87388,,58139.0,0.6652972948,,-0.076,-6641.488,,29249.0,0.3347027052,,,,,,,,,,,,,,,,,,,,40236.0,0.4604293496,-0.129,-11273.052,,,23343.0,0.2671190552,0.0429,3748.9452,,,14623.0,0.1673341878,0.015,1310.82,,,,0,,0,,,9186,0.1051174074,,0,,
,,Maribyrnong,111197,,69660.0,0.6264557497,,-0.0038,-422.5486,,41537.0,0.3735442503,,,,,,0.429,,,,,0.339,,,,,0.232,,,,,,,,,,,,,,,,,,,46064.0,0.4142557803,-0.0076,-845.0972,,,33874.0,0.3046305206,0.0371,4180.9103,,,23594.0,0.2121819833,0.0451,5082.4543,,,7665.0,0.06893171578,0.0445,5014.8385,,,,0,,0,,,0,0,-0.119,-13410.467,,,,93968,,58679.0,0.624457262,,0.0214,2010.9152,,35289.0,0.375542738,,0.6302557497,0.3697442503,,,,,,,,,,,,,,,,,,42690.0,0.4543035927,,0,,,32458.0,0.3454154606,,0,,,18820.0,0.2002809467,,0,,,,0,,0,,,,0,,0,,,,39792.0,0.4234633067,-0.0238,-2236.4384,,,25493.0,0.2712944832,-0.0764,-7179.1552,,,15278.0,0.1625872637,0.0059,554.4112,,,2227.0,0.0236995573,0.0237,2227.0416,,,,0,,0,,,11178,0.1189553891,,0,,,0.4218557803,,0.2675305206,,0.1670819833,,0.02443171578,,0,,0.119,,100924,,61767.0,0.6120149816,,0.008,807.392,,39157.0,0.3879850184,,,,,,,,,,,,,,,,,,,,47487.0,0.4705223733,0.05,5046.2,,,34877.0,0.3455768697,0.008,807.392,,,14943.0,0.148061908,-0.024,-2422.176,,,,0,,0,,,,0,,0,,,3617,0.03583884903,,0,,,93834,,58465.0,0.6230683974,,0.0092,863.2728,,35369.0,0.3769316026,,,,,,,,,,,,,,,,,,,,47402.0,0.5051687022,0.0262,2458.4508,,,30283.0,0.322729501,-0.0076,-713.1384,,,9151.0,0.0975232858,-0.0015,-140.751,,,3172.0,0.03380437794,0.0338,3171.5892,,,3826,0.04077413304,,0,,,90117,,55320.0,0.6138686374,,-0.061,-5497.137,,34797.0,0.3861313626,,,,,,,,,,,,,,,,,,,,43162.0,0.4789551361,-0.0767,-6911.9739,,,29767.0,0.3303150349,0.0444,4001.1948,,,8920.0,0.09898243395,-0.0201,-1811.3517,,,,0,,0,,,8268,0.09174739505,,0,,
Outer metro,East,Aston,109849,334786,58690.0,0.5342788737,0.5245081933,0.0604,6634.8796,0.03177407777,51159.0,0.4657211263,0.4754918067,,,,,0.406,,,,,0.438,,,,,0.156,,,,,,,,,,,,,,,,,,,40926.0,0.3725659769,0.0475,5217.8275,0.3557944478,0.03164723256,41382.0,0.3767171299,-0.0515,-5803.6895,0.3900611137,-0.02766951008,12669.0,0.1153310453,-0.0069,-777.5817,0.1147748114,-0.0165613126,3738.0,0.03402853007,0.0034,383.1562,0.02668271672,0.002490929131,4543.0,0.04135677157,0.0414,4665.4902,0.05904966157,0.0594456871,6591,0.0600005462,-0.034,-3831.562,0.05363724887,-0.04991956623,,98160,299448,46320.0,0.4718826406,0.4878576581,0.0732,7185.312,0.0604513024,51840.0,0.5281173594,0.5121423419,0.4738788737,0.5261211263,,,,,,,,,,,,,,,,,,34414.0,0.350590872,,0,0.3538878203,0,48703.0,0.4961593317,,0,0.4828284043,0,15043.0,0.1532497963,,0,0.1632837755,0,,0,,0,0,0,,0,,0,0,0,,31949.0,0.3254788101,0.0274,2689.584,0.3286981379,0.01966580608,42260.0,0.4305215974,-0.1164,-11425.824,0.4221500895,-0.08853589004,11855.0,0.1207722086,0.0322,3160.752,0.1337394139,0.03941897792,3022.0,0.03078647107,0.0308,3023.328,0.02551361171,0.02552312956,,0,,0,0.004244476503,0.004252545684,9074,0.0924409128,,0,0.08565427052,0,0.3250659769,,0.4282171299,,0.1222310453,,0.03062853007,,-4.322843176e-05,,0.0940005462,,100090,295685,39910.0,0.398741133,0.4249420836,-0.027,-2702.43,-0.002549601772,60180.0,0.601258867,0.5750579164,,,,,,,,,,,,,,,,,,,29839.0,0.2981216905,-0.012,-1201.08,0.3078478787,0.01447063936,54744.0,0.546947747,0.053,5304.77,0.514544194,0.01603476335,8867.0,0.08859026876,-0.001,-100.09,0.09422527352,-0.008233579654,,0,,0,0,0,,0,,0,0.005458511592,0.00546076196,6640,0.06634029374,,0,0.07792414225,0,85586,263111,35444.0,0.4141331526,0.4175538081,-0.0039,-333.7854,0.003055029626,50142.0,0.5858668474,0.5824461919,,,,,,,,,,,,,,,,,,,26593.0,0.310716706,-0.0156,-1335.1416,0.2891631289,-0.0128027969,43532.0,0.5086345898,-0.0073,-624.7778,0.5086294378,-0.01057293065,7186.0,0.08396233029,0.0252,2156.7672,0.09765460205,0.01004169708,2104.0,0.02458345991,0.0246,2105.4156,0.03305449031,0.02515115173,6171,0.07210291403,,0,0.071498341,0,85341,262387,35669.0,0.4179585428,0.413717143,-0.0753,-6426.1773,-0.05683359808,49672.0,0.5820414572,0.586282857,,,,,,,,,,,,,,,,,,,27850.0,0.3263378681,-0.0671,-5726.3811,0.3030676062,-0.06289218711,44030.0,0.5159302094,0.0604,5154.5964,0.5213749157,0.0444441996,5017.0,0.05878768704,-0.0389,-3319.7649,0.08476029681,-0.02621639906,,0,,0,0.01069412738,0.01069189785,8444,0.09894423548,,0,0.08010305389,0
,,Deakin,115507,,61014.0,0.5282277265,,0.0284,3280.3988,,54493.0,0.4717722735,,,,,,0.387,,,,,0.448,,,,,0.164,,,,,,,,,,,,,,,,,,,40177.0,0.3478317331,0.0187,2159.9809,,,44732.0,0.3872665726,-0.0277,-3121.5961,,,13758.0,0.1191096643,-0.0229,-2580.6697,,,3043.0,0.0263447237,0.0039,439.5027,,,8259.0,0.07150216004,0.0715,8057.5495,,,5538,0.04794514618,-0.0437,-4924.6841,,,,100269,,49947.0,0.4981300302,,0.045,4512.105,,50322.0,0.5018699698,,0.4998277265,0.5001722735,,,,,,,,,,,,,,,,,,35158.0,0.350636787,,0,,,47720.0,0.4759197758,,0,,,17391.0,0.1734434372,,0,,,,0,,0,,,,0,,0,,,,32844.0,0.3275588666,0.004,401.076,,,41626.0,0.4151432646,-0.0621,-6226.7049,,,13904.0,0.1386669858,0.0458,4592.3202,,,2306.0,0.02299813502,0.023,2306.187,,,1271.0,0.01267590182,0.0127,1273.4163,,,8318,0.08295684608,,0,,,0.3291317331,,0.4149665726,,0.1420096643,,0.0224447237,,2.160042249e-06,,0.09164514618,,97269,,43981.0,0.4521584472,,0.017,1653.573,,53288.0,0.5478415528,,,,,,,,,,,,,,,,,,,,31648.0,0.3253657383,0.025,2431.725,,,46536.0,0.4784258088,-0.025,-2431.725,,,8730.0,0.08975110261,-0.024,-2334.456,,,,0,,0,,,1614.0,0.01659315918,0.0166,1614.6654,,,8741,0.08986419106,,0,,,90268,,40004.0,0.4431692294,,-0.025,-2256.7,,50264.0,0.5568307706,,,,,,,,,,,,,,,,,,,,28021.0,0.3104200824,-0.0169,-1525.5292,,,45161.0,0.5002991093,0.0415,3746.122,,,10587.0,0.1172840874,0.009,812.412,,,,0,,0,,,6499,0.07199672088,,0,,,88240,,41314.0,0.4682003626,,-0.0378,-3335.472,,46926.0,0.5317996374,,,,,,,,,,,,,,,,,,,,28883.0,0.3273232094,-0.0565,-4985.56,,,40482.0,0.4587715322,0.0201,1773.624,,,9560.0,0.1083408885,-0.0193,-1703.032,,,1519.0,0.01721441523,0.0172,1517.728,,,7796,0.08834995467,,0,,
,,Menzies,109430,,55894.0,0.5107740108,,0.0066,722.238,,53536.0,0.4892259892,,,,,,0.382,,,,,0.462,,,,,0.156,,,,,,,,,,,,,,,,,,,38012.0,0.3473636114,0.0294,3217.242,,,44473.0,0.4064059216,-0.003,-338.079,,,11998.0,0.1096408663,-0.0194,-2186.2442,,,2152.0,0.01966553961,0.0001,11.2693,,,6967.0,0.06366627068,0.0637,7178.5441,,,5828,0.05325779037,-0.0706,-7956.1258,,,,101019,,49821.0,0.4931844504,,0.0634,6404.6046,,51198.0,0.5068155496,,0.5041740108,0.4958259892,,,,,,,,,,,,,,,,,,36399.0,0.360318356,,0,,,48159.0,0.4767320999,,0,,,16461.0,0.1629495441,,0,,,,0,,0,,,,0,,0,,,,33635.0,0.3329571665,0.0277,2798.2263,,,42526.0,0.4209703125,-0.0877,-8859.3663,,,14289.0,0.1414486384,0.0401,4050.8619,,,2312.0,0.02288678367,0.0229,2313.3351,,,,0,,0,,,8257,0.08173709896,,0,,,0.3179636114,,0.4094059216,,0.1290408663,,0.01956553961,,-3.372932468e-05,,0.1238577904,,98326,,41758.0,0.4246892989,,0.003,294.978,,56568.0,0.5753107011,,,,,,,,,,,,,,,,,,,,29539.0,0.3004190143,0.031,3048.106,,,50863.0,0.517289425,0.019,1868.194,,,10264.0,0.1043874458,-,,,,,0,,0,,,,0,,0,,,7660,0.07790411488,,0,,,87257,,34415.0,0.3944096176,,0.0389,3394.2973,,52842.0,0.6055903824,,,,,,,,,,,,,,,,,,,,21468.0,0.246031837,-0.0106,-924.9242,,,45133.0,0.5172421697,-0.0716,-6247.6012,,,7921.0,0.09077781725,0.0045,,,,6593.0,0.07555840792,0.0611,5331.4027,,,6142,0.07038976816,,0,,,88806,,31571.0,0.3555052587,,-0.058,-5150.748,,57235.0,0.6444947413,,,,,,,,,,,,,,,,,,,,22788.0,0.2566042835,-0.0652,-5790.1512,,,52290.0,0.5888115668,0.0533,4733.3598,,,7663.0,0.08628921469,-0.0209,-1856.0454,,,1287.0,0.01449226404,0.0145,1287.687,,,4778,0.05380267099,,0,,
,North,Calwell,89832,297476,58127.0,0.6470634072,0.6388986002,0.0232,2084.1024,0.00580837681,31704.0,0.3529254609,0.3610980382,,,,,0.436,,,,,0.254,,,,,0.31,,,,48721.0,0.5423568439,,,,,,,,,,41111.0,0.4576431561,,,27417.0,0.3052030457,-0.143,-12845.976,0.396835375,-0.04067495731,14110.0,0.1570709769,-0.079,-8902.747,0.2240214337,-0.03386745216,7440.0,0.08282126636,-0.015,-1690.395,0.113837755,-0.01526687161,3376.0,0.0375812628,-0.032,-3606.176,0.04731137974,-0.005644575361,27506.0,0.306193784,0.3062,34506.5966,0.1149370033,0.1388035176,9983,0.1111296643,,0,0.1030570533,-0.01791868554,,84995,277360,53032.0,0.6239425849,0.6342479089,-0.0723,-6145.1385,-0.01855010924,31963.0,0.3760574151,0.3657520911,0.6238634072,0.3761254609,,,,,,,,,,,,,,,,,,47024.0,0.5532560739,,0,0.5251766657,0,24365.0,0.2866639214,,0,0.2994988463,0,,0,,0,0.07312518027,0,,0,,0,0,0,13606.0,0.1600800047,,0,0.1021993078,0,,38127.0,0.4485793282,-0.0957,-8134.0215,0.4387294491,-0.07587975519,20111.0,0.2366139185,-0.0063,-535.4685,0.2503100663,-0.04055017919,8277.0,0.09738219895,0.0301,2558.3495,0.1264962504,0.03143613463,5957.0,0.07008647568,0.0701,5958.1495,0.05097346409,0.05098364076,,0,,0,0.01135708105,0.01135224005,12523,0.1473380787,,0,0.1221336891,0,0.4482030457,,0.2360709769,,0.09782126636,,0.0695812628,,-6.216047734e-06,,0.1111296643,,87452,277028,60164.0,0.6879659699,0.6542840435,-0.009,-787.068,0.007647569921,27288.0,0.3120340301,0.3457159565,,,,,,,,,,,,,,,,,,,47115.0,0.5387526872,-0.048,-4197.696,0.5186046176,-0.008662312113,21978.0,0.2513150071,-0.005,-437.26,0.2895627879,-0.01847134586,5893.0,0.06738553721,-0.013,-1136.876,0.09367284173,0.02092374417,,0,,0,0,0,,0,,0,0.005793638188,0.005799621338,12466,0.1425467685,,0,0.09236611462,0,89848,277956,60978.0,0.6786795477,0.632772813,0.0401,3602.9048,0.02816881881,28870.0,0.3213204523,0.367227187,,,,,,,,,,,,,,,,,,,51040.0,0.5680705191,0.07,6289.36,0.5102210422,0.05001826602,24855.0,0.2766338705,-0.0083,-745.7384,0.3239217718,-0.0079730511,7609.0,0.08468747218,0.0308,2767.3184,0.1028903855,0.01667752285,3115.0,0.03466966432,0.0347,3117.7256,0.01120680971,0.01125418947,3229,0.03593847387,,0,0.05175999079,0,85972,268073,54906.0,0.638649793,0.6035930511,-0.062,-5330.264,-0.06815172658,31066.0,0.361350207,0.3964069489,,,,,,,,,,,,,,,,,,,42819.0,0.4980575071,-0.078,-6705.816,0.459262962,-0.08800824402,24490.0,0.284860187,0.0297,2553.3684,0.3330473416,0.04519324997,4632.0,0.05387800679,-0.058,-4986.376,0.08682336528,-0.03090062781,,0,,0,0,0,14031,0.1632042991,,0,0.1208663312,0
,,Jagajaga,111099,,69858.0,0.6287905382,,0.0067,744.3633,,41241.0,0.3712094618,,,,,,0.459,,,,,0.347,,,,,0.194,,,,,,,,,,,,,,,,,,,47284.0,0.4256023907,0.0181,2010.8919,,,32724.0,0.2945481057,0.0021,236.6553,,,17334.0,0.1560230065,-0.0109,-1228.3537,,,4297.0,0.03867721582,0.0156,1758.0108,,,6685.0,0.0601715587,0.0602,6784.1186,,,2775,0.02497772257,-0.0851,-9590.1743,,,,101243,,63122.0,0.6234702646,,0.0646,6540.2978,,38121.0,0.3765297354,,0.6220905382,0.3779094618,,,,,,,,,,,,,,,,,,45372.0,0.4481495017,,0,,,35589.0,0.351520599,,0,,,20282.0,0.2003298994,,0,,,,0,,0,,,,0,,0,,,,41412.0,0.4090356864,-,,,,29535.0,0.2917238723,-0.1004,-10164.7972,,,16855.0,0.1664806456,0.0226,2288.0918,,,2274.0,0.02246081211,0.0225,2277.9675,,,3150.0,0.03111326215,0.0311,3148.6573,,,8017,0.07918572148,,0,,,0.4075023907,,0.2924481057,,0.1669230065,,0.02307721582,,-2.84413001e-05,,0.1100777226,,97767,,55304.0,0.5656714433,,0.01,977.67,,42463.0,0.4343285567,,,,,,,,,,,,,,,,,,,,41086.0,0.4202440496,0.009,879.903,,,37755.0,0.3861732486,-0.015,-1466.505,,,13929.0,0.1424713861,0.008,782.136,,,,0,,0,,,,0,,0,,,4997,0.05111131568,,0,,,92430,,50536.0,0.5467488911,,0.0154,1423.422,,41894.0,0.4532511089,,,,,,,,,,,,,,,,,,,,36238.0,0.3920588553,0.0121,1118.403,,,37920.0,0.4102564103,-0.0091,-841.113,,,13696.0,0.1481769988,0.0187,1728.441,,,,0,,0,,,4576,0.04950773558,,0,,,91605,,48669.0,0.53129196,,-0.0802,-7346.721,,42936.0,0.46870804,,,,,,,,,,,,,,,,,,,,34813.0,0.3800338409,-0.09,-8244.45,,,38422.0,0.4194312538,0.0701,6421.5105,,,11863.0,0.1295016648,-0.0192,-1758.816,,,,0,,0,,,6507,0.07103324054,,0,,
,,Scullin,96545,,62072.0,0.6429333471,,-0.0114,-1100.613,,34473.0,0.3570666529,,,,,,0.502,,,,,0.305,,,,,0.193,,,,,,,,,,,,,,,,,,,43348.0,0.4489926977,-0.0131,-1264.7395,,,19807.0,0.2051582164,-0.0125,-1408.6625,,,9090.0,0.09415298565,-0.0144,-1622.7792,,,6401.0,0.0663006888,0.0015,169.0395,,,,0,,0,,,17899,0.1853954115,0.0378,4259.7954,,,,91122,,59761.0,0.6558350343,,-0.0608,-5540.2176,,31361.0,0.3441649657,,0.6543333471,0.3456666529,,,,,,,,,,,,,,,,,,53267.0,0.5845679419,,0,,,23115.0,0.2536709027,,0,,,,0,,0,,,,0,,0,,,14740.0,0.1617611554,,0,,,,42147.0,0.462533746,-0.1417,-12911.9874,,,19780.0,0.2170716183,-0.006,-546.732,,,9953.0,0.1092271899,0.0425,3872.685,,,5907.0,0.06482517943,0.0648,5904.7056,,,,0,,0,,,13335,0.1463422664,,0,,,0.4620926977,,0.2176582164,,0.1085529857,,0.0648006888,,0,,0.1475954115,,91809,,65787.0,0.7165637356,,0.021,1927.989,,26022.0,0.2834362644,,,,,,,,,,,,,,,,,,,,55467.0,0.6041564552,0.01,918.09,,,20484.0,0.2231153808,-0.035,-3213.315,,,6128.0,0.06674726879,0.067,6151.203,,,,0,,0,,,1605.0,0.01748194621,0.0175,1606.6575,,,8125,0.0884989489,,0,,,95678,,64369.0,0.6727669893,,0.0293,2803.3654,,31309.0,0.3272330107,,,,,,,,,,,,,,,,,,,,54541.0,0.5700474508,0.0674,6448.6972,,,27261.0,0.284924434,-0.0065,-621.907,,,7294.0,0.07623487113,0.0013,124.3814,,,,0,,0,,,6582,0.06879324401,,0,,,90496,,58232.0,0.6434759547,,-0.0618,-5592.6528,,32264.0,0.3565240453,,,,,,,,,,,,,,,,,,,,45484.0,0.5026078501,-0.0955,-8642.368,,,26369.0,0.2913830446,0.0347,3140.2112,,,6780.0,0.07492043847,-0.017,-1538.432,,,,0,,0,,,11863,0.1310886669,,0,,
,Southeast,Bruce,109494,426080,70751.0,0.6461632601,0.6247817311,0.0931,10193.8914,0.05309908139,38743.0,0.3538367399,0.3752182689,,,,,0.497,,,,,0.321,,,,,0.182,,,,,,,,,,,,,,,,,,,49610.0,0.4530841873,0.0505,5529.447,0.4448507323,0.03407930764,25162.0,0.2298025463,-0.087,-9804.291,0.2721249531,-0.03660512392,13213.0,0.1206732789,0.0236,2659.5548,0.1224746526,0.0210796848,8931.0,0.08156611321,0.0347,3910.4471,0.07057125422,0.03380155229,,0,,0,0.007583082989,0.007828841532,12578,0.1148738744,-0.0218,-2456.7074,0.08239532482,-0.0606206243,,95290,378092,53920.0,0.5658516109,0.567004856,-0.0069,-657.501,0.002634910022,41370.0,0.4341483891,0.432995144,0.5530632601,0.4469367399,,,,,,,,,,,,,,,,,,47565.0,0.4991604576,,0,0.4682987209,0,32493.0,0.3409906601,,0,0.3701612306,0,,0,,0,0.08192186029,0,,0,,0,0,0,15232.0,0.1598488824,,0,0.07961818817,0,,39516.0,0.4146919929,-0.0657,-6260.553,0.406186854,-0.04784271447,28837.0,0.3026235702,-0.0543,-5174.247,0.310837045,-0.05569531913,9273.0,0.09731346416,0.021,2001.09,0.1041413201,0.0180729013,4544.0,0.04768601112,0.0375,3573.375,0.0387683421,0.03589958211,,0,,0,0.0168503962,0.01684944088,13120,0.1376849617,,0,0.1232160427,0,0.4025841873,,0.3168025463,,0.0970732789,,0.04686611321,,0,,0.1366738744,,93040,381392,59689.0,0.6415412726,0.579396002,0.001,93.04,0.01021345492,33351.0,0.3584587274,0.420603998,,,,,,,,,,,,,,,,,,,51713.0,0.5558147034,0.014,1302.56,0.473027751,0.02285831638,27170.0,0.2920249355,-0.011,-1023.44,0.3509197886,-0.01930530006,6801.0,0.07309759243,0.008,744.32,0.08516958929,0.001918023975,,0,,0,0,0,,0,,0,0,0,7356,0.0790627687,,0,0.09088287117,0,83012,364405,44894.0,0.5408133764,0.5590730094,0.0228,1892.6736,0.03397263155,38118.0,0.4591866236,0.4409269906,,,,,,,,,,,,,,,,,,,36804.0,0.4433575869,0.0244,2025.4928,0.442019182,0.03272739727,33248.0,0.4005204067,-0.0291,-2415.6492,0.3800579026,-0.02724622383,5890.0,0.07095359707,0.0046,381.8552,0.08301752171,0.01581306923,,0,,0,0.003106433776,0.002973374114,7070,0.08516840939,,0,0.09179895995,0,82645,346710,42812.0,0.5180228689,0.5232759367,-0.0591,-4884.3195,-0.05454398806,39833.0,0.4819771311,0.4767240633,,,,,,,,,,,,,,,,,,,34626.0,0.4189727146,-0.0681,-5628.1245,0.4058550374,-0.07183219319,35501.0,0.429560167,0.0524,4330.598,0.4107611549,0.03591190332,5491.0,0.06644080102,-0.0283,-2338.8535,0.06714256872,-0.03608139396,682.0,0.008252162865,0.0083,685.9535,0.005589685905,0.005605288858,6345,0.07677415452,,0,0.1106515532,0
,,Dunkley,109171,,62314.0,0.5707926098,,0.0031,338.4301,,46857.0,0.4292073902,,,,,,0.428,,,,,0.394,,,,,0.179,,,,,,,,,,,,,,,,,,,41792.0,0.3828122853,-0.0217,-2369.0107,,,35285.0,0.3232085444,0.0057,642.3501,,,12649.0,0.1158641031,0.0097,1093.1221,,,7494.0,0.06864460342,0.0387,4361.2191,,,3231.0,0.02959577177,0.0296,3335.7128,,,8720,0.079874692,-0.0711,-8012.4723,,,,95722,,53865.0,0.5627233029,,0.0353,3378.9866,,41857.0,0.4372766971,,0.5676926098,0.4323073902,,,,,,,,,,,,,,,,,,42547.0,0.4444850714,,0,,,38842.0,0.4057792357,,0,,,14333.0,0.1497356929,,0,,,,0,,0,,,,0,,0,,,,38506.0,0.4022690709,0.0171,1636.8462,,,31108.0,0.3249827626,-0.0738,-7064.2836,,,9898.0,0.1034036063,0.0195,1866.579,,,2689.0,0.02809176574,0.0281,2689.7882,,,3698.0,0.03863270721,0.0386,3694.8692,,,9823,0.1026200873,,0,,,0.4045122853,,0.3175085444,,0.1061641031,,0.02994460342,,-4.228229108e-06,,0.150974692,,96828,,51066.0,0.5273887718,,0.017,1646.076,,45762.0,0.4726112282,,,,,,,,,,,,,,,,,,,,37301.0,0.3852294791,0.02,1936.56,,,38616.0,0.3988102615,-0.012,-1161.936,,,8125.0,0.08391167844,-0.011,-1065.108,,,,0,,0,,,,0,,0,,,12786,0.132048581,,0,,,89293,,43368.0,0.4856819684,,0.0414,3696.7302,,45925.0,0.5143180316,,,,,,,,,,,,,,,,,,,,29620.0,0.3317169319,0.0229,2044.8097,,,38158.0,0.4273347295,-0.0602,-5375.4386,,,8616.0,0.09649132631,0.0033,294.6669,,,1132.0,0.01267736553,0.0127,1134.0211,,,11767,0.1317796468,,0,,,87934,,39073.0,0.4443446221,,-0.0453,-3983.4102,,48861.0,0.5556553779,,,,,,,,,,,,,,,,,,,,27155.0,0.3088111538,-0.0744,-6542.2896,,,42869.0,0.4875133623,0.0142,1248.6628,,,8199.0,0.09324038483,-0.0237,-2084.0358,,,1256.0,0.01428343985,0.0143,1257.4562,,,8455,0.0961516592,,0,,
,,Holt,99234,,63538.0,0.6402845799,,0.0692,6866.9928,,35696.0,0.3597154201,,,,,,0.494,,,,,0.334,,,,,0.173,,,,,,,,,,,,,,,,,,,44686.0,0.4503093698,0.0422,4187.6748,,,24840.0,0.2503174315,-0.0451,-5082.4543,,,11122.0,0.1120785215,0.0266,2997.6338,,,8655.0,0.08721809057,0.0385,4338.6805,,,,0,,0,,,9931,0.1000765867,-0.0622,-7009.5046,,,,88896,,50777.0,0.5711955544,,-0.0151,-1342.3296,,38119.0,0.4288044456,,0.5710845799,0.4289154201,,,,,,,,,,,,,,,,,,44277.0,0.4980764039,,0,,,29748.0,0.3346382289,,0,,,,0,,0,,,,0,,0,,,14871.0,0.1672853672,,0,,,,36326.0,0.4086348092,-0.0968,-8605.1328,,,26274.0,0.2955588553,-0.0621,-5520.4416,,,7583.0,0.08530192585,0.0137,1217.8752,,,4295.0,0.04831488481,0.047,4178.112,,,2673.0,0.03006884449,0.0301,2675.7696,,,11745,0.1321206803,,0,,,0.4081093698,,0.2954174315,,0.08547852147,,0.04871809057,,0,,0.1622765867,,94687,,55577.0,0.5869549146,,-0.012,-1136.244,,39110.0,0.4130450854,,,,,,,,,,,,,,,,,,,,48031.0,0.5072607644,0.019,1799.053,,,33963.0,0.3586870426,0.021,1988.427,,,6735.0,0.07112908847,0.006,568.122,,,,0,,0,,,,0,,0,,,5958,0.06292310454,,0,,,99630,,63929.0,0.6416641574,,0.0508,5061.204,,35701.0,0.3583358426,,,,,,,,,,,,,,,,,,,,53506.0,0.5370470742,0.0551,5489.613,,,29777.0,0.2988758406,-0.0274,-2729.862,,,6317.0,0.06340459701,0.0246,2450.898,,,,0,,0,,,10030,0.1006724882,,0,,,89423,,52836.0,0.5908547018,,-0.0488,-4363.8424,,36587.0,0.4091452982,,,,,,,,,,,,,,,,,,,,43096.0,0.481934178,-0.0692,-6188.0716,,,29181.0,0.326325442,0.0272,2432.3056,,,3469.0,0.03879315165,-0.0532,-4757.3036,,,,0,,0,,,13677,0.1529472283,,0,,
,,Isaacs,108181,,69604.0,0.6434031854,,0.0483,5225.1423,,38577.0,0.3565968146,,,,,,0.512,,,,,0.324,,,,,0.164,,,,,,,,,,,,,,,,,,,53454.0,0.4941163421,0.0663,7172.4003,,,30660.0,0.2834139082,-0.012,-1352.316,,,15200.0,0.1405052643,0.0198,2231.3214,,,4989.0,0.04611715551,0.0159,1791.8187,,,,0,,0,,,3878,0.03584732994,-0.0741,-8350.5513,,,,98184,,55818.0,0.5685040332,,-0.0039,-382.9176,,42366.0,0.4314959668,,0.5951031854,0.4048968146,,,,,,,,,,,,,,,,,,42671.0,0.4346023792,,0,,,38872.0,0.3959097205,,0,,,16641.0,0.1694879003,,0,,,,0,,0,,,,0,,0,,,,39228.0,0.3995355659,-0.0495,-4860.108,,,31306.0,0.3188503218,-0.0336,-3298.9824,,,12621.0,0.1285443657,0.0178,1747.6752,,,3130.0,0.03187892121,0.0319,3132.0696,,,,0,,0,,,11899,0.1211908254,,0,,,0.4278163421,,0.2954139082,,0.1207052643,,0.03021715551,,0,,0.1099473299,,96837,,54645.0,0.5642987701,,0.034,3292.458,,42192.0,0.4357012299,,,,,,,,,,,,,,,,,,,,43364.0,0.4478040418,0.038,3679.806,,,34089.0,0.3520245361,-0.074,-7165.938,,,10822.0,0.1117548045,0.005,484.185,,,,0,,0,,,,0,,0,,,8562,0.08841661762,,0,,,92470,,51538.0,0.5573483292,,0.0187,1729.189,,40932.0,0.4426516708,,,,,,,,,,,,,,,,,,,,41144.0,0.4449443063,0.0316,2922.052,,,37312.0,0.4035038391,0.0014,129.458,,,9429.0,0.1019682059,0.0314,2903.558,,,,0,,0,,,4585,0.04958364875,,0,,,86708,,46704.0,0.53863542,,-0.0655,-5679.374,,40004.0,0.46136458,,,,,,,,,,,,,,,,,,,,35837.0,0.4133067306,-0.0755,-6546.454,,,34864.0,0.4020851594,0.0512,4439.4496,,,6120.0,0.07058172256,-0.0384,-3329.5872,,,,0,,0,,,9887,0.1140263874,,0,,
,West,Gorton,113430,212714,68380.0,0.6028387552,0.6165132525,0.003,340.29,0.003560098536,45050.0,0.3971612448,0.3834867475,,,,,0.47,,,,,0.364,,,,,0.165,,,,,,,,,,,,,,,,,,,48834.0,0.4305210262,0.0174,1973.682,0.4288293201,0.006804802693,33087.0,0.2916953187,0.0175,1972.1275,0.2771608827,0.01531082909,12244.0,0.1079432249,0.0178,2005.9354,0.1289289845,0.03560165104,7137.0,0.06291986247,-0.0098,-1104.3914,0.06639431349,0.01101955866,,0,,0,0.009877111991,-0.003549569375,12128,0.1069205678,-0.043,-4845.799,0.08880938725,-0.06489884305,,92434,180956,55434.0,0.5997143908,0.6136685161,-0.0427,-3946.9318,-0.02005046862,37000.0,0.4002856092,0.3863314839,0.5998387552,0.4001612448,,,,,,,,,,,,,,,,,,47340.0,0.5121492092,,0,0.5346272022,0,28562.0,0.3089988532,,0,0.3022392184,0,,0,,0,0,0,,0,,0,0,0,16532.0,0.1788519376,,0,0.1631335794,0,,38178.0,0.4130298375,-0.1013,-9363.5642,0.4267612016,-0.08828752625,25350.0,0.2742497349,-0.0056,-517.6304,0.2621244944,-0.02795601693,8325.0,0.09006426207,0.0158,1460.4572,0.09680253763,0.01986028316,6719.0,0.07268970292,0.0727,6719.9518,0.05641150335,0.05640994827,2341.0,0.02532617868,0.0253,2338.5802,0.02694577687,0.02133755499,11521,0.1246402839,,0,0.1309544862,0,0.4131210262,,0.2741953187,,0.0901432249,,0.07271986247,,0,,0.1499205678,,94641,188118,61861.0,0.6536384865,0.638971284,-0.038,-3596.358,-0.02806187606,32780.0,0.3463615135,0.361028716,,,,,,,,,,,,,,,,,,,47398.0,0.500818884,-0.112,-10599.792,0.5088827225,-0.06081866169,24677.0,0.2607432297,-0.027,-2555.307,0.2811320554,-0.01358353268,6730.0,0.07111082934,-0.029,-2744.589,0.07443732126,-0.02353403183,,0,,0,0,0,8363.0,0.08836550755,0.0884,8366.2644,0.04445613923,0.04447349217,7473,0.07896154943,,0,0.09109176155,0,98105,204865,68135.0,0.6945109831,0.6631977156,0.0333,3266.8965,0.02261696483,29970.0,0.3054890169,0.3368022844,,,,,,,,,,,,,,,,,,,61110.0,0.6229040314,0.1156,11340.938,0.5682376199,0.09791261868,27305.0,0.2783242444,0.0235,2305.4675,0.29470627,0.02201671026,9690.0,0.09877172417,0.0349,3423.8645,0.09841114881,0.03976623449,,0,,0,0,0,0,0,,0,0.03864496132,0,87614,180995,57933.0,0.6612299404,0.640758032,-0.0751,-6579.8114,-0.08774031879,29681.0,0.3387700596,0.359241968,,,,,,,,,,,,,,,,,,,44449.0,0.507327596,-0.1212,-10618.8168,0.4786485815,-0.1496707843,22328.0,0.2548451161,0.034,2978.876,0.2743114451,0.04626421342,5597.0,0.06388248453,-0.0258,-2260.4412,0.06194646261,-0.01767499442,,0,,0,0.01017707671,0.00977899882,15240,0.1739448033,,0,0.1749164342,0
,,Lalor,99284,,62761.0,0.6321360944,,0.0042,416.9928,,36523.0,0.3678639056,,,,,,0.471,,,,,0.332,,,,,0.197,,,,,,,,,,,,,,,,,,,42384.0,0.4268965795,-0.0053,-526.2052,,,25869.0,0.2605555779,0.0114,1284.7002,,,15181.0,0.1529047984,0.0494,5567.0342,,,6986.0,0.07036380484,0.0306,3448.4058,,,2101.0,0.02116151646,-0.0067,-755.0431,,,6763,0.0681177229,-0.0795,-8959.0935,,,,88522,,55613.0,0.6282393077,,0.0036,318.6792,,32909.0,0.3717606923,,0.6279360944,0.3720639056,,,,,,,,,,,,,,,,,,49404.0,0.5580985518,,0,,,26130.0,0.295180859,,0,,,,0,,0,,,,0,,0,,,12988.0,0.1467205892,,0,,,,39047.0,0.4410993877,-0.0747,-6612.5934,,,22083.0,0.2494634102,-0.0513,-4541.1786,,,9192.0,0.1038385938,0.0241,2133.3802,,,3489.0,0.039413931,0.0394,3487.7668,,,2535.0,0.02863694901,0.0172,1522.5784,,,12176,0.1375477282,,0,,,0.4321965795,,0.2491555779,,0.1035047984,,0.03976380484,,0.02786151646,,0.1476177229,,93477,,58341.0,0.6241214416,,-0.018,-1682.586,,35136.0,0.3758785584,,,,,,,,,,,,,,,,,,,,48332.0,0.5170469741,-0.009,-841.293,,,28209.0,0.3017747681,-,,,,7273.0,0.07780523551,-0.018,-1682.586,,,,0,,0,,,,0,,0,,,9663,0.1033730222,,0,,,106760,,67731.0,0.6344230049,,0.0128,1366.528,,39029.0,0.3655769951,,,,,,,,,,,,,,,,,,,,55302.0,0.5180029974,0.0663,7078.188,,,33070.0,0.3097602098,0.0172,1836.272,,,10471.0,0.09807980517,0.038,4056.88,,,,0,,0,,,7917,0.07415698764,,0,,,93381,,58041.0,0.6215504225,,-0.0996,-9300.7476,,35340.0,0.3784495775,,,,,,,,,,,,,,,,,,,,42184.0,0.4517407181,-0.1878,-17536.9518,,,27321.0,0.2925755775,0.0613,5724.2553,,,5615.0,0.06013000503,-0.0114,-1064.5434,,,1842.0,0.01972564012,0.0197,1839.6057,,,16419,0.1758280592,,0,,
Provincial,East,La Trobe,103618,,49674.0,0.4793954718,,0.0637,6600.4666,,53944.0,0.5206045282,,,,,,0.355,,,,,0.477,,,,,0.175,,,,,,,,,,,,,,,,,,,33289.0,0.3212665753,0.059,6113.462,,,40547.0,0.3913123203,-0.0605,-6817.9265,,,13386.0,0.1291860488,0.02,2253.86,,,7956.0,0.07678202629,0.0263,2963.8259,,,,0,,0,,,8440,0.0814530294,-0.0806,-9083.0558,,,,91672,,37869.0,0.4130923292,,-0.0356,-3263.5232,,53803.0,0.5869076708,,0.4156954718,0.5843045282,,,,,,,,,,,,,,,,,,27307.0,0.2978772144,,0,,,50075.0,0.546240946,,0,,,14290.0,0.1558818396,,0,,,,0,,0,,,,0,,0,,,,23918.0,0.2609084562,-0.0755,-6921.236,,,41786.0,0.4558207522,-0.002,-183.344,,,9980.0,0.1088663932,0.0332,3043.5104,,,4555.0,0.04968801815,-0.0062,-568.3664,,,,0,0.0085,779.212,,,11433,0.1247163801,,0,,,0.2622665753,,0.4518123203,,0.1091860488,,0.05048202629,,0,,0.1620530294,,98689,,44913.0,0.4550963127,,-0.013,-1282.957,,53776.0,0.5449036873,,,,,,,,,,,,,,,,,,,,34040.0,0.3449219265,0.024,2368.536,,,45123.0,0.4572242094,0.016,1579.024,,,7752.0,0.07854978772,-0.004,-394.756,,,,0,,0,,,,0,,0,,,11774,0.1193040764,,0,,,92597,,44948.0,0.4854152942,,0.0255,2361.2235,,47649.0,0.5145847058,,,,,,,,,,,,,,,,,,,,29052.0,0.3137466657,-0.0069,-638.9193,,,39108.0,0.4223462963,-0.0382,-3537.2054,,,9773.0,0.1055433761,0.0053,490.7641,,,,0,,0,,,14664,0.1583636619,,0,,,88866,,40868.0,0.45988342,,-0.0567,-5038.7022,,47998.0,0.54011658,,,,,,,,,,,,,,,,,,,,28488.0,0.3205725474,-0.0735,-6531.651,,,40925.0,0.4605248351,0.0301,2674.8666,,,8905.0,0.1002070533,-0.0198,-1759.5468,,,,0,,0,,,10548,0.1186955641,,0,,
,North,Ballarat,104540,211157,63419.0,0.6066481729,0.5598630403,-0.0232,-2425.328,-0.06147279512,41121.0,0.3933518271,0.4401369597,,,,,0.458,,,,,0.355,,,,,0.187,,,,,,,,,,,,,,,,,,,44273.0,0.4235029654,-0.024,-2508.96,0.3790733909,-0.05510295752,29883.0,0.2858523053,0.015,1690.395,0.3446061461,0.07706526045,14984.0,0.1433326956,-0.0026,-293.0018,0.1281652988,-0.01430297078,8029.0,0.07680313756,0.0408,4597.8744,0.06294368645,0.018519145,2934.0,0.02806581213,0.0281,3166.6733,0.01920372045,0.02060054746,4437,0.04244308399,-0.0575,-6479.8475,0.06600775726,-0.04344260527,,96500,196279,60770.0,0.6297409326,0.6253241559,0.0274,2644.1,0.03004343511,35730.0,0.3702590674,0.3746758441,0.6298481729,0.3701518271,,,,,,,,,,,,,,,,,,47330.0,0.4904663212,,0,0.4837348876,0,32357.0,0.3353056995,,0,0.342441117,0,16813.0,0.1742279793,,0,0.1738239954,0,,0,,0,0,0,,0,,0,0,0,,43171.0,0.4473678756,-0.0215,-2074.75,0.4384269331,-0.01377303583,26142.0,0.2709015544,-0.0457,-4410.05,0.2685870623,-0.04864844685,14076.0,0.145865285,0.0561,5413.65,0.1431737476,0.04359451852,3476.0,0.03602072539,0.036,3474,0.04577158025,0.01403915447,2044.0,0.02118134715,0.0085,820.25,0.03241813949,0.02619068112,7591,0.07866321244,,0,0.07162253731,0,0.4475029654,,0.2708523053,,0.1459326956,,0.03600313756,,-3.418787067e-05,,0.09994308399,,102683,204344,62615.0,0.6097893517,0.6001203852,0.036,3696.588,0.04395998904,40068.0,0.3902106483,0.3998796148,,,,,,,,,,,,,,,,,,,49077.0,0.4779466903,0.045,4620.735,0.4571555808,0.04798499589,31462.0,0.3063993066,-0.04,-4107.32,0.311592217,-0.05044748561,9077.0,0.0883982743,-0.02,-2053.66,0.1001154915,-0.008557515758,,0,,0,0,0,3933.0,0.038302348,0.0383,3932.7589,0.01924695611,0.01924577624,9134,0.08895338079,,0,0.1118897545,0,97707,195210,56002.0,0.5731626189,0.5552994211,0.0243,2374.2801,0.02454973874,41705.0,0.4268373811,0.4447005789,,,,,,,,,,,,,,,,,,,42275.0,0.4326711495,0.0136,1328.8152,0.4081297065,0.01504384225,38039.0,0.3893170397,0.0093,908.6751,0.4023308232,-0.01063118907,10551.0,0.1079861218,0.0129,1260.4203,0.1091132626,0.01437513164,1802.0,0.0184428956,0.0184,1797.8088,0.01907689155,0.01819783258,5040,0.05158279345,,0,0.06134931612,0,93663,186182,51411.0,0.5488933731,0.5308622745,-0.0681,-6378.4503,-0.07480852445,42252.0,0.4511066269,0.4691377255,,,,,,,,,,,,,,,,,,,39251.0,0.4190662268,-0.0984,-9216.4392,0.3925191479,-0.1010834098,35592.0,0.3800006406,0.0405,3793.3515,0.3882921013,0.03910860234,8911.0,0.09513895562,-0.0183,-1714.0329,0.09405313081,-0.02734408482,,0,,0,0.004318355158,0.004323271315,9909,0.105794177,,0,0.1208172648,0
,,Bendigo,106617,,54800.0,0.5139893263,,-0.099,-10555.083,,51817.0,0.4860106737,,,,,,0.376,,,,,0.451,,,,,0.173,,,,,,,,,,,,,,,,,,,35771.0,0.3355093465,-0.0856,-9126.4152,,,42883.0,0.4022154065,0.1294,14582.4742,,,12079.0,0.1132933772,-0.0242,-2727.1706,,,5262.0,0.04935423056,-0.0061,-687.4273,,,1121.0,0.01051427071,0.0105,1183.2765,,,9501,0.08911336841,-0.0239,-2693.3627,,,,99779,,61968.0,0.6210525261,,0.0326,3252.7954,,37811.0,0.3789474739,,0.6129893263,0.3870106737,,,,,,,,,,,,,,,,,,47617.0,0.4772246665,,0,,,34857.0,0.3493420459,,0,,,17305.0,0.1734332876,,0,,,,0,,0,,,,0,,0,,,,42883.0,0.4297798134,-0.0063,-628.6077,,,26576.0,0.2663486305,-0.0515,-5138.6185,,,14026.0,0.1405706612,0.0315,3143.0385,,,5508.0,0.05520199641,-0.0072,-718.4088,,,4319.0,0.04328566131,0.0433,4320.4307,,,6467,0.06481323725,,0,,,0.4211093465,,0.2728154065,,0.1374933772,,0.05545423056,,1.42707073e-05,,0.1130133684,,101661,,60016.0,0.5903542165,,0.052,5286.372,,41645.0,0.4096457835,,,,,,,,,,,,,,,,,,,,44340.0,0.4361554578,0.051,5184.711,,,32210.0,0.3168373319,-0.061,-6201.321,,,11381.0,0.1119505022,0.003,304.983,,,,0,,0,,,,0,,0,,,13730,0.1350567081,,0,,,97503,,52398.0,0.5373988493,,0.0248,2418.0744,,45105.0,0.4626011507,,,,,,,,,,,,,,,,,,,,37396.0,0.3835369168,0.0179,1745.3037,,,40500.0,0.4153718347,-0.0316,-3081.0948,,,10749.0,0.1102427618,0.0172,1677.0516,,,1922.0,0.01971221398,0.0197,1920.8091,,,6936,0.07113627273,,0,,,92519,,47426.0,0.512608221,,-0.0816,-7549.5504,,45093.0,0.487391779,,,,,,,,,,,,,,,,,,,,33829.0,0.3656438137,-0.1038,-9603.4722,,,36701.0,0.3966860861,0.0377,3487.9663,,,8600.0,0.09295387974,-0.0365,-3376.9435,,,804.0,0.008690106897,0.0087,804.9153,,,12585,0.1360261136,,0,,
,West,Corangamite,104020,318064,60381.0,0.5804749087,0.5970779466,0.0021,218.442,0.003283941282,43639.0,0.4195250913,0.4029220534,,,,,0.411,,,,,0.399,,,,,0.191,,,,,,,,,,,,,,,,,,,38814.0,0.3731397808,-0.0109,-1133.818,0.3982028774,0.007526547487,35488.0,0.3411651605,0.001,112.693,0.2964560592,0.01360547311,14925.0,0.1434820227,-0.0098,-1104.3914,0.1339164445,0.003472230117,3343.0,0.03213805037,0.0077,867.7361,0.07649718296,0.03851340957,4565.0,0.04388579119,0.0439,4947.2227,0.02444162181,0.01739658151,6885,0.06618919439,-0.0319,-3594.9067,0.07048581418,-0.09169521983,,100967,285095,58160.0,0.5760297919,0.5939072941,0.0655,6613.3385,0.02384560129,42807.0,0.4239702081,0.4060927059,0.5783749087,0.4216250913,,,,,,,,,,,,,,,,,,41678.0,0.4127883368,,0,0.4520247637,0,40071.0,0.3968722454,,0,0.3528999106,0,19218.0,0.1903394178,,0,0.1950753258,0,,0,,0,0,0,,0,,0,0,0,,38573.0,0.3820357146,0.0241,2433.3047,0.3908837405,-0.03281720725,34463.0,0.3413293452,-0.0826,-8339.8742,0.2849751837,-0.07001355969,15349.0,0.1520199669,0.0649,6552.7583,0.131829741,0.03401181466,2548.0,0.02523596819,0.0252,2544.3684,0.03931321139,0.03408554342,,0,,0,0.02423051965,0.004587102545,10034,0.09937900502,,0,0.1287676038,0,0.3840397808,,0.3401651605,,0.1532820227,,0.02443805037,,-1.4208806e-05,,0.09808919439,,101620,200372,51895.0,0.5106770321,0.5563002815,0.01,1016.2,0.01542127643,49725.0,0.4893229679,0.4436997185,,,,,,,,,,,,,,,,,,,36047.0,0.3547234796,0.014,1422.68,0.414514004,0.02779961272,43017.0,0.4233123401,-0.013,-1321.06,0.3815054,-0.02039264967,9184.0,0.09037591025,-0.03,-3048.6,0.1102249815,-0.008314894297,,0,,0,0,0,5131.0,0.05049202913,0.0505,5131.81,0.02560737029,0.02561141277,8241,0.0810962409,,0,0.06814824427,0,98417,192852,46126.0,0.4686791916,0.5329579159,0.0081,797.1777,0.0151023671,52291.0,0.5313208084,0.4670420841,,,,,,,,,,,,,,,,,,,30267.0,0.3075383318,-0.0128,-1259.7376,0.3803642171,0.003704531571,45687.0,0.4642185801,-0.0183,-1801.0311,0.4089509054,-0.009271216038,11273.0,0.1145432192,-0.0041,-403.5097,0.1160734657,0.01900610514,1519.0,0.01543432537,0.0154,1515.6218,0.007876506336,0.007564039886,9671,0.09826554355,,0,0.08673490552,0,92801,183054,42744.0,0.4605984849,0.5182132048,-0.0422,-3916.2022,-0.04959560458,50057.0,0.5394015151,0.4817867952,,,,,,,,,,,,,,,,,,,29728.0,0.3203413756,-0.0729,-6765.1929,0.3769106384,-0.07363956046,44778.0,0.4825163522,0.0315,2923.2315,0.4181607613,0.03228886449,11007.0,0.1186086357,0.0034,315.5234,0.09614649229,-0.02322417647,694.0,0.00747836769,0.0075,696.0075,0.01448752827,0.01450117233,6594,0.0710552688,,0,0.09429457974,0
,,Corio,110227,,69698.0,0.6323133171,,0.0074,815.6798,,40529.0,0.3676866829,,,,,,0.467,,,,,0.313,,,,,0.219,,,,,,,,,,,,,,,,,,,47221.0,0.428397761,0.0094,1036.1338,,,27423.0,0.2487865949,-0.0014,-157.7702,,,17491.0,0.1586816297,0.0109,1228.3537,,,10953.0,0.09936766854,0.0602,6784.1186,,,3209.0,0.02911264935,0.0052,586.0036,,,3930,0.03565369646,-0.1147,-12925.8871,,,,96944,,60919.0,0.6283937118,,0.0252,2442.9888,,36025.0,0.3716062882,,0.6249133171,0.3750866829,,,,,,,,,,,,,,,,,,44965.0,0.463824476,,0,,,32029.0,0.330386615,,0,,,19950.0,0.2057889091,,0,,,,0,,0,,,,0,,0,,,,40846.0,0.421336029,-0.0547,-5302.8368,,,23822.0,0.2457294933,-0.0928,-8996.4032,,,14450.0,0.1490551246,0.0184,1783.7696,,,3788.0,0.03907410464,0.0391,3790.5104,,,,0,,0,,,14038,0.1448052484,,0,,,0.418997761,,0.2501865949,,0.1477816297,,0.03916766854,,0.02391264935,,0.1503536965,,98752,,59572.0,0.6032485418,,0.021,2073.792,,39180.0,0.3967514582,,,,,,,,,,,,,,,,,,,,47010.0,0.4760409916,0.042,4147.584,,,33426.0,0.3384842839,-0.028,-2765.056,,,12902.0,0.1306505185,0.014,1382.528,,,,0,,0,,,,0,,0,,,5414,0.05482420609,,0,,,94435,,56656.0,0.5999470535,,0.0224,2115.344,,37779.0,0.4000529465,,,,,,,,,,,,,,,,,,,,43087.0,0.4562609202,0.0212,2002.022,,,33180.0,0.3513527823,-0.0006,-56.661,,,11112.0,0.1176682374,0.0446,4211.801,,,,0,,0,,,7056,0.07471806004,,0,,,90253,,52117.0,0.577454489,,-0.0572,-5162.4716,,38136.0,0.422545511,,,,,,,,,,,,,,,,,,,,39267.0,0.4350769504,-0.0744,-6714.8232,,,31768.0,0.3519882996,0.0331,2987.3743,,,6593.0,0.07305020332,-0.0506,-4566.8018,,,1958.0,0.02169456971,0.0217,1958.4901,,,10667,0.1181899771,,0,,
,,Hawke,103817,,59830.0,0.5763025323,,0.0001,10.3817,,43987.0,0.4236974677,,,,,,0.441,,,,,0.391,,,,,0.168,,,,,,,,,,,,,,,,,,,40619.0,0.3912557674,0.024,2491.608,,,31381.0,0.3022722675,0.0388,4372.4884,,,10178.0,0.0980378936,0.0087,980.4291,,,10035.0,0.09666046987,0.0408,4597.8744,,,,0,,0,,,11604,0.1117736016,-0.1122,-12644.1546,,,,87184,,50241.0,0.5762639934,,-0.0259,-2258.0656,,36943.0,0.4237360066,,0.5762025323,0.4237974677,,,,,,,,,,,,,,,,,,42227.0,0.4843434575,,0,,,28510.0,0.327009543,,0,,,16447.0,0.1886469994,,0,,,,0,,0,,,,0,,0,,,,32020.0,0.3672692237,-0.0744,-6486.4896,,,22960.0,0.2633510736,-0.0301,-2624.2384,,,7785.0,0.08929390714,0.0156,1360.0704,,,4872.0,0.05588181318,0.0388,3382.7392,,,6908.0,0.07923472197,0.015,1307.76,,,12639,0.1449692604,,0,,,0.3672557674,,0.2634722675,,0.0893378936,,0.05586046987,,0,,0.2239736016,,,,,,,,0,,,,,,,,,,,,,,,,,,,,,,,,,,0,,,,,,0,,,,#DIV/0!,,0,,,,#DIV/0!,,0,,,,#DIV/0!,,0,,,0,,,0,,,,,,,,,0,,,,,,,,,,,,,,,,,,,,,,,,,,0,,,,,,0,,,,#DIV/0!,,0,,,,#DIV/0!,,0,,,0,#DIV/0!,,0,,,,,,,,,0,,,,,,,,,,,,,,,,,,,,,,,,,,0,,,,,,0,,,,#DIV/0!,,0,,,,#DIV/0!,,0,,,0,#DIV/0!,,0,,
Rural,East,Casey,110581,432781,52011.0,0.4703430065,0.4232903016,-0.015,-1658.715,-0.00567858247,58570.0,0.5296569935,0.5758778689,,,,,0.302,,,,,0.481,,,,,0.218,,,,,,,,,,,,,,,,,,,26822.0,0.242555231,-0.008,-884.648,0.2207652369,-0.01135108288,45195.0,0.4087049312,0.043,4845.799,0.4163445253,-0.01406120417,12100.0,0.1094220526,-0.022,-2479.246,0.07707824512,-0.02682044498,5603.0,0.05066874056,0.018,2028.474,0.08082147784,0.02421651829,11620.0,0.1050813431,0.025,2817.325,0.1501521555,0.1072557407,9241,0.0835677015,,0,0.05483835935,0,,99621,396141,48338.0,0.4852189799,0.4201079919,0.0314,3128.0994,0.004983577565,51283.0,0.5147810201,0.5798920081,0.4853430065,0.5146569935,,,,,,,,,,,,,,,,,,30293.0,0.3040824726,,0,0.3018546427,0,46231.0,0.4640688208,,0,0.5033132142,0,23097.0,0.2318487066,,0,0.05830499746,0,,0,,0,0.09993411437,0,,0,,0,0.03659303127,0,,24779.0,0.2487326969,-0.0378,-3765.6738,0.2282747809,-0.03763106621,36347.0,0.3648527921,-0.0874,-8706.8754,0.4305058048,-0.04968143767,12894.0,0.1294305418,0.0199,1982.4579,0.1016431018,0.02422770756,3260.0,0.03272402405,0.0323,3217.7583,0.05898152426,0.04101540739,11762.0,0.1180674757,0.1181,11765.2401,0.08705486178,0.08705391843,10579,0.1061924695,,0,0.09353992644,0,0.250555231,,0.3657049312,,0.1314220526,,0.03266874056,,0.08008134309,,0.0835677015,,99828,392939,45277.0,0.4535501062,0.4157337398,-0.001,-99.828,0.007397158338,54551.0,0.5464498938,0.5842662602,,,,,,,,,,,,,,,,,,,28551.0,0.2860019233,0.004,399.312,0.2662372531,0.006045859535,45168.0,0.4524582282,-0.023,-2296.044,0.4814080557,-0.02950018705,10919.0,0.1093781304,-0.019,-1896.732,0.07736569798,-0.02746693762,,0,,0,0,0,2302.0,0.02305966262,-0.0032,-319.4496,0.06665920156,0.0599769664,12888,0.1291020555,,0,0.1083297916,0,92231,384018,40528.0,0.4394184168,0.4061866892,0.0111,1023.7641,0.02257214219,51703.0,0.5605815832,0.5938133108,,,,,,,,,,,,,,,,,,,26165.0,0.2836898657,0.0052,479.6012,0.2630736059,0.009628493736,45680.0,0.4952781603,0.0035,322.8085,0.5122285935,-0.009404387195,10781.0,0.1168912838,0.008,737.848,0.1001541594,0.01461587727,2878.0,0.03120425887,0.0312,2877.6072,0.02328276279,0.02275502508,6727,0.07293643135,,0,0.1012608784,0,88529,364817,37914.0,0.4282664438,0.383329176,-0.0531,-4700.8899,-0.05002272783,50615.0,0.5717335562,0.616670824,,,,,,,,,,,,,,,,,,,24651.0,0.278451129,-0.0871,-7710.8759,0.2530611238,-0.08596121206,43538.0,0.4917936495,0.0306,2708.9874,0.5217931182,0.01524138047,9641.0,0.1089021677,-0.0126,-1115.4654,0.0849329938,-0.01507956674,1358.0,0.01533960623,0.0153,1354.4937,0.01747725572,0.01235810118,9341,0.1055134476,,0,0.1227355085,0
,,Flinders,114923,,51966.0,0.4521810256,,0.0138,1585.9374,,62597.0,0.5446864422,,,,,,0.259,,,,,0.459,,,,,0.282,,,,,,,,,,,,60090.0,0.5228718359,,54833.0,0.4771281641,,,25622.0,0.2229492791,-0.006,-689.538,,,47375.0,0.4122325383,-0.021,-2366.553,,,7305.0,0.06356429957,-0.032,-3606.176,,,6091.0,0.05300070482,0.02,2253.86,,,25386.0,0.2208957302,0.2209,24893.8837,,,3144,0.02735744803,,0,,,,98902,,42827.0,0.4330246102,,-0.0106,-1048.3612,,56075.0,0.5669753898,,0.4383810256,0.5584864422,,,,,,,,,,,,,,,,,,29664.0,0.2999332673,,0,,,50061.0,0.5061677216,,0,,,,0,,0,,,19177.0,0.1938990111,,0,,,,0,,0,,,,21487.0,0.217255465,-0.0301,-2976.9502,,,43013.0,0.4349052598,-0.0323,-3194.5346,,,9293.0,0.09396169946,0.0259,2561.5618,,,3373.0,0.03410446705,0.0341,3372.5582,,,12352.0,0.1248913065,0.1249,12352.8598,,,9384,0.09488180219,,0,,,0.2289492791,,0.4332325383,,0.09556429957,,0.03300070482,,-4.269815442e-06,,0.02735744803,,96952,,43009.0,0.4436112716,,0.014,1357.328,,53943.0,0.5563887284,,,,,,,,,,,,,,,,,,,,23982.0,0.2473595181,-0.028,-2714.656,,,45293.0,0.4671693209,-0.038,-3684.176,,,6599.0,0.06806460929,-0.042,-4071.984,,,,0,,0,,,15255.0,0.1573459031,0.1573,15250.5496,,,5823,0.06006064857,,0,,,101574,,42891.0,0.4222635714,,0.0404,4103.5896,,58683.0,0.5777364286,,,,,,,,,,,,,,,,,,,,27459.0,0.2703349282,0.0183,1858.8042,,,52412.0,0.5159981885,-0.0374,-3798.8676,,,10868.0,0.1069958848,0.0096,975.1104,,,3107.0,0.03058853644,0.0306,3108.1644,,,7728,0.07608246205,,0,,,93921,,35873.0,0.381948659,,-0.0267,-2507.6907,,58048.0,0.618051341,,,,,,,,,,,,,,,,,,,,23666.0,0.251977726,-0.0654,-6142.4334,,,51972.0,0.5533586738,0.0101,948.6021,,,9148.0,0.09740100723,-0.0176,-1653.0096,,,1186.0,0.01262763386,0.0126,1183.4046,,,7949,0.08463495917,,0,,
,,Gippsland,104758,,32102.0,0.3064396037,,-0.012,-1257.096,,72656.0,0.6935603963,,,,,,0.279,,,,,0.545,,,,,0.177,,,,,,,,,,,,,,,,,,,22291.0,0.2127856584,0.02,2095.16,,,55036.0,0.5253632181,-0.016,-1803.088,,,8897.0,0.08492907463,,,,,15118.0,0.1443135608,0.051,5747.343,,,,0,,0,,,3416,0.03260848813,,0,,,,100906,,29701.0,0.2943432502,,-0.039,-3935.334,,71205.0,0.7056567498,,0.3184396037,0.6815603963,,,,,,,,,,,,,,,,,,27111.0,0.2686757973,,0,,,59299.0,0.5876657483,,0,,,,0,,0,,,,0,,0,,,14496.0,0.1436584544,,0,,,,19404.0,0.1922977821,-0.0397,-4005.9682,,,54635.0,0.5414445127,0.0014,141.2684,,,8545.0,0.08468277407,0.0243,2452.0158,,,9443.0,0.09358214576,0.0936,9444.8016,,,,0,,0,,,8879,0.08799278536,,0,,,0.1927856584,,0.5413632181,,0.08492907463,,0.09331356078,,0,,0.03260848813,,96678,,32222.0,0.3332919589,,0.015,1450.17,,64456.0,0.6667080411,,,,,,,,,,,,,,,,,,,,22426.0,0.2319659074,0.03,2900.34,,,52202.0,0.5399573843,-0.021,-2030.238,,,5835.0,0.06035499286,-0.018,-1740.204,,,,0,,0,,,3043.0,0.0314756201,0.0315,3045.357,,,13172,0.1362460953,,0,,,89292,,28186.0,0.3156609775,,-0.0259,-2312.6628,,61106.0,0.6843390225,,,,,,,,,,,,,,,,,,,,17870.0,0.2001299109,-0.0314,-2803.7688,,,50309.0,0.5634211352,0.0258,2303.7336,,,7002.0,0.07841687945,0.0214,1910.8488,,,2956.0,0.03310486942,0.0331,2955.5652,,,11155,0.1249272051,,0,,,88415,,30201.0,0.3415823107,,-0.0439,-3881.4185,,58214.0,0.6584176893,,,,,,,,,,,,,,,,,,,,20467.0,0.2314878697,-0.0842,-7444.543,,,47533.0,0.5376123961,0.0076,671.954,,,5039.0,0.05699259175,-0.0087,-769.2105,,,1992.0,0.02253011367,0.0225,1989.3375,,,13384,0.1513770288,,0,,
,,Monash,102519,,47113.0,0.4595538388,,-0.011,-1127.709,,55406.0,0.5404461612,,,,,,0.284,,,,,0.443,,,,,0.272,,,,,,,,,,,,,,,,,,,20808.0,0.2029672549,-0.053,-5433.507,,,32580.0,0.3177947502,-0.06,-6761.58,,,5056.0,0.04931768745,-0.049,-5521.957,,,8166.0,0.07965352764,0.004,450.772,,,27977.0,0.2728957559,0.166,18707.038,,,7932,0.07737102391,,0,,,,96712,,45556.0,0.4710480602,,0.0396,3829.7952,,51156.0,0.5289519398,,0.4705538388,0.5294461612,,,,,,,,,,,,,,,,,,32509.0,0.3361423608,,0,,,43792.0,0.4528083382,,0,,,,0,,0,,,20411.0,0.211049301,,0,,,,0,,0,,,,24759.0,0.2560075275,-0.043,-4158.616,,,36546.0,0.377884854,-0.0819,-7920.7128,,,9533.0,0.09857101497,0.0269,2601.5528,,,7289.0,0.07536810323,0.0022,212.7664,,,10372.0,0.1072462569,0.1072,10367.5264,,,8213,0.08492224336,,0,,,0.2559672549,,0.3777947502,,0.09831768745,,0.07565352764,,0.1068957559,,0.07737102391,,99481,,42850.0,0.4307355173,,0.002,198.962,,56631.0,0.5692644827,,,,,,,,,,,,,,,,,,,,29656.0,0.2981071762,0.018,1790.658,,,46501.0,0.4674359928,-0.036,-3581.316,,,7047.0,0.07083764739,-0.031,-3083.911,,,,0,,0,,,5593.0,0.0562217911,0.0562,5590.8322,,,10684,0.1073973925,,0,,,100921,,44378.0,0.4397300859,,0.058,5853.418,,56543.0,0.5602699141,,,,,,,,,,,,,,,,,,,,29531.0,0.2926150157,0.0421,4248.7741,,,48304.0,0.4786318011,-0.025,-2523.025,,,9810.0,0.0972047443,0.021,2119.341,,,,0,,0,,,13276,0.1315484389,,0,,,93952,,35857.0,0.3816523331,,-0.0762,-7159.1424,,58095.0,0.6183476669,,,,,,,,,,,,,,,,,,,,23537.0,0.2505215429,-0.1071,-10062.2592,,,47316.0,0.5036188692,0.0131,1230.7712,,,7157.0,0.07617719687,-0.0209,-1963.5968,,,1840.0,0.01958446866,-0.0002,-18.7904,,,14102,0.1500979223,,0,,
,North,Indi,105775,315849,45836.0,0.433334909,0.4457573081,-0.014,-1480.85,0.007877547499,59925.0,0.5665327346,0.5541983669,,,,,0.123,,,,,0.375,,,,,0.503,,,,,,,,,,0.004,,43852.0,0.4145781139,,61923.0,0.5854218861,,,8824.0,0.08342235878,-0.002,-211.55,0.2325858242,0.03672189559,32478.0,0.3070479792,0.002,225.386,0.3649402088,0.01070381733,3838.0,0.0362845663,0.001,112.693,0.0749978629,0.004638320843,7622.0,0.07205861498,0.019,2141.167,0.08417629943,0.02782992506,46243.0,0.4371826991,0.03,3380.79,0.1464085687,0.01070381733,6770,0.06400378161,,0,0.096891236,0,,101564,292474,45441.0,0.447412469,0.4366610365,0.0747,7586.8308,0.02876820367,56123.0,0.552587531,0.5633389635,0.447334909,0.5525327346,,,,,,,,,,0.0755,,41703.0,0.4106080895,,59861.0,0.5893919105,,11790.0,0.1160844394,,0,0.2185801131,0,38920.0,0.383206648,,0,0.4293304704,0,,0,,0,0.05969761415,0,50854.0,0.5007089126,,0,0.2923918023,0,,0,,0,0,0,,8723.0,0.08588673152,-0.035,-3554.74,0.1878149853,-0.04758623365,30995.0,0.3051770312,-0.0457,-4641.4748,0.358541272,-0.04467304718,3626.0,0.03570162656,-0.0064,-650.0096,0.06909332112,0.009773811689,5366.0,0.05283368123,0.0528,5362.5792,0.05802908977,0.004512040386,41319.0,0.4068272222,0.0833,8460.2812,0.2243139561,0.1119535593,11535,0.1135737072,,0,0.1022073757,0,0.08542235878,,0.3050479792,,0.0352845663,,0.05305861498,,0.4071826991,,0.06400378161,,100956,292376,37624.0,0.3726772059,0.4072700906,-0.077,-7773.612,-0.02172747421,63332.0,0.6273227941,0.5927299094,,,,,,,,,,,,,,,,,,,12202.0,0.120864535,0.02,2019.12,0.2346499029,0.005196226776,44964.0,0.4453821467,-0.01,-1009.56,0.4343071935,-0.05140077161,4255.0,0.04214707397,0.003,302.868,0.05572276794,-0.0002735245027,,0,,0,0,0,32664.0,0.3235468917,-0.0106,-1070.1336,0.1447382822,0.02200343804,6871,0.06805935259,,0,0.1305818535,0,90137,291353,41099.0,0.4559614809,0.4416532522,0.047,4236.439,0.03228315548,49038.0,0.5440385191,0.5583467478,,,,,,,,,,0.0458,,40716.0,0.4517123934,,49421.0,0.5482876066,,,8826.0,0.0979176143,-0.0186,-1676.5482,0.249189128,0.004299156566,40412.0,0.4483397495,0.0015,135.2055,0.4731785841,-0.00730402256,3445.0,0.03821959905,0.004,360.548,0.05460043315,0.004536572085,33555.0,0.3722666607,0.0604,5444.2748,0.1484076018,0.05173819876,3899,0.0432563764,,0,0.07462425305,0,89043,279036,36418.0,0.4089934077,0.4051627747,-0.0011,-97.9473,-0.03725893612,52625.0,0.5910065923,0.5948372253,,,,,,,,,,0.0458,,44741.0,0.5024651011,,44302.0,0.4975348989,,,10375.0,0.1165167391,-0.1654,-14727.7122,0.2396429135,-0.09952221398,39785.0,0.4468065991,-0.0717,-6384.3831,0.484267263,-0.01680537852,3041.0,0.0341520389,-0.0621,-5529.5703,0.04914419645,-0.04083942287,28604.0,0.3212380535,0.3212,28600.6116,0.1067245803,0.1067272581,7238,0.08128656941,,0,0.1202210467,0
,,McEwen,104619,,57179.0,0.5465450826,,0.008,836.952,,47440.0,0.4534549174,,,,,,0.418,,,,,0.404,,,,,0.177,,,,,,,,,,,,,,,,,,,39078.0,0.3735267972,0.001,104.619,,,34024.0,0.3252181726,-0.002,-225.386,,,11614.0,0.11101234,-0.029,-3268.097,,,6869.0,0.06565728978,0.01,1126.93,,,,0,,0,,,13034,0.1245854004,,0,,,,95719,,50998.0,0.5327886835,,-0.02,-1914.38,,44721.0,0.4672113165,,0.5385450826,0.4614549174,,,,,,,,,,,,,,,,,,38118.0,0.398228147,,0,,,40141.0,0.4193629269,,0,,,17460.0,0.1824089261,,0,,,,0,,0,,,,0,,0,,,,35238.0,0.3681400767,-0.0298,-2852.4262,,,31796.0,0.3321806538,-0.0177,-1694.2263,,,13524.0,0.1412885634,0.0466,4460.5054,,,5387.0,0.05627931759,0.0051,488.1669,,,,0,,0,,,9774,0.1021113885,,0,,,0.3725267972,,0.3272181726,,0.14001234,,0.05565728978,,0,,0.1245854004,,96128,,52892.0,0.5502247004,,-0.01,-961.28,,43236.0,0.4497752996,,,,,,,,,,,,,,,,,,,,37911.0,0.3943804095,-0.028,-2691.584,,,33162.0,0.34497753,-0.013,-1249.664,,,8026.0,0.08349284288,-0.002,-192.256,,,,0,,0,,,1552.0,0.01614513981,0.0161,1547.6608,,,15477,0.1610040779,,0,,,113200,,65482.0,0.5784628975,,0.077,8716.4,,47718.0,0.4215371025,,,,,,,,,,,,,,,,,,,,50588.0,0.4468904594,0.0707,8003.24,,,38151.0,0.3370229682,-0.0664,-7516.48,,,8583.0,0.07582155477,0.0048,543.36,,,3013.0,0.02661660777,0.0266,3011.12,,,12865,0.1136484099,,0,,,101261,,50787.0,0.5015455111,,-0.0904,-9153.9944,,50474.0,0.4984544889,,,,,,,,,,,,,,,,,,,,38091.0,0.3761665399,-0.1019,-10318.4959,,,40853.0,0.403442589,0.0411,4161.8271,,,7187.0,0.07097500518,-0.0369,-3736.5309,,,,0,,0,,,15130,0.1494158659,,0,,
,,Nicholls,105455,,37777.0,0.3582286283,,0.0297,3132.0135,,67678.0,0.6417713717,,,,,,0.32,,,,,0.496,,,,,0.185,,,,,,,,,,,,,,,,,,,25560.0,0.2423782656,0.111,11705.505,,,48764.0,0.4624152482,0.03,3380.79,,,8236.0,0.07809966336,0.041,4620.413,,,12096.0,0.1147029539,0.049,5521.957,,,,0,,0,,,10799,0.1024038689,,0,,,,95191,,31273.0,0.3285289576,,0.0288,2741.5008,,63918.0,0.6714710424,,0.3285286283,0.6714713717,,,,,,,,,,,,51221.0,0.5380865838,,43970.0,0.4619134162,,14021.0,0.1472933366,,0,,,46507.0,0.4885650954,,0,,,,0,,0,,,34663.0,0.364141568,,0,,,,0,,0,,,,10970.0,0.1152419872,-0.0789,-7510.5699,,,42073.0,0.4419850616,-0.0707,-6730.0037,,,3058.0,0.03212488576,-0.01,-951.91,,,6219.0,0.06533180658,-0.0476,-4531.0916,,,24287.0,0.2551396666,0.2551,24283.2241,,,8584,0.09017659232,,0,,,0.1313782656,,0.4324152482,,0.03709966336,,0.06570295387,,0,,0.1024038689,,95292,,28560.0,0.2997103639,,0.025,2382.3,,66732.0,0.7002896361,,,,,,,,,,,,,,,,,,,,18493.0,0.1940666583,0.023,2191.716,,,48855.0,0.512687319,-0.134,-12769.128,,,4011.0,0.04209167611,-0.002,-190.584,,,,0,,0,,,8102.0,0.08502287705,0.0625,5955.75,,,15831,0.1661314696,,0,,,88016,,22096.0,0.2510452645,,-0.0403,-3547.0448,,65920.0,0.7489547355,,,,,,,,,,,,,48527.0,0.5513429376,,39489.0,0.4486570624,,,13188.0,0.1498363934,-0.0576,-5069.7216,,,59299.0,0.6737297764,0.0596,5245.7536,,,3880.0,0.04408289402,0.0048,422.4768,,,6671.0,0.07579303763,0.0758,6671.6128,,,4978,0.05655789856,,0,,,88732,,25850.0,0.2913266916,,-0.0129,-1144.6428,,62882.0,0.7086733084,,,,,,,,,,,,,48527.0,0.5468940179,,39489.0,0.4450367398,,,18403.0,0.2073998107,-0.0307,-2724.0724,,,54490.0,0.6140963801,-0.0278,-2466.7496,,,3485.0,0.03927557138,-0.024,-2129.568,,,1176.0,0.01325339224,0.0133,1180.1356,,,11178,0.1259748456,,0,,
,West,Mallee,111291,219707,34191.0,0.3072216082,0.3484458847,-0.003,-333.873,-0.01064858653,77100.0,0.6927783918,0.6514949455,,,,,0.279,,,,,0.534,,,,,0.187,,,,,,,,,,,,,,,,,,,19822.0,0.1781096405,0.024,2670.984,0.1423259159,-0.03225412026,51541.0,0.46311921,0.006,676.158,0.4499310445,0,9470.0,0.08509223567,0.038,4282.334,0.05871000924,0.006668012398,11409.0,0.1025150282,0.043,4845.799,0.07255572194,0.02718497362,,0,,0,0.1584155261,0.06873182011,19049,0.1711638857,,0,0.1180617823,0,,102229,203330,31706.0,0.3101468272,0.3594403187,-0.0331,-3383.7799,-0.01117232528,70523.0,0.6898531728,0.6405596813,0.3102216082,0.6897783918,,,,,,,,,,,,,,,,,,23434.0,0.2292304532,,0,0.2289922786,0,57483.0,0.562296413,,0,0.5290808046,0,,0,,0,0,0,21312.0,0.2084731338,,0,0.2419269168,0,,0,,0,0,0,,17133.0,0.1675943226,0.0022,224.9038,0.1791963803,-0.03295389121,50187.0,0.490927232,0.0237,2422.8273,0.4678847194,-0.02105035656,5463.0,0.05343884808,0.0168,1717.4472,0.05855997639,0.00650741799,6901.0,0.06750530671,0.0675,6900.4575,0.05004672208,0.05004736094,12452.0,0.1218049673,0.1218,12451.4922,0.1687011262,0.1207061024,10093,0.09872932338,,0,0.07561107559,0,0.1541096405,,0.45711921,,0.04709223567,,0.05951502817,,0,,0.1711638857,,94007,197896,31864.0,0.3389534822,0.3689816874,0.036,3384.252,0.01080155233,62143.0,0.6610465178,0.6310183126,,,,,,,,,,,,,,,,,,,14722.0,0.1566053592,-0.069,-6486.483,0.2115858835,-0.05325097021,43807.0,0.465997213,-0.163,-15323.141,0.489656183,-0.07375549784,3297.0,0.03507185635,-0.035,-3290.245,0.04996058536,-0.02660051744,,0,,0,0,0,20177.0,0.2146329529,0.2146,20173.9022,0.1565165541,0.1564860801,12004,0.1276926186,,0,0.09228079395,0,87466,176721,25083.0,0.2867742894,0.3492114689,0.0234,2046.7044,0.01718774169,62383.0,0.7132257106,0.6507885311,,,,,,,,,,,,,,,,,,,18742.0,0.2142775478,0.0393,3437.4138,0.2611630763,0.02269183207,56251.0,0.6431184689,-0.0167,-1460.6822,0.587162816,-0.009636158386,6222.0,0.07113621293,0.0404,3533.6264,0.0763123794,0.02556841422,,0,,0,0.03998958811,0.03572076242,6251,0.07146777033,,0,0.03537214027,0,85834,174036,22610.0,0.2634154298,0.3322760808,-0.004,-343.336,-0.02432280792,63224.0,0.7365845702,0.6677239192,,,,,,,,,,,,,,,,,,,15020.0,0.1749889321,-0.0333,-2858.2722,0.2359511825,-0.02549523087,56633.0,0.6597968171,0.003,257.502,0.5977211611,0.04349357489,2637.0,0.03072209148,-0.0467,-4008.4478,0.04772001195,-0.02201868464,595.0,0.006931984994,0.0069,592.2546,0.003418832885,0.003403057988,10949,0.1275601743,,0,0.1151888115,0
,,Wannon,108416,,42365.0,0.390763356,,-0.0185,-2005.696,,66038.0,0.6091167355,,,,,,0.137,,,,,0.487,,,,,0.376,,,,,,,,,,0.001,,57885.0,0.5339156582,,50531.0,0.4660843418,,,11448.0,0.1055932704,-0.09,-9757.44,,,47312.0,0.4363931523,-0.006,-676.158,,,3429.0,0.03162817296,-0.025,-2817.325,,,4532.0,0.04180194805,0.01,1126.93,,,34805.0,0.321031951,0.134,15100.862,,,6890,0.06355150531,,0,,,,101101,,41379.0,0.4092837855,,0.011,1112.111,,59722.0,0.5907162145,,0.409263356,0.5906167355,,,,,,,,,,,,54517.0,0.5392330442,,46584.0,0.4607669558,,23127.0,0.2287514466,,0,,,50095.0,0.4954946044,,0,,,,0,,0,,,27879.0,0.275753949,,0,,,,0,,0,,,,19303.0,0.190927884,-0.0685,-6925.4185,,,44948.0,0.4445851179,-0.0663,-6702.9963,,,6444.0,0.06373824196,-0.0039,-394.2939,,,3275.0,0.03239334923,0.0324,3275.6724,,,21850.0,0.2161205132,0.1196,12091.6796,,,5281,0.05223489382,,0,,,0.1955932704,,0.4423931523,,0.05662817296,,0.03180194805,,0.187031951,,0.06355150531,,103889,,41156.0,0.396153587,,-0.012,-1246.668,,62733.0,0.603846413,,,,,,,,,,,,,,,,,,,,27150.0,0.2613366189,-0.039,-4051.671,,,53094.0,0.511064694,0.007,727.223,,,6590.0,0.06343308724,-0.019,-1973.891,,,,0,,0,,,10797.0,0.1039282311,0.1039,10794.0671,,,6258,0.06023736873,,0,,,89255,,36630.0,0.4103971766,,0.0111,990.7305,,52625.0,0.5896028234,,,,,,,,,,,,,,,,,,,,27411.0,0.3071088454,0.0118,1053.209,,,47513.0,0.5323287211,-0.005,-446.275,,,7264.0,0.08138479637,0.0171,1526.2605,,,7067.0,0.07917763711,0.0792,7068.996,,,0,0,,0,,,88202,,35218.0,0.399287998,,-0.0441,-3889.7082,,52984.0,0.600712002,,,,,,,,,,,,,,,,,,,,26044.0,0.2952767511,-0.0179,-1578.8158,,,47392.0,0.5373120791,0.0829,7311.9458,,,5668.0,0.06426158137,0.002,176.404,,,,0,,0,,,9098,0.1031495884,,0,,
